_id,studentId,courseSectionId,status
6a71f26256c0266186cf5cd3,6a71f25b56c0266186cf5b11,6a71f25956c0266186cf5ab6,enrolled
6a71f26256c0266186cf5cd7,6a71f25b56c0266186cf5b14,6a71f25956c0266186cf5ab6,enrolled
6a71f26256c0266186cf5cdb,6a71f25b56c0266186cf5b17,6a71f25956c0266186cf5ab6,enrolled
6a71f26356c0266186cf5cdf,6a71f25b56c0266186cf5b1a,6a71f25956c0266186cf5ab6,enrolled
6a71f26356c0266186cf5ce3,6a71f25b56c0266186cf5b1d,6a71f25956c0266186cf5ab6,enrolled
6a71f26356c0266186cf5ce7,6a71f25b56c0266186cf5b20,6a71f25956c0266186cf5ab6,enrolled
6a71f26356c0266186cf5ceb,6a71f25b56c0266186cf5b23,6a71f25956c0266186cf5ab6,enrolled
6a71f26356c0266186cf5cef,6a71f25b56c0266186cf5b26,6a71f25956c0266186cf5ab6,enrolled
6a71f26356c0266186cf5cf3,6a71f25b56c0266186cf5b29,6a71f25956c0266186cf5ab6,enrolled
6a71f26356c0266186cf5cf7,6a71f25b56c0266186cf5b2c,6a71f25956c0266186cf5ab6,enrolled
6a71f26356c0266186cf5cfb,6a71f25b56c0266186cf5b2f,6a71f25956c0266186cf5ab6,enrolled
6a71f26356c0266186cf5cff,6a71f25b56c0266186cf5b32,6a71f25956c0266186cf5ab6,enrolled
6a71f26356c0266186cf5d03,6a71f25b56c0266186cf5b35,6a71f25956c0266186cf5ab6,enrolled
6a71f26356c0266186cf5d07,6a71f25b56c0266186cf5b38,6a71f25956c0266186cf5ab6,enrolled
6a71f26356c0266186cf5d0b,6a71f25b56c0266186cf5b3b,6a71f25956c0266186cf5ab6,enrolled
6a71f26356c0266186cf5d0f,6a71f25b56c0266186cf5b3e,6a71f25956c0266186cf5ab6,enrolled
6a71f26456c0266186cf5d13,6a71f25b56c0266186cf5b41,6a71f25956c0266186cf5ab6,enrolled
6a71f26456c0266186cf5d17,6a71f25c56c0266186cf5b44,6a71f25956c0266186cf5ab6,enrolled
6a71f26456c0266186cf5d1b,6a71f25c56c0266186cf5b47,6a71f25956c0266186cf5ab6,enrolled
6a71f26456c0266186cf5d1f,6a71f25c56c0266186cf5b4a,6a71f25956c0266186cf5ab6,enrolled
6a71f26456c0266186cf5d23,6a71f25c56c0266186cf5b4d,6a71f25956c0266186cf5ab6,enrolled
6a71f26456c0266186cf5d27,6a71f25c56c0266186cf5b50,6a71f25956c0266186cf5ab6,enrolled
6a71f26456c0266186cf5d2b,6a71f25c56c0266186cf5b53,6a71f25956c0266186cf5ab6,enrolled
6a71f26456c0266186cf5d2f,6a71f25c56c0266186cf5b56,6a71f25956c0266186cf5ab6,enrolled
6a71f26456c0266186cf5d33,6a71f25c56c0266186cf5b59,6a71f25956c0266186cf5ab6,enrolled
6a71f26456c0266186cf5d37,6a71f25c56c0266186cf5b5c,6a71f25956c0266186cf5abc,enrolled
6a71f26456c0266186cf5d3b,6a71f25c56c0266186cf5b5f,6a71f25956c0266186cf5abc,enrolled
6a71f26456c0266186cf5d3f,6a71f25c56c0266186cf5b62,6a71f25956c0266186cf5abc,enrolled
6a71f26456c0266186cf5d43,6a71f25c56c0266186cf5b65,6a71f25956c0266186cf5abc,enrolled
6a71f26556c0266186cf5d47,6a71f25c56c0266186cf5b68,6a71f25956c0266186cf5abc,enrolled
6a71f26556c0266186cf5d4b,6a71f25c56c0266186cf5b6b,6a71f25956c0266186cf5abc,enrolled
6a71f26556c0266186cf5d4f,6a71f25c56c0266186cf5b6e,6a71f25956c0266186cf5abc,enrolled
6a71f26556c0266186cf5d53,6a71f25c56c0266186cf5b71,6a71f25956c0266186cf5abc,enrolled
6a71f26556c0266186cf5d57,6a71f25c56c0266186cf5b74,6a71f25956c0266186cf5abc,enrolled
6a71f26556c0266186cf5d5b,6a71f25c56c0266186cf5b77,6a71f25956c0266186cf5abc,enrolled
6a71f26556c0266186cf5d5f,6a71f25c56c0266186cf5b7a,6a71f25956c0266186cf5abc,enrolled
6a71f26556c0266186cf5d63,6a71f25d56c0266186cf5b7d,6a71f25956c0266186cf5abc,enrolled
6a71f26556c0266186cf5d67,6a71f25d56c0266186cf5b80,6a71f25956c0266186cf5abc,enrolled
6a71f26556c0266186cf5d6b,6a71f25d56c0266186cf5b83,6a71f25956c0266186cf5abc,enrolled
6a71f26556c0266186cf5d6f,6a71f25d56c0266186cf5b86,6a71f25956c0266186cf5abc,enrolled
6a71f26556c0266186cf5d73,6a71f25d56c0266186cf5b89,6a71f25956c0266186cf5abc,enrolled
6a71f26656c0266186cf5d77,6a71f25d56c0266186cf5b8c,6a71f25956c0266186cf5abc,enrolled
6a71f26656c0266186cf5d7b,6a71f25d56c0266186cf5b8f,6a71f25956c0266186cf5abc,enrolled
6a71f26656c0266186cf5d7f,6a71f25d56c0266186cf5b92,6a71f25956c0266186cf5abc,enrolled
6a71f26656c0266186cf5d83,6a71f25d56c0266186cf5b95,6a71f25956c0266186cf5abc,enrolled
6a71f26656c0266186cf5d87,6a71f25d56c0266186cf5b98,6a71f25956c0266186cf5abc,enrolled
6a71f26656c0266186cf5d8b,6a71f25d56c0266186cf5b9b,6a71f25956c0266186cf5abc,enrolled
6a71f26656c0266186cf5d8f,6a71f25d56c0266186cf5b9e,6a71f25956c0266186cf5abc,enrolled
6a71f26656c0266186cf5d93,6a71f25d56c0266186cf5ba1,6a71f25956c0266186cf5abc,enrolled
6a71f26656c0266186cf5d97,6a71f25d56c0266186cf5ba4,6a71f25956c0266186cf5abc,enrolled
6a71f26656c0266186cf5d9b,6a71f25b56c0266186cf5b11,6a71f25956c0266186cf5ac2,enrolled
6a71f26656c0266186cf5d9f,6a71f25b56c0266186cf5b14,6a71f25956c0266186cf5ac2,enrolled
6a71f26656c0266186cf5da3,6a71f25b56c0266186cf5b17,6a71f25956c0266186cf5ac2,enrolled
6a71f26656c0266186cf5da7,6a71f25b56c0266186cf5b1a,6a71f25956c0266186cf5ac2,enrolled
6a71f26756c0266186cf5dab,6a71f25b56c0266186cf5b1d,6a71f25956c0266186cf5ac2,enrolled
6a71f26756c0266186cf5daf,6a71f25b56c0266186cf5b20,6a71f25956c0266186cf5ac2,enrolled
6a71f26756c0266186cf5db3,6a71f25b56c0266186cf5b23,6a71f25956c0266186cf5ac2,enrolled
6a71f26756c0266186cf5db7,6a71f25b56c0266186cf5b26,6a71f25956c0266186cf5ac2,enrolled
6a71f26756c0266186cf5dbb,6a71f25b56c0266186cf5b29,6a71f25956c0266186cf5ac2,enrolled
6a71f26756c0266186cf5dbf,6a71f25b56c0266186cf5b2c,6a71f25956c0266186cf5ac2,enrolled
6a71f26756c0266186cf5dc3,6a71f25b56c0266186cf5b2f,6a71f25956c0266186cf5ac2,enrolled
6a71f26756c0266186cf5dc7,6a71f25b56c0266186cf5b32,6a71f25956c0266186cf5ac2,enrolled
6a71f26756c0266186cf5dcb,6a71f25b56c0266186cf5b35,6a71f25956c0266186cf5ac2,enrolled
6a71f26756c0266186cf5dcf,6a71f25b56c0266186cf5b38,6a71f25956c0266186cf5ac2,enrolled
6a71f26756c0266186cf5dd3,6a71f25b56c0266186cf5b3b,6a71f25956c0266186cf5ac2,enrolled
6a71f26756c0266186cf5dd7,6a71f25b56c0266186cf5b3e,6a71f25956c0266186cf5ac2,enrolled
6a71f26756c0266186cf5ddb,6a71f25b56c0266186cf5b41,6a71f25956c0266186cf5ac2,enrolled
6a71f26856c0266186cf5ddf,6a71f25c56c0266186cf5b44,6a71f25956c0266186cf5ac2,enrolled
6a71f26856c0266186cf5de3,6a71f25c56c0266186cf5b47,6a71f25956c0266186cf5ac2,enrolled
6a71f26856c0266186cf5de7,6a71f25c56c0266186cf5b4a,6a71f25956c0266186cf5ac2,enrolled
6a71f26856c0266186cf5deb,6a71f25c56c0266186cf5b4d,6a71f25956c0266186cf5ac2,enrolled
6a71f26856c0266186cf5def,6a71f25c56c0266186cf5b50,6a71f25956c0266186cf5ac2,enrolled
6a71f26856c0266186cf5df3,6a71f25c56c0266186cf5b53,6a71f25956c0266186cf5ac2,enrolled
6a71f26856c0266186cf5df7,6a71f25c56c0266186cf5b56,6a71f25956c0266186cf5ac2,enrolled
6a71f26856c0266186cf5dfb,6a71f25c56c0266186cf5b59,6a71f25956c0266186cf5ac2,enrolled
6a71f26856c0266186cf5dff,6a71f25c56c0266186cf5b5c,6a71f25956c0266186cf5ac2,enrolled
6a71f26856c0266186cf5e03,6a71f25c56c0266186cf5b5f,6a71f25956c0266186cf5ac2,enrolled
6a71f26856c0266186cf5e07,6a71f25c56c0266186cf5b62,6a71f25956c0266186cf5ac2,enrolled
6a71f26856c0266186cf5e0b,6a71f25c56c0266186cf5b65,6a71f25956c0266186cf5ac2,enrolled
6a71f26956c0266186cf5e0f,6a71f25c56c0266186cf5b68,6a71f25956c0266186cf5ac2,enrolled
6a71f26956c0266186cf5e13,6a71f25c56c0266186cf5b6b,6a71f25956c0266186cf5ac2,enrolled
6a71f26956c0266186cf5e17,6a71f25c56c0266186cf5b6e,6a71f25956c0266186cf5ac2,enrolled
6a71f26956c0266186cf5e1b,6a71f25c56c0266186cf5b71,6a71f25956c0266186cf5ac2,enrolled
6a71f26956c0266186cf5e1f,6a71f25c56c0266186cf5b74,6a71f25956c0266186cf5ac2,enrolled
6a71f26956c0266186cf5e23,6a71f25c56c0266186cf5b77,6a71f25956c0266186cf5ac2,enrolled
6a71f26956c0266186cf5e27,6a71f25c56c0266186cf5b7a,6a71f25956c0266186cf5ac2,enrolled
6a71f26956c0266186cf5e2b,6a71f25d56c0266186cf5b7d,6a71f25956c0266186cf5ac2,enrolled
6a71f26956c0266186cf5e2f,6a71f25d56c0266186cf5b80,6a71f25956c0266186cf5ac2,enrolled
6a71f26956c0266186cf5e33,6a71f25d56c0266186cf5b83,6a71f25956c0266186cf5ac2,enrolled
6a71f26956c0266186cf5e37,6a71f25d56c0266186cf5b86,6a71f25956c0266186cf5ac2,enrolled
6a71f26956c0266186cf5e3b,6a71f25d56c0266186cf5b89,6a71f25956c0266186cf5ac2,enrolled
6a71f26956c0266186cf5e3f,6a71f25d56c0266186cf5b8c,6a71f25956c0266186cf5ac2,enrolled
6a71f26a56c0266186cf5e43,6a71f25d56c0266186cf5b8f,6a71f25956c0266186cf5ac2,enrolled
6a71f26a56c0266186cf5e47,6a71f25d56c0266186cf5b92,6a71f25956c0266186cf5ac2,enrolled
6a71f26a56c0266186cf5e4b,6a71f25d56c0266186cf5b95,6a71f25956c0266186cf5ac2,enrolled
6a71f26a56c0266186cf5e4f,6a71f25d56c0266186cf5b98,6a71f25956c0266186cf5ac2,enrolled
6a71f26a56c0266186cf5e53,6a71f25d56c0266186cf5b9b,6a71f25956c0266186cf5ac2,enrolled
6a71f26a56c0266186cf5e57,6a71f25d56c0266186cf5b9e,6a71f25956c0266186cf5ac2,enrolled
6a71f26a56c0266186cf5e5b,6a71f25d56c0266186cf5ba1,6a71f25956c0266186cf5ac2,enrolled
6a71f26a56c0266186cf5e5f,6a71f25d56c0266186cf5ba4,6a71f25956c0266186cf5ac2,enrolled
6a71f26a56c0266186cf5e63,6a71f25b56c0266186cf5b11,6a71f25956c0266186cf5ac8,enrolled
6a71f26a56c0266186cf5e67,6a71f25b56c0266186cf5b14,6a71f25956c0266186cf5ac8,enrolled
6a71f26a56c0266186cf5e6b,6a71f25b56c0266186cf5b17,6a71f25956c0266186cf5ac8,enrolled
6a71f26a56c0266186cf5e6f,6a71f25b56c0266186cf5b1a,6a71f25956c0266186cf5ac8,enrolled
6a71f26b56c0266186cf5e73,6a71f25b56c0266186cf5b1d,6a71f25956c0266186cf5ac8,enrolled
6a71f26b56c0266186cf5e77,6a71f25b56c0266186cf5b20,6a71f25956c0266186cf5ac8,enrolled
6a71f26b56c0266186cf5e7b,6a71f25b56c0266186cf5b23,6a71f25956c0266186cf5ac8,enrolled
6a71f26b56c0266186cf5e7f,6a71f25b56c0266186cf5b26,6a71f25956c0266186cf5ac8,enrolled
6a71f26b56c0266186cf5e83,6a71f25b56c0266186cf5b29,6a71f25956c0266186cf5ac8,enrolled
6a71f26b56c0266186cf5e87,6a71f25b56c0266186cf5b2c,6a71f25956c0266186cf5ac8,enrolled
6a71f26b56c0266186cf5e8b,6a71f25b56c0266186cf5b2f,6a71f25956c0266186cf5ac8,enrolled
6a71f26b56c0266186cf5e8f,6a71f25b56c0266186cf5b32,6a71f25956c0266186cf5ac8,enrolled
6a71f26b56c0266186cf5e93,6a71f25b56c0266186cf5b35,6a71f25956c0266186cf5ac8,enrolled
6a71f26b56c0266186cf5e97,6a71f25b56c0266186cf5b38,6a71f25956c0266186cf5ac8,enrolled
6a71f26b56c0266186cf5e9b,6a71f25b56c0266186cf5b3b,6a71f25956c0266186cf5ac8,enrolled
6a71f26b56c0266186cf5e9f,6a71f25b56c0266186cf5b3e,6a71f25956c0266186cf5ac8,enrolled
6a71f26b56c0266186cf5ea3,6a71f25b56c0266186cf5b41,6a71f25956c0266186cf5ac8,enrolled
6a71f26c56c0266186cf5ea7,6a71f25c56c0266186cf5b44,6a71f25956c0266186cf5ac8,enrolled
6a71f26c56c0266186cf5eab,6a71f25c56c0266186cf5b47,6a71f25956c0266186cf5ac8,enrolled
6a71f26c56c0266186cf5eaf,6a71f25c56c0266186cf5b4a,6a71f25956c0266186cf5ac8,enrolled
6a71f26c56c0266186cf5eb3,6a71f25c56c0266186cf5b4d,6a71f25956c0266186cf5ac8,enrolled
6a71f26c56c0266186cf5eb7,6a71f25c56c0266186cf5b50,6a71f25956c0266186cf5ac8,enrolled
6a71f26c56c0266186cf5ebb,6a71f25c56c0266186cf5b53,6a71f25956c0266186cf5ac8,enrolled
6a71f26c56c0266186cf5ebf,6a71f25c56c0266186cf5b56,6a71f25956c0266186cf5ac8,enrolled
6a71f26c56c0266186cf5ec3,6a71f25c56c0266186cf5b59,6a71f25956c0266186cf5ac8,enrolled
6a71f26c56c0266186cf5ec7,6a71f25c56c0266186cf5b5c,6a71f25956c0266186cf5ac8,enrolled
6a71f26c56c0266186cf5ecb,6a71f25c56c0266186cf5b5f,6a71f25956c0266186cf5ac8,enrolled
6a71f26c56c0266186cf5ecf,6a71f25c56c0266186cf5b62,6a71f25956c0266186cf5ac8,enrolled
6a71f26c56c0266186cf5ed3,6a71f25c56c0266186cf5b65,6a71f25956c0266186cf5ac8,enrolled
6a71f26c56c0266186cf5ed7,6a71f25c56c0266186cf5b68,6a71f25956c0266186cf5ac8,enrolled
6a71f26d56c0266186cf5edb,6a71f25c56c0266186cf5b6b,6a71f25956c0266186cf5ac8,enrolled
6a71f26d56c0266186cf5edf,6a71f25c56c0266186cf5b6e,6a71f25956c0266186cf5ac8,enrolled
6a71f26d56c0266186cf5ee3,6a71f25c56c0266186cf5b71,6a71f25956c0266186cf5ac8,enrolled
6a71f26d56c0266186cf5ee7,6a71f25c56c0266186cf5b74,6a71f25956c0266186cf5ac8,enrolled
6a71f26d56c0266186cf5eeb,6a71f25c56c0266186cf5b77,6a71f25956c0266186cf5ac8,enrolled
6a71f26d56c0266186cf5eef,6a71f25c56c0266186cf5b7a,6a71f25956c0266186cf5ac8,enrolled
6a71f26d56c0266186cf5ef3,6a71f25d56c0266186cf5b7d,6a71f25956c0266186cf5ac8,enrolled
6a71f26d56c0266186cf5ef7,6a71f25d56c0266186cf5b80,6a71f25956c0266186cf5ac8,enrolled
6a71f26d56c0266186cf5efb,6a71f25d56c0266186cf5b83,6a71f25956c0266186cf5ac8,enrolled
6a71f26d56c0266186cf5eff,6a71f25d56c0266186cf5b86,6a71f25956c0266186cf5ac8,enrolled
6a71f26d56c0266186cf5f03,6a71f25d56c0266186cf5b89,6a71f25956c0266186cf5ac8,enrolled
6a71f26d56c0266186cf5f07,6a71f25d56c0266186cf5b8c,6a71f25956c0266186cf5ac8,enrolled
6a71f26d56c0266186cf5f0b,6a71f25d56c0266186cf5b8f,6a71f25956c0266186cf5ac8,enrolled
6a71f26e56c0266186cf5f0f,6a71f25d56c0266186cf5b92,6a71f25956c0266186cf5ac8,enrolled
6a71f26e56c0266186cf5f13,6a71f25d56c0266186cf5b95,6a71f25956c0266186cf5ac8,enrolled
6a71f26e56c0266186cf5f17,6a71f25d56c0266186cf5b98,6a71f25956c0266186cf5ac8,enrolled
6a71f26e56c0266186cf5f1b,6a71f25d56c0266186cf5b9b,6a71f25956c0266186cf5ac8,enrolled
6a71f26e56c0266186cf5f1f,6a71f25d56c0266186cf5b9e,6a71f25956c0266186cf5ac8,enrolled
6a71f26e56c0266186cf5f23,6a71f25d56c0266186cf5ba1,6a71f25956c0266186cf5ac8,enrolled
6a71f26e56c0266186cf5f27,6a71f25d56c0266186cf5ba4,6a71f25956c0266186cf5ac8,enrolled
6a71f26e56c0266186cf5f2b,6a71f25b56c0266186cf5b11,6a71f25956c0266186cf5ace,enrolled
6a71f26e56c0266186cf5f2f,6a71f25b56c0266186cf5b14,6a71f25956c0266186cf5ace,enrolled
6a71f26e56c0266186cf5f33,6a71f25b56c0266186cf5b17,6a71f25956c0266186cf5ace,enrolled
6a71f26e56c0266186cf5f37,6a71f25b56c0266186cf5b1a,6a71f25956c0266186cf5ace,enrolled
6a71f26e56c0266186cf5f3b,6a71f25b56c0266186cf5b1d,6a71f25956c0266186cf5ace,enrolled
6a71f26e56c0266186cf5f3f,6a71f25b56c0266186cf5b20,6a71f25956c0266186cf5ace,enrolled
6a71f26f56c0266186cf5f43,6a71f25b56c0266186cf5b23,6a71f25956c0266186cf5ace,enrolled
6a71f26f56c0266186cf5f47,6a71f25b56c0266186cf5b26,6a71f25956c0266186cf5ace,enrolled
6a71f26f56c0266186cf5f4b,6a71f25b56c0266186cf5b29,6a71f25956c0266186cf5ace,enrolled
6a71f26f56c0266186cf5f4f,6a71f25b56c0266186cf5b2c,6a71f25956c0266186cf5ace,enrolled
6a71f26f56c0266186cf5f53,6a71f25b56c0266186cf5b2f,6a71f25956c0266186cf5ace,enrolled
6a71f26f56c0266186cf5f57,6a71f25b56c0266186cf5b32,6a71f25956c0266186cf5ace,enrolled
6a71f26f56c0266186cf5f5b,6a71f25b56c0266186cf5b35,6a71f25956c0266186cf5ace,enrolled
6a71f26f56c0266186cf5f5f,6a71f25b56c0266186cf5b38,6a71f25956c0266186cf5ace,enrolled
6a71f26f56c0266186cf5f63,6a71f25b56c0266186cf5b3b,6a71f25956c0266186cf5ace,enrolled
6a71f26f56c0266186cf5f67,6a71f25b56c0266186cf5b3e,6a71f25956c0266186cf5ace,enrolled
6a71f26f56c0266186cf5f6b,6a71f25b56c0266186cf5b41,6a71f25956c0266186cf5ace,enrolled
6a71f26f56c0266186cf5f6f,6a71f25c56c0266186cf5b44,6a71f25956c0266186cf5ace,enrolled
6a71f27056c0266186cf5f73,6a71f25c56c0266186cf5b47,6a71f25956c0266186cf5ace,enrolled
6a71f27056c0266186cf5f77,6a71f25c56c0266186cf5b4a,6a71f25956c0266186cf5ace,enrolled
6a71f27056c0266186cf5f7b,6a71f25c56c0266186cf5b4d,6a71f25956c0266186cf5ace,enrolled
6a71f27056c0266186cf5f7f,6a71f25c56c0266186cf5b50,6a71f25956c0266186cf5ace,enrolled
6a71f27056c0266186cf5f83,6a71f25c56c0266186cf5b53,6a71f25956c0266186cf5ace,enrolled
6a71f27056c0266186cf5f87,6a71f25c56c0266186cf5b56,6a71f25956c0266186cf5ace,enrolled
6a71f27056c0266186cf5f8b,6a71f25c56c0266186cf5b59,6a71f25956c0266186cf5ace,enrolled
6a71f27056c0266186cf5f8f,6a71f25c56c0266186cf5b5c,6a71f25a56c0266186cf5ad4,enrolled
6a71f27056c0266186cf5f93,6a71f25c56c0266186cf5b5f,6a71f25a56c0266186cf5ad4,enrolled
6a71f27056c0266186cf5f97,6a71f25c56c0266186cf5b62,6a71f25a56c0266186cf5ad4,enrolled
6a71f27056c0266186cf5f9b,6a71f25c56c0266186cf5b65,6a71f25a56c0266186cf5ad4,enrolled
6a71f27056c0266186cf5f9f,6a71f25c56c0266186cf5b68,6a71f25a56c0266186cf5ad4,enrolled
6a71f27156c0266186cf5fa3,6a71f25c56c0266186cf5b6b,6a71f25a56c0266186cf5ad4,enrolled
6a71f27156c0266186cf5fa7,6a71f25c56c0266186cf5b6e,6a71f25a56c0266186cf5ad4,enrolled
6a71f27156c0266186cf5fab,6a71f25c56c0266186cf5b71,6a71f25a56c0266186cf5ad4,enrolled
6a71f27156c0266186cf5faf,6a71f25c56c0266186cf5b74,6a71f25a56c0266186cf5ad4,enrolled
6a71f27156c0266186cf5fb3,6a71f25c56c0266186cf5b77,6a71f25a56c0266186cf5ad4,enrolled
6a71f27156c0266186cf5fb7,6a71f25c56c0266186cf5b7a,6a71f25a56c0266186cf5ad4,enrolled
6a71f27156c0266186cf5fbb,6a71f25d56c0266186cf5b7d,6a71f25a56c0266186cf5ad4,enrolled
6a71f27156c0266186cf5fbf,6a71f25d56c0266186cf5b80,6a71f25a56c0266186cf5ad4,enrolled
6a71f27156c0266186cf5fc3,6a71f25d56c0266186cf5b83,6a71f25a56c0266186cf5ad4,enrolled
6a71f27156c0266186cf5fc7,6a71f25d56c0266186cf5b86,6a71f25a56c0266186cf5ad4,enrolled
6a71f27156c0266186cf5fcb,6a71f25d56c0266186cf5b89,6a71f25a56c0266186cf5ad4,enrolled
6a71f27156c0266186cf5fcf,6a71f25d56c0266186cf5b8c,6a71f25a56c0266186cf5ad4,enrolled
6a71f27156c0266186cf5fd3,6a71f25d56c0266186cf5b8f,6a71f25a56c0266186cf5ad4,enrolled
6a71f27256c0266186cf5fd7,6a71f25d56c0266186cf5b92,6a71f25a56c0266186cf5ad4,enrolled
6a71f27256c0266186cf5fdb,6a71f25d56c0266186cf5b95,6a71f25a56c0266186cf5ad4,enrolled
6a71f27256c0266186cf5fdf,6a71f25d56c0266186cf5b98,6a71f25a56c0266186cf5ad4,enrolled
6a71f27256c0266186cf5fe3,6a71f25d56c0266186cf5b9b,6a71f25a56c0266186cf5ad4,enrolled
6a71f27256c0266186cf5fe7,6a71f25d56c0266186cf5b9e,6a71f25a56c0266186cf5ad4,enrolled
6a71f27256c0266186cf5feb,6a71f25d56c0266186cf5ba1,6a71f25a56c0266186cf5ad4,enrolled
6a71f27256c0266186cf5fef,6a71f25d56c0266186cf5ba4,6a71f25a56c0266186cf5ad4,enrolled
6a71f27256c0266186cf5ff3,6a71f25d56c0266186cf5ba7,6a71f25a56c0266186cf5ada,enrolled
6a71f27256c0266186cf5ff7,6a71f25d56c0266186cf5baa,6a71f25a56c0266186cf5ada,enrolled
6a71f27256c0266186cf5ffb,6a71f25d56c0266186cf5bad,6a71f25a56c0266186cf5ada,enrolled
6a71f27256c0266186cf5fff,6a71f25d56c0266186cf5bb0,6a71f25a56c0266186cf5ada,enrolled
6a71f27256c0266186cf6003,6a71f25d56c0266186cf5bb3,6a71f25a56c0266186cf5ada,enrolled
6a71f27256c0266186cf6007,6a71f25d56c0266186cf5bb6,6a71f25a56c0266186cf5ada,enrolled
6a71f27356c0266186cf600b,6a71f25e56c0266186cf5bb9,6a71f25a56c0266186cf5ada,enrolled
6a71f27356c0266186cf600f,6a71f25e56c0266186cf5bbc,6a71f25a56c0266186cf5ada,enrolled
6a71f27356c0266186cf6013,6a71f25e56c0266186cf5bbf,6a71f25a56c0266186cf5ada,enrolled
6a71f27356c0266186cf6017,6a71f25e56c0266186cf5bc2,6a71f25a56c0266186cf5ada,enrolled
6a71f27356c0266186cf601b,6a71f25e56c0266186cf5bc5,6a71f25a56c0266186cf5ada,enrolled
6a71f27356c0266186cf601f,6a71f25e56c0266186cf5bc8,6a71f25a56c0266186cf5ada,enrolled
6a71f27356c0266186cf6023,6a71f25e56c0266186cf5bcb,6a71f25a56c0266186cf5ada,enrolled
6a71f27356c0266186cf6027,6a71f25e56c0266186cf5bce,6a71f25a56c0266186cf5ada,enrolled
6a71f27356c0266186cf602b,6a71f25e56c0266186cf5bd1,6a71f25a56c0266186cf5ada,enrolled
6a71f27356c0266186cf602f,6a71f25e56c0266186cf5bd4,6a71f25a56c0266186cf5ada,enrolled
6a71f27356c0266186cf6033,6a71f25e56c0266186cf5bd7,6a71f25a56c0266186cf5ada,enrolled
6a71f27356c0266186cf6037,6a71f25e56c0266186cf5bda,6a71f25a56c0266186cf5ada,enrolled
6a71f27356c0266186cf603b,6a71f25e56c0266186cf5bdd,6a71f25a56c0266186cf5ada,enrolled
6a71f27456c0266186cf603f,6a71f25e56c0266186cf5be0,6a71f25a56c0266186cf5ada,enrolled
6a71f27456c0266186cf6043,6a71f25e56c0266186cf5be3,6a71f25a56c0266186cf5ada,enrolled
6a71f27456c0266186cf6047,6a71f25e56c0266186cf5be6,6a71f25a56c0266186cf5ada,enrolled
6a71f27456c0266186cf604b,6a71f25e56c0266186cf5be9,6a71f25a56c0266186cf5ada,enrolled
6a71f27456c0266186cf604f,6a71f25e56c0266186cf5bec,6a71f25a56c0266186cf5ada,enrolled
6a71f27456c0266186cf6053,6a71f25e56c0266186cf5bef,6a71f25a56c0266186cf5ada,enrolled
6a71f27456c0266186cf6057,6a71f25e56c0266186cf5bf2,6a71f25a56c0266186cf5ae0,enrolled
6a71f27456c0266186cf605b,6a71f25f56c0266186cf5bf5,6a71f25a56c0266186cf5ae0,enrolled
6a71f27456c0266186cf605f,6a71f25f56c0266186cf5bf8,6a71f25a56c0266186cf5ae0,enrolled
6a71f27456c0266186cf6063,6a71f25f56c0266186cf5bfb,6a71f25a56c0266186cf5ae0,enrolled
6a71f27456c0266186cf6067,6a71f25f56c0266186cf5bfe,6a71f25a56c0266186cf5ae0,enrolled
6a71f27456c0266186cf606b,6a71f25f56c0266186cf5c01,6a71f25a56c0266186cf5ae0,enrolled
6a71f27456c0266186cf606f,6a71f25f56c0266186cf5c04,6a71f25a56c0266186cf5ae0,enrolled
6a71f27556c0266186cf6073,6a71f25f56c0266186cf5c07,6a71f25a56c0266186cf5ae0,enrolled
6a71f27556c0266186cf6077,6a71f25f56c0266186cf5c0a,6a71f25a56c0266186cf5ae0,enrolled
6a71f27556c0266186cf607b,6a71f25f56c0266186cf5c0d,6a71f25a56c0266186cf5ae0,enrolled
6a71f27556c0266186cf607f,6a71f25f56c0266186cf5c10,6a71f25a56c0266186cf5ae0,enrolled
6a71f27556c0266186cf6083,6a71f25f56c0266186cf5c13,6a71f25a56c0266186cf5ae0,enrolled
6a71f27556c0266186cf6087,6a71f25f56c0266186cf5c16,6a71f25a56c0266186cf5ae0,enrolled
6a71f27556c0266186cf608b,6a71f25f56c0266186cf5c19,6a71f25a56c0266186cf5ae0,enrolled
6a71f27556c0266186cf608f,6a71f25f56c0266186cf5c1c,6a71f25a56c0266186cf5ae0,enrolled
6a71f27556c0266186cf6093,6a71f25f56c0266186cf5c1f,6a71f25a56c0266186cf5ae0,enrolled
6a71f27556c0266186cf6097,6a71f25f56c0266186cf5c22,6a71f25a56c0266186cf5ae0,enrolled
6a71f27556c0266186cf609b,6a71f25f56c0266186cf5c25,6a71f25a56c0266186cf5ae0,enrolled
6a71f27556c0266186cf609f,6a71f25f56c0266186cf5c28,6a71f25a56c0266186cf5ae0,enrolled
6a71f27556c0266186cf60a3,6a71f25f56c0266186cf5c2b,6a71f25a56c0266186cf5ae0,enrolled
6a71f27656c0266186cf60a7,6a71f25f56c0266186cf5c2e,6a71f25a56c0266186cf5ae0,enrolled
6a71f27656c0266186cf60ab,6a71f26056c0266186cf5c31,6a71f25a56c0266186cf5ae0,enrolled
6a71f27656c0266186cf60af,6a71f26056c0266186cf5c34,6a71f25a56c0266186cf5ae0,enrolled
6a71f27656c0266186cf60b3,6a71f26056c0266186cf5c37,6a71f25a56c0266186cf5ae0,enrolled
6a71f27656c0266186cf60b7,6a71f26056c0266186cf5c3a,6a71f25a56c0266186cf5ae0,enrolled
6a71f27656c0266186cf60bb,6a71f25d56c0266186cf5ba7,6a71f25a56c0266186cf5ae6,enrolled
6a71f27656c0266186cf60bf,6a71f25d56c0266186cf5baa,6a71f25a56c0266186cf5ae6,enrolled
6a71f27656c0266186cf60c3,6a71f25d56c0266186cf5bad,6a71f25a56c0266186cf5ae6,enrolled
6a71f27656c0266186cf60c7,6a71f25d56c0266186cf5bb0,6a71f25a56c0266186cf5ae6,enrolled
6a71f27656c0266186cf60cb,6a71f25d56c0266186cf5bb3,6a71f25a56c0266186cf5ae6,enrolled
6a71f27656c0266186cf60cf,6a71f25d56c0266186cf5bb6,6a71f25a56c0266186cf5ae6,enrolled
6a71f27656c0266186cf60d3,6a71f25e56c0266186cf5bb9,6a71f25a56c0266186cf5ae6,enrolled
6a71f27656c0266186cf60d7,6a71f25e56c0266186cf5bbc,6a71f25a56c0266186cf5ae6,enrolled
6a71f27756c0266186cf60db,6a71f25e56c0266186cf5bbf,6a71f25a56c0266186cf5ae6,enrolled
6a71f27756c0266186cf60df,6a71f25e56c0266186cf5bc2,6a71f25a56c0266186cf5ae6,enrolled
6a71f27756c0266186cf60e3,6a71f25e56c0266186cf5bc5,6a71f25a56c0266186cf5ae6,enrolled
6a71f27756c0266186cf60e7,6a71f25e56c0266186cf5bc8,6a71f25a56c0266186cf5ae6,enrolled
6a71f27756c0266186cf60eb,6a71f25e56c0266186cf5bcb,6a71f25a56c0266186cf5ae6,enrolled
6a71f27756c0266186cf60ef,6a71f25e56c0266186cf5bce,6a71f25a56c0266186cf5ae6,enrolled
6a71f27756c0266186cf60f3,6a71f25e56c0266186cf5bd1,6a71f25a56c0266186cf5ae6,enrolled
6a71f27756c0266186cf60f7,6a71f25e56c0266186cf5bd4,6a71f25a56c0266186cf5ae6,enrolled
6a71f27756c0266186cf60fb,6a71f25e56c0266186cf5bd7,6a71f25a56c0266186cf5ae6,enrolled
6a71f27756c0266186cf60ff,6a71f25e56c0266186cf5bda,6a71f25a56c0266186cf5ae6,enrolled
6a71f27756c0266186cf6103,6a71f25e56c0266186cf5bdd,6a71f25a56c0266186cf5ae6,enrolled
6a71f27756c0266186cf6107,6a71f25e56c0266186cf5be0,6a71f25a56c0266186cf5ae6,enrolled
6a71f27756c0266186cf610b,6a71f25e56c0266186cf5be3,6a71f25a56c0266186cf5ae6,enrolled
6a71f27856c0266186cf610f,6a71f25e56c0266186cf5be6,6a71f25a56c0266186cf5ae6,enrolled
6a71f27856c0266186cf6113,6a71f25e56c0266186cf5be9,6a71f25a56c0266186cf5ae6,enrolled
6a71f27856c0266186cf6117,6a71f25e56c0266186cf5bec,6a71f25a56c0266186cf5ae6,enrolled
6a71f27856c0266186cf611b,6a71f25e56c0266186cf5bef,6a71f25a56c0266186cf5ae6,enrolled
6a71f27856c0266186cf611f,6a71f25e56c0266186cf5bf2,6a71f25a56c0266186cf5ae6,enrolled
6a71f27856c0266186cf6123,6a71f25f56c0266186cf5bf5,6a71f25a56c0266186cf5ae6,enrolled
6a71f27856c0266186cf6127,6a71f25f56c0266186cf5bf8,6a71f25a56c0266186cf5ae6,enrolled
6a71f27856c0266186cf612b,6a71f25f56c0266186cf5bfb,6a71f25a56c0266186cf5ae6,enrolled
6a71f27856c0266186cf612f,6a71f25f56c0266186cf5bfe,6a71f25a56c0266186cf5ae6,enrolled
6a71f27856c0266186cf6133,6a71f25f56c0266186cf5c01,6a71f25a56c0266186cf5ae6,enrolled
6a71f27856c0266186cf6137,6a71f25f56c0266186cf5c04,6a71f25a56c0266186cf5ae6,enrolled
6a71f27856c0266186cf613b,6a71f25f56c0266186cf5c07,6a71f25a56c0266186cf5ae6,enrolled
6a71f27956c0266186cf613f,6a71f25f56c0266186cf5c0a,6a71f25a56c0266186cf5ae6,enrolled
6a71f27956c0266186cf6143,6a71f25f56c0266186cf5c0d,6a71f25a56c0266186cf5ae6,enrolled
6a71f27956c0266186cf6147,6a71f25f56c0266186cf5c10,6a71f25a56c0266186cf5ae6,enrolled
6a71f27956c0266186cf614b,6a71f25f56c0266186cf5c13,6a71f25a56c0266186cf5ae6,enrolled
6a71f27956c0266186cf614f,6a71f25f56c0266186cf5c16,6a71f25a56c0266186cf5ae6,enrolled
6a71f27956c0266186cf6153,6a71f25f56c0266186cf5c19,6a71f25a56c0266186cf5ae6,enrolled
6a71f27956c0266186cf6157,6a71f25f56c0266186cf5c1c,6a71f25a56c0266186cf5ae6,enrolled
6a71f27956c0266186cf615b,6a71f25f56c0266186cf5c1f,6a71f25a56c0266186cf5ae6,enrolled
6a71f27956c0266186cf615f,6a71f25f56c0266186cf5c22,6a71f25a56c0266186cf5ae6,enrolled
6a71f27956c0266186cf6163,6a71f25f56c0266186cf5c25,6a71f25a56c0266186cf5ae6,enrolled
6a71f27956c0266186cf6167,6a71f25f56c0266186cf5c28,6a71f25a56c0266186cf5ae6,enrolled
6a71f27956c0266186cf616b,6a71f25f56c0266186cf5c2b,6a71f25a56c0266186cf5ae6,enrolled
6a71f27a56c0266186cf616f,6a71f25f56c0266186cf5c2e,6a71f25a56c0266186cf5ae6,enrolled
6a71f27a56c0266186cf6173,6a71f26056c0266186cf5c31,6a71f25a56c0266186cf5ae6,enrolled
6a71f27a56c0266186cf6177,6a71f26056c0266186cf5c34,6a71f25a56c0266186cf5ae6,enrolled
6a71f27a56c0266186cf617b,6a71f26056c0266186cf5c37,6a71f25a56c0266186cf5ae6,enrolled
6a71f27a56c0266186cf617f,6a71f26056c0266186cf5c3a,6a71f25a56c0266186cf5ae6,enrolled
6a71f27a56c0266186cf6183,6a71f25d56c0266186cf5ba7,6a71f25a56c0266186cf5aec,enrolled
6a71f27a56c0266186cf6187,6a71f25d56c0266186cf5baa,6a71f25a56c0266186cf5aec,enrolled
6a71f27a56c0266186cf618b,6a71f25d56c0266186cf5bad,6a71f25a56c0266186cf5aec,enrolled
6a71f27a56c0266186cf618f,6a71f25d56c0266186cf5bb0,6a71f25a56c0266186cf5aec,enrolled
6a71f27a56c0266186cf6193,6a71f25d56c0266186cf5bb3,6a71f25a56c0266186cf5aec,enrolled
6a71f27a56c0266186cf6197,6a71f25d56c0266186cf5bb6,6a71f25a56c0266186cf5aec,enrolled
6a71f27a56c0266186cf619b,6a71f25e56c0266186cf5bb9,6a71f25a56c0266186cf5aec,enrolled
6a71f27a56c0266186cf619f,6a71f25e56c0266186cf5bbc,6a71f25a56c0266186cf5aec,enrolled
6a71f27a56c0266186cf61a3,6a71f25e56c0266186cf5bbf,6a71f25a56c0266186cf5aec,enrolled
6a71f27b56c0266186cf61a7,6a71f25e56c0266186cf5bc2,6a71f25a56c0266186cf5aec,enrolled
6a71f27b56c0266186cf61ab,6a71f25e56c0266186cf5bc5,6a71f25a56c0266186cf5aec,enrolled
6a71f27b56c0266186cf61af,6a71f25e56c0266186cf5bc8,6a71f25a56c0266186cf5aec,enrolled
6a71f27b56c0266186cf61b3,6a71f25e56c0266186cf5bcb,6a71f25a56c0266186cf5aec,enrolled
6a71f27b56c0266186cf61b7,6a71f25e56c0266186cf5bce,6a71f25a56c0266186cf5aec,enrolled
6a71f27b56c0266186cf61bb,6a71f25e56c0266186cf5bd1,6a71f25a56c0266186cf5aec,enrolled
6a71f27b56c0266186cf61bf,6a71f25e56c0266186cf5bd4,6a71f25a56c0266186cf5aec,enrolled
6a71f27b56c0266186cf61c3,6a71f25e56c0266186cf5bd7,6a71f25a56c0266186cf5aec,enrolled
6a71f27b56c0266186cf61c7,6a71f25e56c0266186cf5bda,6a71f25a56c0266186cf5aec,enrolled
6a71f27b56c0266186cf61cb,6a71f25e56c0266186cf5bdd,6a71f25a56c0266186cf5aec,enrolled
6a71f27b56c0266186cf61cf,6a71f25e56c0266186cf5be0,6a71f25a56c0266186cf5aec,enrolled
6a71f27b56c0266186cf61d3,6a71f25e56c0266186cf5be3,6a71f25a56c0266186cf5aec,enrolled
6a71f27b56c0266186cf61d7,6a71f25e56c0266186cf5be6,6a71f25a56c0266186cf5aec,enrolled
6a71f27c56c0266186cf61db,6a71f25e56c0266186cf5be9,6a71f25a56c0266186cf5aec,enrolled
6a71f27c56c0266186cf61df,6a71f25e56c0266186cf5bec,6a71f25a56c0266186cf5aec,enrolled
6a71f27c56c0266186cf61e3,6a71f25e56c0266186cf5bef,6a71f25a56c0266186cf5aec,enrolled
6a71f27c56c0266186cf61e7,6a71f25e56c0266186cf5bf2,6a71f25a56c0266186cf5aec,enrolled
6a71f27c56c0266186cf61eb,6a71f25f56c0266186cf5bf5,6a71f25a56c0266186cf5aec,enrolled
6a71f27c56c0266186cf61ef,6a71f25f56c0266186cf5bf8,6a71f25a56c0266186cf5aec,enrolled
6a71f27c56c0266186cf61f3,6a71f25f56c0266186cf5bfb,6a71f25a56c0266186cf5aec,enrolled
6a71f27c56c0266186cf61f7,6a71f25f56c0266186cf5bfe,6a71f25a56c0266186cf5aec,enrolled
6a71f27c56c0266186cf61fb,6a71f25f56c0266186cf5c01,6a71f25a56c0266186cf5aec,enrolled
6a71f27c56c0266186cf61ff,6a71f25f56c0266186cf5c04,6a71f25a56c0266186cf5aec,enrolled
6a71f27c56c0266186cf6203,6a71f25f56c0266186cf5c07,6a71f25a56c0266186cf5aec,enrolled
6a71f27c56c0266186cf6207,6a71f25f56c0266186cf5c0a,6a71f25a56c0266186cf5aec,enrolled
6a71f27c56c0266186cf620b,6a71f25f56c0266186cf5c0d,6a71f25a56c0266186cf5aec,enrolled
6a71f27d56c0266186cf620f,6a71f25f56c0266186cf5c10,6a71f25a56c0266186cf5aec,enrolled
6a71f27d56c0266186cf6213,6a71f25f56c0266186cf5c13,6a71f25a56c0266186cf5aec,enrolled
6a71f27d56c0266186cf6217,6a71f25f56c0266186cf5c16,6a71f25a56c0266186cf5aec,enrolled
6a71f27d56c0266186cf621b,6a71f25f56c0266186cf5c19,6a71f25a56c0266186cf5aec,enrolled
6a71f27d56c0266186cf621f,6a71f25f56c0266186cf5c1c,6a71f25a56c0266186cf5aec,enrolled
6a71f27d56c0266186cf6223,6a71f25f56c0266186cf5c1f,6a71f25a56c0266186cf5aec,enrolled
6a71f27d56c0266186cf6227,6a71f25f56c0266186cf5c22,6a71f25a56c0266186cf5aec,enrolled
6a71f27d56c0266186cf622b,6a71f25f56c0266186cf5c25,6a71f25a56c0266186cf5aec,enrolled
6a71f27d56c0266186cf622f,6a71f25f56c0266186cf5c28,6a71f25a56c0266186cf5aec,enrolled
6a71f27d56c0266186cf6233,6a71f25f56c0266186cf5c2b,6a71f25a56c0266186cf5aec,enrolled
6a71f27d56c0266186cf6237,6a71f25f56c0266186cf5c2e,6a71f25a56c0266186cf5aec,enrolled
6a71f27d56c0266186cf623b,6a71f26056c0266186cf5c31,6a71f25a56c0266186cf5aec,enrolled
6a71f27e56c0266186cf623f,6a71f26056c0266186cf5c34,6a71f25a56c0266186cf5aec,enrolled
6a71f27e56c0266186cf6243,6a71f26056c0266186cf5c37,6a71f25a56c0266186cf5aec,enrolled
6a71f27e56c0266186cf6247,6a71f26056c0266186cf5c3a,6a71f25a56c0266186cf5aec,enrolled
6a71f27e56c0266186cf624b,6a71f26056c0266186cf5c3d,6a71f25a56c0266186cf5af2,enrolled
6a71f27e56c0266186cf624f,6a71f26056c0266186cf5c40,6a71f25a56c0266186cf5af2,enrolled
6a71f27e56c0266186cf6253,6a71f26056c0266186cf5c43,6a71f25a56c0266186cf5af2,enrolled
6a71f27e56c0266186cf6257,6a71f26056c0266186cf5c46,6a71f25a56c0266186cf5af2,enrolled
6a71f27e56c0266186cf625b,6a71f26056c0266186cf5c49,6a71f25a56c0266186cf5af2,enrolled
6a71f27e56c0266186cf625f,6a71f26056c0266186cf5c4c,6a71f25a56c0266186cf5af2,enrolled
6a71f27e56c0266186cf6263,6a71f26056c0266186cf5c4f,6a71f25a56c0266186cf5af2,enrolled
6a71f27e56c0266186cf6267,6a71f26056c0266186cf5c52,6a71f25a56c0266186cf5af2,enrolled
6a71f27e56c0266186cf626b,6a71f26056c0266186cf5c55,6a71f25a56c0266186cf5af2,enrolled
6a71f27f56c0266186cf626f,6a71f26056c0266186cf5c58,6a71f25a56c0266186cf5af2,enrolled
6a71f27f56c0266186cf6273,6a71f26056c0266186cf5c5b,6a71f25a56c0266186cf5af2,enrolled
6a71f27f56c0266186cf6277,6a71f26056c0266186cf5c5e,6a71f25a56c0266186cf5af2,enrolled
6a71f27f56c0266186cf627b,6a71f26056c0266186cf5c61,6a71f25a56c0266186cf5af2,enrolled
6a71f27f56c0266186cf627f,6a71f26056c0266186cf5c64,6a71f25a56c0266186cf5af2,enrolled
6a71f27f56c0266186cf6283,6a71f26056c0266186cf5c67,6a71f25a56c0266186cf5af2,enrolled
6a71f27f56c0266186cf6287,6a71f26156c0266186cf5c6a,6a71f25a56c0266186cf5af2,enrolled
6a71f27f56c0266186cf628b,6a71f26156c0266186cf5c6d,6a71f25a56c0266186cf5af2,enrolled
6a71f27f56c0266186cf628f,6a71f26156c0266186cf5c70,6a71f25a56c0266186cf5af2,enrolled
6a71f27f56c0266186cf6293,6a71f26156c0266186cf5c73,6a71f25a56c0266186cf5af2,enrolled
6a71f27f56c0266186cf6297,6a71f26156c0266186cf5c76,6a71f25a56c0266186cf5af2,enrolled
6a71f27f56c0266186cf629b,6a71f26156c0266186cf5c79,6a71f25a56c0266186cf5af2,enrolled
6a71f27f56c0266186cf629f,6a71f26156c0266186cf5c7c,6a71f25a56c0266186cf5af2,enrolled
6a71f28056c0266186cf62a3,6a71f26156c0266186cf5c7f,6a71f25a56c0266186cf5af2,enrolled
6a71f28056c0266186cf62a7,6a71f26156c0266186cf5c82,6a71f25a56c0266186cf5af2,enrolled
6a71f28056c0266186cf62ab,6a71f26156c0266186cf5c85,6a71f25a56c0266186cf5af2,enrolled
6a71f28056c0266186cf62af,6a71f26056c0266186cf5c3d,6a71f25a56c0266186cf5af8,enrolled
6a71f28056c0266186cf62b3,6a71f26056c0266186cf5c40,6a71f25a56c0266186cf5af8,enrolled
6a71f28056c0266186cf62b7,6a71f26056c0266186cf5c43,6a71f25a56c0266186cf5af8,enrolled
6a71f28056c0266186cf62bb,6a71f26056c0266186cf5c46,6a71f25a56c0266186cf5af8,enrolled
6a71f28056c0266186cf62bf,6a71f26056c0266186cf5c49,6a71f25a56c0266186cf5af8,enrolled
6a71f28056c0266186cf62c3,6a71f26056c0266186cf5c4c,6a71f25a56c0266186cf5af8,enrolled
6a71f28056c0266186cf62c7,6a71f26056c0266186cf5c4f,6a71f25a56c0266186cf5af8,enrolled
6a71f28056c0266186cf62cb,6a71f26056c0266186cf5c52,6a71f25a56c0266186cf5af8,enrolled
6a71f28156c0266186cf62cf,6a71f26056c0266186cf5c55,6a71f25a56c0266186cf5af8,enrolled
6a71f28156c0266186cf62d3,6a71f26056c0266186cf5c58,6a71f25a56c0266186cf5af8,enrolled
6a71f28156c0266186cf62d7,6a71f26056c0266186cf5c5b,6a71f25a56c0266186cf5af8,enrolled
6a71f28156c0266186cf62db,6a71f26056c0266186cf5c5e,6a71f25a56c0266186cf5af8,enrolled
6a71f28156c0266186cf62df,6a71f26056c0266186cf5c61,6a71f25a56c0266186cf5af8,enrolled
6a71f28156c0266186cf62e3,6a71f26056c0266186cf5c64,6a71f25a56c0266186cf5af8,enrolled
6a71f28156c0266186cf62e7,6a71f26056c0266186cf5c67,6a71f25a56c0266186cf5af8,enrolled
6a71f28156c0266186cf62eb,6a71f26156c0266186cf5c6a,6a71f25a56c0266186cf5af8,enrolled
6a71f28156c0266186cf62ef,6a71f26156c0266186cf5c6d,6a71f25a56c0266186cf5af8,enrolled
6a71f28156c0266186cf62f3,6a71f26156c0266186cf5c70,6a71f25a56c0266186cf5af8,enrolled
6a71f28156c0266186cf62f7,6a71f26156c0266186cf5c73,6a71f25a56c0266186cf5af8,enrolled
6a71f28156c0266186cf62fb,6a71f26156c0266186cf5c76,6a71f25a56c0266186cf5af8,enrolled
6a71f28156c0266186cf62ff,6a71f26156c0266186cf5c79,6a71f25a56c0266186cf5af8,enrolled
6a71f28256c0266186cf6303,6a71f26156c0266186cf5c7c,6a71f25a56c0266186cf5af8,enrolled
6a71f28256c0266186cf6307,6a71f26156c0266186cf5c7f,6a71f25a56c0266186cf5af8,enrolled
6a71f28256c0266186cf630b,6a71f26156c0266186cf5c82,6a71f25a56c0266186cf5af8,enrolled
6a71f28256c0266186cf630f,6a71f26156c0266186cf5c85,6a71f25a56c0266186cf5af8,enrolled
6a71f28256c0266186cf6313,6a71f26156c0266186cf5c88,6a71f25a56c0266186cf5af8,enrolled
6a71f28256c0266186cf6317,6a71f26156c0266186cf5c8b,6a71f25a56c0266186cf5af8,enrolled
6a71f28256c0266186cf631b,6a71f26156c0266186cf5c8e,6a71f25a56c0266186cf5af8,enrolled
6a71f28256c0266186cf631f,6a71f26156c0266186cf5c91,6a71f25a56c0266186cf5af8,enrolled
6a71f28256c0266186cf6323,6a71f26156c0266186cf5c94,6a71f25a56c0266186cf5af8,enrolled
6a71f28256c0266186cf6327,6a71f26156c0266186cf5c97,6a71f25a56c0266186cf5af8,enrolled
6a71f28256c0266186cf632b,6a71f26156c0266186cf5c9a,6a71f25a56c0266186cf5af8,enrolled
6a71f28256c0266186cf632f,6a71f26156c0266186cf5c9d,6a71f25a56c0266186cf5af8,enrolled
6a71f28256c0266186cf6333,6a71f26156c0266186cf5ca0,6a71f25a56c0266186cf5af8,enrolled
6a71f28356c0266186cf6337,6a71f26156c0266186cf5ca3,6a71f25a56c0266186cf5af8,enrolled
6a71f28356c0266186cf633b,6a71f26256c0266186cf5ca6,6a71f25a56c0266186cf5af8,enrolled
6a71f28356c0266186cf633f,6a71f26256c0266186cf5ca9,6a71f25a56c0266186cf5af8,enrolled
6a71f28356c0266186cf6343,6a71f26256c0266186cf5cac,6a71f25a56c0266186cf5af8,enrolled
6a71f28356c0266186cf6347,6a71f26256c0266186cf5caf,6a71f25a56c0266186cf5af8,enrolled
6a71f28356c0266186cf634b,6a71f26256c0266186cf5cb2,6a71f25a56c0266186cf5af8,enrolled
6a71f28356c0266186cf634f,6a71f26256c0266186cf5cb5,6a71f25a56c0266186cf5af8,enrolled
6a71f28356c0266186cf6353,6a71f26256c0266186cf5cb8,6a71f25a56c0266186cf5af8,enrolled
6a71f28356c0266186cf6357,6a71f26256c0266186cf5cbb,6a71f25a56c0266186cf5af8,enrolled
6a71f28356c0266186cf635b,6a71f26256c0266186cf5cbe,6a71f25a56c0266186cf5af8,enrolled
6a71f28356c0266186cf635f,6a71f26256c0266186cf5cc1,6a71f25a56c0266186cf5af8,enrolled
6a71f28356c0266186cf6363,6a71f26256c0266186cf5cc4,6a71f25a56c0266186cf5af8,enrolled
6a71f28456c0266186cf6367,6a71f26256c0266186cf5cc7,6a71f25a56c0266186cf5af8,enrolled
6a71f28456c0266186cf636b,6a71f26256c0266186cf5cca,6a71f25a56c0266186cf5af8,enrolled
6a71f28456c0266186cf636f,6a71f26256c0266186cf5ccd,6a71f25a56c0266186cf5af8,enrolled
6a71f28456c0266186cf6373,6a71f26256c0266186cf5cd0,6a71f25a56c0266186cf5af8,enrolled
6a71f28456c0266186cf6377,6a71f26156c0266186cf5c88,6a71f25a56c0266186cf5afe,enrolled
6a71f28456c0266186cf637b,6a71f26156c0266186cf5c8b,6a71f25a56c0266186cf5afe,enrolled
6a71f28456c0266186cf637f,6a71f26156c0266186cf5c8e,6a71f25a56c0266186cf5afe,enrolled
6a71f28456c0266186cf6383,6a71f26156c0266186cf5c91,6a71f25a56c0266186cf5afe,enrolled
6a71f28456c0266186cf6387,6a71f26156c0266186cf5c94,6a71f25a56c0266186cf5afe,enrolled
6a71f28456c0266186cf638b,6a71f26156c0266186cf5c97,6a71f25a56c0266186cf5afe,enrolled
6a71f28456c0266186cf638f,6a71f26156c0266186cf5c9a,6a71f25a56c0266186cf5afe,enrolled
6a71f28456c0266186cf6393,6a71f26156c0266186cf5c9d,6a71f25a56c0266186cf5afe,enrolled
6a71f28456c0266186cf6397,6a71f26156c0266186cf5ca0,6a71f25a56c0266186cf5afe,enrolled
6a71f28556c0266186cf639b,6a71f26156c0266186cf5ca3,6a71f25a56c0266186cf5afe,enrolled
6a71f28556c0266186cf639f,6a71f26256c0266186cf5ca6,6a71f25a56c0266186cf5afe,enrolled
6a71f28556c0266186cf63a3,6a71f26256c0266186cf5ca9,6a71f25a56c0266186cf5afe,enrolled
6a71f28556c0266186cf63a7,6a71f26256c0266186cf5cac,6a71f25a56c0266186cf5afe,enrolled
6a71f28556c0266186cf63ab,6a71f26256c0266186cf5caf,6a71f25a56c0266186cf5afe,enrolled
6a71f28556c0266186cf63af,6a71f26256c0266186cf5cb2,6a71f25a56c0266186cf5afe,enrolled
6a71f28556c0266186cf63b3,6a71f26256c0266186cf5cb5,6a71f25a56c0266186cf5afe,enrolled
6a71f28556c0266186cf63b7,6a71f26256c0266186cf5cb8,6a71f25a56c0266186cf5afe,enrolled
6a71f28556c0266186cf63bb,6a71f26256c0266186cf5cbb,6a71f25a56c0266186cf5afe,enrolled
6a71f28556c0266186cf63bf,6a71f26256c0266186cf5cbe,6a71f25a56c0266186cf5afe,enrolled
6a71f28556c0266186cf63c3,6a71f26256c0266186cf5cc1,6a71f25a56c0266186cf5afe,enrolled
6a71f28556c0266186cf63c7,6a71f26256c0266186cf5cc4,6a71f25a56c0266186cf5afe,enrolled
6a71f28656c0266186cf63cb,6a71f26256c0266186cf5cc7,6a71f25a56c0266186cf5afe,enrolled
6a71f28656c0266186cf63cf,6a71f26256c0266186cf5cca,6a71f25a56c0266186cf5afe,enrolled
6a71f28656c0266186cf63d3,6a71f26256c0266186cf5ccd,6a71f25a56c0266186cf5afe,enrolled
6a71f28656c0266186cf63d7,6a71f26256c0266186cf5cd0,6a71f25a56c0266186cf5afe,enrolled
6a71f28656c0266186cf63db,6a71f26056c0266186cf5c3d,6a71f25a56c0266186cf5b04,enrolled
6a71f28656c0266186cf63df,6a71f26056c0266186cf5c40,6a71f25a56c0266186cf5b04,enrolled
6a71f28656c0266186cf63e3,6a71f26056c0266186cf5c43,6a71f25a56c0266186cf5b04,enrolled
6a71f28656c0266186cf63e7,6a71f26056c0266186cf5c46,6a71f25a56c0266186cf5b04,enrolled
6a71f28656c0266186cf63eb,6a71f26056c0266186cf5c49,6a71f25a56c0266186cf5b04,enrolled
6a71f28656c0266186cf63ef,6a71f26056c0266186cf5c4c,6a71f25a56c0266186cf5b04,enrolled
6a71f28656c0266186cf63f3,6a71f26056c0266186cf5c4f,6a71f25a56c0266186cf5b04,enrolled
6a71f28656c0266186cf63f7,6a71f26056c0266186cf5c52,6a71f25a56c0266186cf5b04,enrolled
6a71f28656c0266186cf63fb,6a71f26056c0266186cf5c55,6a71f25a56c0266186cf5b04,enrolled
6a71f28756c0266186cf63ff,6a71f26056c0266186cf5c58,6a71f25a56c0266186cf5b04,enrolled
6a71f28756c0266186cf6403,6a71f26056c0266186cf5c5b,6a71f25a56c0266186cf5b04,enrolled
6a71f28756c0266186cf6407,6a71f26056c0266186cf5c5e,6a71f25a56c0266186cf5b04,enrolled
6a71f28756c0266186cf640b,6a71f26056c0266186cf5c61,6a71f25a56c0266186cf5b04,enrolled
6a71f28756c0266186cf640f,6a71f26056c0266186cf5c64,6a71f25a56c0266186cf5b04,enrolled
6a71f28756c0266186cf6413,6a71f26056c0266186cf5c67,6a71f25a56c0266186cf5b04,enrolled
6a71f28756c0266186cf6417,6a71f26156c0266186cf5c6a,6a71f25a56c0266186cf5b04,enrolled
6a71f28756c0266186cf641b,6a71f26156c0266186cf5c6d,6a71f25a56c0266186cf5b04,enrolled
6a71f28756c0266186cf641f,6a71f26156c0266186cf5c70,6a71f25a56c0266186cf5b04,enrolled
6a71f28756c0266186cf6423,6a71f26156c0266186cf5c73,6a71f25a56c0266186cf5b04,enrolled
6a71f28756c0266186cf6427,6a71f26156c0266186cf5c76,6a71f25a56c0266186cf5b04,enrolled
6a71f28756c0266186cf642b,6a71f26156c0266186cf5c79,6a71f25a56c0266186cf5b04,enrolled
6a71f28756c0266186cf642f,6a71f26156c0266186cf5c7c,6a71f25a56c0266186cf5b04,enrolled
6a71f28856c0266186cf6433,6a71f26156c0266186cf5c7f,6a71f25a56c0266186cf5b04,enrolled
6a71f28856c0266186cf6437,6a71f26156c0266186cf5c82,6a71f25a56c0266186cf5b04,enrolled
6a71f28856c0266186cf643b,6a71f26156c0266186cf5c85,6a71f25a56c0266186cf5b04,enrolled
6a71f28856c0266186cf643f,6a71f25d56c0266186cf5ba7,6a71f25a56c0266186cf5b04,enrolled
6a71f28856c0266186cf6443,6a71f25d56c0266186cf5baa,6a71f25a56c0266186cf5b04,enrolled
6a71f28856c0266186cf6447,6a71f25d56c0266186cf5bad,6a71f25a56c0266186cf5b04,enrolled
6a71f28856c0266186cf644b,6a71f25d56c0266186cf5bb0,6a71f25a56c0266186cf5b04,enrolled
6a71f28856c0266186cf644f,6a71f25d56c0266186cf5bb3,6a71f25a56c0266186cf5b04,enrolled
6a71f28856c0266186cf6453,6a71f25d56c0266186cf5bb6,6a71f25a56c0266186cf5b04,enrolled
6a71f28856c0266186cf6457,6a71f25e56c0266186cf5bb9,6a71f25a56c0266186cf5b04,enrolled
6a71f28856c0266186cf645b,6a71f25e56c0266186cf5bbc,6a71f25a56c0266186cf5b04,enrolled
6a71f28856c0266186cf645f,6a71f25e56c0266186cf5bbf,6a71f25a56c0266186cf5b04,enrolled
6a71f28856c0266186cf6463,6a71f25e56c0266186cf5bc2,6a71f25a56c0266186cf5b04,enrolled
6a71f28956c0266186cf6467,6a71f25e56c0266186cf5bc5,6a71f25a56c0266186cf5b04,enrolled
6a71f28956c0266186cf646b,6a71f25e56c0266186cf5bc8,6a71f25a56c0266186cf5b04,enrolled
6a71f28956c0266186cf646f,6a71f25e56c0266186cf5bcb,6a71f25a56c0266186cf5b04,enrolled
6a71f28956c0266186cf6473,6a71f25e56c0266186cf5bce,6a71f25a56c0266186cf5b04,enrolled
6a71f28956c0266186cf6477,6a71f25e56c0266186cf5bd1,6a71f25a56c0266186cf5b04,enrolled
6a71f28956c0266186cf647b,6a71f25e56c0266186cf5bd4,6a71f25a56c0266186cf5b04,enrolled
6a71f28956c0266186cf647f,6a71f25e56c0266186cf5bd7,6a71f25a56c0266186cf5b04,enrolled
6a71f28956c0266186cf6483,6a71f25e56c0266186cf5bda,6a71f25a56c0266186cf5b04,enrolled
6a71f28956c0266186cf6487,6a71f25e56c0266186cf5bdd,6a71f25a56c0266186cf5b04,enrolled
6a71f28956c0266186cf648b,6a71f25e56c0266186cf5be0,6a71f25a56c0266186cf5b04,enrolled
6a71f28956c0266186cf648f,6a71f25e56c0266186cf5be3,6a71f25a56c0266186cf5b04,enrolled
6a71f28956c0266186cf6493,6a71f25e56c0266186cf5be6,6a71f25a56c0266186cf5b04,enrolled
6a71f28956c0266186cf6497,6a71f25e56c0266186cf5be9,6a71f25a56c0266186cf5b04,enrolled
6a71f28a56c0266186cf649b,6a71f25e56c0266186cf5bec,6a71f25a56c0266186cf5b04,enrolled
6a71f28a56c0266186cf649f,6a71f25e56c0266186cf5bef,6a71f25a56c0266186cf5b04,enrolled
6a71f28a56c0266186cf64a3,6a71f26156c0266186cf5c88,6a71f25a56c0266186cf5b0a,enrolled
6a71f28a56c0266186cf64a7,6a71f26156c0266186cf5c8b,6a71f25a56c0266186cf5b0a,enrolled
6a71f28a56c0266186cf64ab,6a71f26156c0266186cf5c8e,6a71f25a56c0266186cf5b0a,enrolled
6a71f28a56c0266186cf64af,6a71f26156c0266186cf5c91,6a71f25a56c0266186cf5b0a,enrolled
6a71f28a56c0266186cf64b3,6a71f26156c0266186cf5c94,6a71f25a56c0266186cf5b0a,enrolled
6a71f28a56c0266186cf64b7,6a71f26156c0266186cf5c97,6a71f25a56c0266186cf5b0a,enrolled
6a71f28a56c0266186cf64bb,6a71f26156c0266186cf5c9a,6a71f25a56c0266186cf5b0a,enrolled
6a71f28a56c0266186cf64bf,6a71f26156c0266186cf5c9d,6a71f25a56c0266186cf5b0a,enrolled
6a71f28a56c0266186cf64c3,6a71f26156c0266186cf5ca0,6a71f25a56c0266186cf5b0a,enrolled
6a71f28a56c0266186cf64c7,6a71f26156c0266186cf5ca3,6a71f25a56c0266186cf5b0a,enrolled
6a71f28a56c0266186cf64cb,6a71f26256c0266186cf5ca6,6a71f25a56c0266186cf5b0a,enrolled
6a71f28b56c0266186cf64cf,6a71f26256c0266186cf5ca9,6a71f25a56c0266186cf5b0a,enrolled
6a71f28b56c0266186cf64d3,6a71f26256c0266186cf5cac,6a71f25a56c0266186cf5b0a,enrolled
6a71f28b56c0266186cf64d7,6a71f26256c0266186cf5caf,6a71f25a56c0266186cf5b0a,enrolled
6a71f28b56c0266186cf64db,6a71f26256c0266186cf5cb2,6a71f25a56c0266186cf5b0a,enrolled
6a71f28b56c0266186cf64df,6a71f26256c0266186cf5cb5,6a71f25a56c0266186cf5b0a,enrolled
6a71f28b56c0266186cf64e3,6a71f26256c0266186cf5cb8,6a71f25a56c0266186cf5b0a,enrolled
6a71f28b56c0266186cf64e7,6a71f26256c0266186cf5cbb,6a71f25a56c0266186cf5b0a,enrolled
6a71f28b56c0266186cf64eb,6a71f26256c0266186cf5cbe,6a71f25a56c0266186cf5b0a,enrolled
6a71f28b56c0266186cf64ef,6a71f26256c0266186cf5cc1,6a71f25a56c0266186cf5b0a,enrolled
6a71f28b56c0266186cf64f3,6a71f26256c0266186cf5cc4,6a71f25a56c0266186cf5b0a,enrolled
6a71f28b56c0266186cf64f7,6a71f26256c0266186cf5cc7,6a71f25a56c0266186cf5b0a,enrolled
6a71f28b56c0266186cf64fb,6a71f26256c0266186cf5cca,6a71f25a56c0266186cf5b0a,enrolled
6a71f28b56c0266186cf64ff,6a71f26256c0266186cf5ccd,6a71f25a56c0266186cf5b0a,enrolled
6a71f28c56c0266186cf6503,6a71f26256c0266186cf5cd0,6a71f25a56c0266186cf5b0a,enrolled
6a71f28c56c0266186cf6507,6a71f25e56c0266186cf5bf2,6a71f25a56c0266186cf5b0a,enrolled
6a71f28c56c0266186cf650b,6a71f25f56c0266186cf5bf5,6a71f25a56c0266186cf5b0a,enrolled
6a71f28c56c0266186cf650f,6a71f25f56c0266186cf5bf8,6a71f25a56c0266186cf5b0a,enrolled
6a71f28c56c0266186cf6513,6a71f25f56c0266186cf5bfb,6a71f25a56c0266186cf5b0a,enrolled
6a71f28c56c0266186cf6517,6a71f25f56c0266186cf5bfe,6a71f25a56c0266186cf5b0a,enrolled
6a71f28c56c0266186cf651b,6a71f25f56c0266186cf5c01,6a71f25a56c0266186cf5b0a,enrolled
6a71f28c56c0266186cf651f,6a71f25f56c0266186cf5c04,6a71f25a56c0266186cf5b0a,enrolled
6a71f28c56c0266186cf6523,6a71f25f56c0266186cf5c07,6a71f25a56c0266186cf5b0a,enrolled
6a71f28c56c0266186cf6527,6a71f25f56c0266186cf5c0a,6a71f25a56c0266186cf5b0a,enrolled
6a71f28c56c0266186cf652b,6a71f25f56c0266186cf5c0d,6a71f25a56c0266186cf5b0a,enrolled
6a71f28c56c0266186cf652f,6a71f25f56c0266186cf5c10,6a71f25a56c0266186cf5b0a,enrolled
6a71f28c56c0266186cf6533,6a71f25f56c0266186cf5c13,6a71f25a56c0266186cf5b0a,enrolled
6a71f28d56c0266186cf6537,6a71f25f56c0266186cf5c16,6a71f25a56c0266186cf5b0a,enrolled
6a71f28d56c0266186cf653b,6a71f25f56c0266186cf5c19,6a71f25a56c0266186cf5b0a,enrolled
6a71f28d56c0266186cf653f,6a71f25f56c0266186cf5c1c,6a71f25a56c0266186cf5b0a,enrolled
6a71f28d56c0266186cf6543,6a71f25f56c0266186cf5c1f,6a71f25a56c0266186cf5b0a,enrolled
6a71f28d56c0266186cf6547,6a71f25f56c0266186cf5c22,6a71f25a56c0266186cf5b0a,enrolled
6a71f28d56c0266186cf654b,6a71f25f56c0266186cf5c25,6a71f25a56c0266186cf5b0a,enrolled
6a71f28d56c0266186cf654f,6a71f25f56c0266186cf5c28,6a71f25a56c0266186cf5b0a,enrolled
6a71f28d56c0266186cf6553,6a71f25f56c0266186cf5c2b,6a71f25a56c0266186cf5b0a,enrolled
6a71f28d56c0266186cf6557,6a71f25f56c0266186cf5c2e,6a71f25a56c0266186cf5b0a,enrolled
6a71f28d56c0266186cf655b,6a71f26056c0266186cf5c31,6a71f25a56c0266186cf5b0a,enrolled
6a71f28d56c0266186cf655f,6a71f26056c0266186cf5c34,6a71f25a56c0266186cf5b0a,enrolled
6a71f28d56c0266186cf6563,6a71f26056c0266186cf5c37,6a71f25a56c0266186cf5b0a,enrolled
6a71f28d56c0266186cf6567,6a71f26056c0266186cf5c3a,6a71f25a56c0266186cf5b0a,enrolled
6a749bceb9890d789584e9d0,6a71f25456c0266186cf59ad,6a749bcdf6ccb57abf5e5d08,enrolled
6a749bceb9890d789584e9d1,6a71f25456c0266186cf59b1,6a749bcdf6ccb57abf5e5d08,enrolled
6a749bcfb9890d789584e9d2,6a71f25456c0266186cf59b5,6a749bcdf6ccb57abf5e5d08,enrolled
6a749bcfb9890d789584e9d3,6a71f25456c0266186cf59b9,6a749bcdf6ccb57abf5e5d08,enrolled
6a749bcfb9890d789584e9d4,6a71f25556c0266186cf59bc,6a749bcdf6ccb57abf5e5d08,enrolled
6a749bcfb9890d789584e9d5,6a71f25556c0266186cf59bf,6a749bcdf6ccb57abf5e5d08,enrolled
6a749bcfb9890d789584e9d6,6a71f25556c0266186cf59c2,6a749bcdf6ccb57abf5e5d08,enrolled
6a749bcfb9890d789584e9d7,6a71f25556c0266186cf59c5,6a749bcdf6ccb57abf5e5d08,enrolled
6a749bcfb9890d789584e9d8,6a71f25556c0266186cf59c8,6a749bcdf6ccb57abf5e5d08,enrolled
6a749bcfb9890d789584e9d9,6a71f25556c0266186cf59cb,6a749bcdf6ccb57abf5e5d08,enrolled
6a749bcfb9890d789584e9da,6a71f25556c0266186cf59ce,6a749bcdf6ccb57abf5e5d08,enrolled
6a749bcfb9890d789584e9db,6a71f25556c0266186cf59d1,6a749bcdf6ccb57abf5e5d08,enrolled
6a749bcfb9890d789584e9dc,6a71f25556c0266186cf59d4,6a749bcdf6ccb57abf5e5d08,enrolled
6a749bcfb9890d789584e9dd,6a71f25b56c0266186cf5b11,6a749bcdf6ccb57abf5e5d08,enrolled
6a749bcfb9890d789584e9de,6a71f25b56c0266186cf5b14,6a749bcdf6ccb57abf5e5d08,enrolled
6a749bcfb9890d789584e9df,6a71f25b56c0266186cf5b17,6a749bcdf6ccb57abf5e5d08,enrolled
6a749bcfb9890d789584e9e0,6a71f25b56c0266186cf5b1a,6a749bcdf6ccb57abf5e5d08,enrolled
6a749bcfb9890d789584e9e1,6a71f25b56c0266186cf5b1d,6a749bcdf6ccb57abf5e5d08,enrolled
6a749bcfb9890d789584e9e2,6a71f25b56c0266186cf5b20,6a749bcdf6ccb57abf5e5d08,enrolled
6a749bcfb9890d789584e9e3,6a71f25b56c0266186cf5b23,6a749bcdf6ccb57abf5e5d08,enrolled
6a749bcfb9890d789584e9e4,6a71f25b56c0266186cf5b26,6a749bcdf6ccb57abf5e5d08,enrolled
6a749bcfb9890d789584e9e5,6a71f25b56c0266186cf5b29,6a749bcdf6ccb57abf5e5d08,enrolled
6a749bcfb9890d789584e9e6,6a71f25b56c0266186cf5b2c,6a749bcdf6ccb57abf5e5d08,enrolled
6a749bcfb9890d789584e9e7,6a71f25b56c0266186cf5b2f,6a749bcdf6ccb57abf5e5d08,enrolled
6a749bcfb9890d789584e9e8,6a71f25b56c0266186cf5b32,6a749bcdf6ccb57abf5e5d08,enrolled
6a749bcfb9890d789584e9e9,6a71f25b56c0266186cf5b35,6a749bcdf6ccb57abf5e5d08,enrolled
6a749bcfb9890d789584e9ea,6a71f25b56c0266186cf5b38,6a749bcdf6ccb57abf5e5d08,enrolled
6a749bcfb9890d789584e9eb,6a71f25b56c0266186cf5b3b,6a749bcdf6ccb57abf5e5d08,enrolled
6a749bcfb9890d789584e9ec,6a71f25b56c0266186cf5b3e,6a749bcdf6ccb57abf5e5d08,enrolled
6a749bcfb9890d789584e9ed,6a71f25b56c0266186cf5b41,6a749bcdf6ccb57abf5e5d08,enrolled
6a749bcfb9890d789584e9ee,6a71f25c56c0266186cf5b44,6a749bcdf6ccb57abf5e5d08,enrolled
6a749bcfb9890d789584e9ef,6a71f25c56c0266186cf5b47,6a749bcdf6ccb57abf5e5d08,enrolled
6a749bcfb9890d789584e9f0,6a71f25c56c0266186cf5b4a,6a749bcdf6ccb57abf5e5d08,enrolled
6a749bcfb9890d789584e9f1,6a71f25c56c0266186cf5b4d,6a749bcdf6ccb57abf5e5d08,enrolled
6a749bcfb9890d789584e9f2,6a71f25c56c0266186cf5b50,6a749bcdf6ccb57abf5e5d08,enrolled
6a749bcfb9890d789584e9f3,6a71f25c56c0266186cf5b53,6a749bcdf6ccb57abf5e5d08,enrolled
6a749bd0b9890d789584e9f4,6a71f25c56c0266186cf5b56,6a749bcdf6ccb57abf5e5d08,enrolled
6a749bd0b9890d789584e9f5,6a71f25c56c0266186cf5b59,6a749bcdf6ccb57abf5e5d08,enrolled
6a749bd0b9890d789584e9f6,6a71f25c56c0266186cf5b5c,6a749bcdf6ccb57abf5e5d08,enrolled
6a749bd0b9890d789584e9f7,6a71f25c56c0266186cf5b5f,6a749bcdf6ccb57abf5e5d08,enrolled
6a749bd0b9890d789584e9f8,6a71f25c56c0266186cf5b62,6a749bcdf6ccb57abf5e5d08,enrolled
6a749bd0b9890d789584e9f9,6a71f25c56c0266186cf5b65,6a749bcdf6ccb57abf5e5d08,enrolled
6a749bd0b9890d789584e9fa,6a71f25c56c0266186cf5b68,6a749bcdf6ccb57abf5e5d08,enrolled
6a749bd0b9890d789584e9fb,6a71f25c56c0266186cf5b6b,6a749bcdf6ccb57abf5e5d08,enrolled
6a749bd0b9890d789584e9fc,6a71f25c56c0266186cf5b6e,6a749bcdf6ccb57abf5e5d08,enrolled
6a749bd0b9890d789584e9fd,6a71f25c56c0266186cf5b71,6a749bcdf6ccb57abf5e5d08,enrolled
6a749bd0b9890d789584e9fe,6a71f25c56c0266186cf5b74,6a749bcdf6ccb57abf5e5d08,enrolled
6a749bd0b9890d789584e9ff,6a71f25c56c0266186cf5b77,6a749bcdf6ccb57abf5e5d08,enrolled
6a749bd0b9890d789584ea00,6a71f25c56c0266186cf5b7a,6a749bcdf6ccb57abf5e5d08,enrolled
6a749bd0b9890d789584ea01,6a71f25d56c0266186cf5b7d,6a749bcdf6ccb57abf5e5d08,enrolled
6a749bd0b9890d789584ea02,6a71f25d56c0266186cf5b80,6a749bcdf6ccb57abf5e5d08,enrolled
6a749bd0b9890d789584ea03,6a71f25d56c0266186cf5b83,6a749bcdf6ccb57abf5e5d08,enrolled
6a749bd0b9890d789584ea04,6a71f25d56c0266186cf5b86,6a749bcdf6ccb57abf5e5d08,enrolled
6a749bd0b9890d789584ea05,6a71f25d56c0266186cf5b89,6a749bcdf6ccb57abf5e5d08,enrolled
6a749bd0b9890d789584ea06,6a71f25d56c0266186cf5b8c,6a749bcdf6ccb57abf5e5d08,enrolled
6a749bd0b9890d789584ea07,6a71f25d56c0266186cf5b8f,6a749bcdf6ccb57abf5e5d08,enrolled
6a749bd0b9890d789584ea08,6a71f25d56c0266186cf5b92,6a749bcdf6ccb57abf5e5d08,enrolled
6a749bd0b9890d789584ea09,6a71f25d56c0266186cf5b95,6a749bcdf6ccb57abf5e5d08,enrolled
6a749bd0b9890d789584ea0a,6a71f25d56c0266186cf5b98,6a749bcdf6ccb57abf5e5d08,enrolled
6a749bd0b9890d789584ea0b,6a71f25d56c0266186cf5b9b,6a749bcdf6ccb57abf5e5d08,enrolled
6a749bd0b9890d789584ea0c,6a71f25d56c0266186cf5b9e,6a749bcdf6ccb57abf5e5d08,enrolled
6a749bd0b9890d789584ea0d,6a71f25d56c0266186cf5ba1,6a749bcdf6ccb57abf5e5d08,enrolled
6a749bd0b9890d789584ea0e,6a71f25d56c0266186cf5ba4,6a749bcdf6ccb57abf5e5d08,enrolled
6a749bd0b9890d789584ea0f,6a71f25d56c0266186cf5ba7,6a749bcdf6ccb57abf5e5d08,enrolled
6a749bd0b9890d789584ea10,6a71f25d56c0266186cf5baa,6a749bcdf6ccb57abf5e5d08,enrolled
6a749bd0b9890d789584ea11,6a71f25d56c0266186cf5bad,6a749bcdf6ccb57abf5e5d08,enrolled
6a749bd0b9890d789584ea12,6a71f25d56c0266186cf5bb0,6a749bcdf6ccb57abf5e5d08,enrolled
6a749bd0b9890d789584ea13,6a71f25d56c0266186cf5bb3,6a749bcdf6ccb57abf5e5d08,enrolled
6a749bd0b9890d789584ea14,6a71f25d56c0266186cf5bb6,6a749bcdf6ccb57abf5e5d08,enrolled
6a749bd0b9890d789584ea15,6a71f25e56c0266186cf5bb9,6a749bcdf6ccb57abf5e5d08,enrolled
6a749bd1b9890d789584ea16,6a71f25e56c0266186cf5bbc,6a749bcdf6ccb57abf5e5d08,enrolled
6a749bd1b9890d789584ea17,6a71f25e56c0266186cf5bbf,6a749bcdf6ccb57abf5e5d08,enrolled
6a749bd1b9890d789584ea18,6a71f25e56c0266186cf5bc2,6a749bcdf6ccb57abf5e5d08,enrolled
6a749bd1b9890d789584ea19,6a71f25e56c0266186cf5bc5,6a749bcdf6ccb57abf5e5d08,enrolled
6a749bd1b9890d789584ea1a,6a71f25e56c0266186cf5bc8,6a749bcdf6ccb57abf5e5d08,enrolled
6a749bd1b9890d789584ea1b,6a71f25e56c0266186cf5bcb,6a749bcdf6ccb57abf5e5d08,enrolled
6a749bd1b9890d789584ea1c,6a71f25e56c0266186cf5bce,6a749bcdf6ccb57abf5e5d08,enrolled
6a749bd1b9890d789584ea1d,6a71f25e56c0266186cf5bd1,6a749bcdf6ccb57abf5e5d08,enrolled
6a749bd1b9890d789584ea1e,6a71f25e56c0266186cf5bd4,6a749bcdf6ccb57abf5e5d08,enrolled
6a749bd1b9890d789584ea1f,6a71f25e56c0266186cf5bd7,6a749bcdf6ccb57abf5e5d08,enrolled
6a749bd1b9890d789584ea20,6a71f25e56c0266186cf5bda,6a749bcdf6ccb57abf5e5d08,enrolled
6a749bd1b9890d789584ea21,6a71f25e56c0266186cf5bdd,6a749bcdf6ccb57abf5e5d08,enrolled
6a749bd1b9890d789584ea22,6a71f25e56c0266186cf5be0,6a749bcdf6ccb57abf5e5d08,enrolled
6a749bd1b9890d789584ea23,6a71f25e56c0266186cf5be3,6a749bcdf6ccb57abf5e5d08,enrolled
6a749bd1b9890d789584ea24,6a71f25e56c0266186cf5be6,6a749bcdf6ccb57abf5e5d08,enrolled
6a749bd1b9890d789584ea25,6a71f25e56c0266186cf5be9,6a749bcdf6ccb57abf5e5d08,enrolled
6a749bd1b9890d789584ea26,6a71f25e56c0266186cf5bec,6a749bcdf6ccb57abf5e5d08,enrolled
6a749bd1b9890d789584ea27,6a71f25e56c0266186cf5bef,6a749bcdf6ccb57abf5e5d08,enrolled
6a749bd1b9890d789584ea28,6a71f25e56c0266186cf5bf2,6a749bcdf6ccb57abf5e5d08,enrolled
6a749bd1b9890d789584ea29,6a71f25f56c0266186cf5bf5,6a749bcdf6ccb57abf5e5d08,enrolled
6a749bd1b9890d789584ea2a,6a71f25f56c0266186cf5bf8,6a749bcdf6ccb57abf5e5d08,enrolled
6a749bd1b9890d789584ea2b,6a71f25f56c0266186cf5bfb,6a749bcdf6ccb57abf5e5d08,enrolled
6a749bd1b9890d789584ea2c,6a71f25f56c0266186cf5bfe,6a749bcdf6ccb57abf5e5d08,enrolled
6a749bd1b9890d789584ea2d,6a71f25f56c0266186cf5c01,6a749bcdf6ccb57abf5e5d08,enrolled
6a749bd1b9890d789584ea2e,6a71f25f56c0266186cf5c04,6a749bcdf6ccb57abf5e5d08,enrolled
6a749bd1b9890d789584ea2f,6a71f25f56c0266186cf5c07,6a749bcdf6ccb57abf5e5d08,enrolled
6a749bd1b9890d789584ea30,6a71f25f56c0266186cf5c0a,6a749bcdf6ccb57abf5e5d08,enrolled
6a749bd1b9890d789584ea31,6a71f25f56c0266186cf5c0d,6a749bcdf6ccb57abf5e5d08,enrolled
6a749bd1b9890d789584ea32,6a71f25f56c0266186cf5c10,6a749bcdf6ccb57abf5e5d08,enrolled
6a749bd1b9890d789584ea33,6a71f25f56c0266186cf5c13,6a749bcdf6ccb57abf5e5d08,enrolled
6a749bd1b9890d789584ea34,6a71f25f56c0266186cf5c16,6a749bcdf6ccb57abf5e5d08,enrolled
6a749bd1b9890d789584ea35,6a71f25f56c0266186cf5c19,6a749bcdf6ccb57abf5e5d08,enrolled
6a749bd1b9890d789584ea36,6a71f25f56c0266186cf5c1c,6a749bcdf6ccb57abf5e5d08,enrolled
6a749bd2b9890d789584ea37,6a71f25f56c0266186cf5c1f,6a749bcdf6ccb57abf5e5d08,enrolled
6a749bd2b9890d789584ea38,6a71f25f56c0266186cf5c22,6a749bcdf6ccb57abf5e5d08,enrolled
6a749bd2b9890d789584ea39,6a71f25f56c0266186cf5c25,6a749bcdf6ccb57abf5e5d08,enrolled
6a749bd2b9890d789584ea3a,6a71f25f56c0266186cf5c28,6a749bcdf6ccb57abf5e5d08,enrolled
6a749bd2b9890d789584ea3b,6a71f25f56c0266186cf5c2b,6a749bcdf6ccb57abf5e5d08,enrolled
6a749bd2b9890d789584ea3c,6a71f25f56c0266186cf5c2e,6a749bcdf6ccb57abf5e5d08,enrolled
6a749bd2b9890d789584ea3d,6a71f26056c0266186cf5c31,6a749bcdf6ccb57abf5e5d08,enrolled
6a749bd2b9890d789584ea3e,6a71f26056c0266186cf5c34,6a749bcdf6ccb57abf5e5d08,enrolled
6a749bd2b9890d789584ea3f,6a71f26056c0266186cf5c37,6a749bcdf6ccb57abf5e5d08,enrolled
6a749bd2b9890d789584ea40,6a71f26056c0266186cf5c3a,6a749bcdf6ccb57abf5e5d08,enrolled
6a749bd2b9890d789584ea41,6a71f26056c0266186cf5c3d,6a749bcdf6ccb57abf5e5d08,enrolled
6a749bd2b9890d789584ea42,6a71f26056c0266186cf5c40,6a749bcdf6ccb57abf5e5d08,enrolled
6a749bd2b9890d789584ea43,6a71f26056c0266186cf5c43,6a749bcdf6ccb57abf5e5d08,enrolled
6a749bd2b9890d789584ea44,6a71f26056c0266186cf5c46,6a749bcdf6ccb57abf5e5d08,enrolled
6a749bd2b9890d789584ea45,6a71f26056c0266186cf5c49,6a749bcdf6ccb57abf5e5d08,enrolled
6a749bd2b9890d789584ea46,6a71f26056c0266186cf5c4c,6a749bcdf6ccb57abf5e5d08,enrolled
6a749bd2b9890d789584ea47,6a71f26056c0266186cf5c4f,6a749bcdf6ccb57abf5e5d08,enrolled
6a749bd2b9890d789584ea48,6a71f26056c0266186cf5c52,6a749bcdf6ccb57abf5e5d08,enrolled
6a749bd2b9890d789584ea49,6a71f26056c0266186cf5c55,6a749bcdf6ccb57abf5e5d08,enrolled
6a749bd2b9890d789584ea4a,6a71f26056c0266186cf5c58,6a749bcdf6ccb57abf5e5d08,enrolled
6a749bd2b9890d789584ea4b,6a71f26056c0266186cf5c5b,6a749bcdf6ccb57abf5e5d08,enrolled
6a749bd2b9890d789584ea4c,6a71f26056c0266186cf5c5e,6a749bcdf6ccb57abf5e5d08,enrolled
6a749bd2b9890d789584ea4d,6a71f26056c0266186cf5c61,6a749bcdf6ccb57abf5e5d08,enrolled
6a749bd2b9890d789584ea4e,6a71f26056c0266186cf5c64,6a749bcdf6ccb57abf5e5d08,enrolled
6a749bd2b9890d789584ea4f,6a71f26056c0266186cf5c67,6a749bcdf6ccb57abf5e5d08,enrolled
6a749bd2b9890d789584ea50,6a71f26156c0266186cf5c6a,6a749bcdf6ccb57abf5e5d08,enrolled
6a749bd2b9890d789584ea51,6a71f26156c0266186cf5c6d,6a749bcdf6ccb57abf5e5d08,enrolled
6a749bd2b9890d789584ea52,6a71f26156c0266186cf5c70,6a749bcdf6ccb57abf5e5d08,enrolled
6a749bd2b9890d789584ea53,6a71f26156c0266186cf5c73,6a749bcdf6ccb57abf5e5d08,enrolled
6a749bd2b9890d789584ea54,6a71f26156c0266186cf5c76,6a749bcdf6ccb57abf5e5d08,enrolled
6a749bd2b9890d789584ea55,6a71f26156c0266186cf5c79,6a749bcdf6ccb57abf5e5d08,enrolled
6a749bd2b9890d789584ea56,6a71f26156c0266186cf5c7c,6a749bcdf6ccb57abf5e5d08,enrolled
6a749bd3b9890d789584ea57,6a71f26156c0266186cf5c7f,6a749bcdf6ccb57abf5e5d08,enrolled
6a749bd3b9890d789584ea58,6a71f26156c0266186cf5c82,6a749bcdf6ccb57abf5e5d08,enrolled
6a749bd3b9890d789584ea59,6a71f26156c0266186cf5c85,6a749bcdf6ccb57abf5e5d08,enrolled
6a749bd3b9890d789584ea5a,6a71f26156c0266186cf5c88,6a749bcdf6ccb57abf5e5d08,enrolled
6a749bd3b9890d789584ea5b,6a71f26156c0266186cf5c8b,6a749bcdf6ccb57abf5e5d08,enrolled
6a749bd3b9890d789584ea5c,6a71f26156c0266186cf5c8e,6a749bcdf6ccb57abf5e5d08,enrolled
6a749bd3b9890d789584ea5d,6a71f26156c0266186cf5c91,6a749bcdf6ccb57abf5e5d08,enrolled
6a749bd3b9890d789584ea5e,6a71f26156c0266186cf5c94,6a749bcdf6ccb57abf5e5d08,enrolled
6a749bd3b9890d789584ea5f,6a71f26156c0266186cf5c97,6a749bcdf6ccb57abf5e5d08,enrolled
6a749bd3b9890d789584ea60,6a71f26156c0266186cf5c9a,6a749bcdf6ccb57abf5e5d08,enrolled
6a749bd3b9890d789584ea61,6a71f26156c0266186cf5c9d,6a749bcdf6ccb57abf5e5d08,enrolled
6a749bd3b9890d789584ea62,6a71f26156c0266186cf5ca0,6a749bcdf6ccb57abf5e5d08,enrolled
6a749bd3b9890d789584ea63,6a71f26156c0266186cf5ca3,6a749bcdf6ccb57abf5e5d08,enrolled
6a749bd3b9890d789584ea64,6a71f26256c0266186cf5ca6,6a749bcdf6ccb57abf5e5d08,enrolled
6a749bd3b9890d789584ea65,6a71f26256c0266186cf5ca9,6a749bcdf6ccb57abf5e5d08,enrolled
6a749bd3b9890d789584ea66,6a71f26256c0266186cf5cac,6a749bcdf6ccb57abf5e5d08,enrolled
6a749bd3b9890d789584ea67,6a71f26256c0266186cf5caf,6a749bcdf6ccb57abf5e5d08,enrolled
6a749bd3b9890d789584ea68,6a71f26256c0266186cf5cb2,6a749bcdf6ccb57abf5e5d08,enrolled
6a749bd3b9890d789584ea69,6a71f26256c0266186cf5cb5,6a749bcdf6ccb57abf5e5d08,enrolled
6a749bd3b9890d789584ea6a,6a71f26256c0266186cf5cb8,6a749bcdf6ccb57abf5e5d08,enrolled
6a749bd3b9890d789584ea6b,6a71f26256c0266186cf5cbb,6a749bcdf6ccb57abf5e5d08,enrolled
6a749bd3b9890d789584ea6c,6a71f26256c0266186cf5cbe,6a749bcdf6ccb57abf5e5d08,enrolled
6a749bd3b9890d789584ea6d,6a71f26256c0266186cf5cc1,6a749bcdf6ccb57abf5e5d08,enrolled
6a749bd3b9890d789584ea6e,6a71f26256c0266186cf5cc4,6a749bcdf6ccb57abf5e5d08,enrolled
6a749bd3b9890d789584ea6f,6a71f26256c0266186cf5cc7,6a749bcdf6ccb57abf5e5d08,enrolled
6a749bd3b9890d789584ea70,6a71f26256c0266186cf5cca,6a749bcdf6ccb57abf5e5d08,enrolled
6a749bd3b9890d789584ea71,6a71f26256c0266186cf5ccd,6a749bcdf6ccb57abf5e5d08,enrolled
6a749bd3b9890d789584ea72,6a71f26256c0266186cf5cd0,6a749bcdf6ccb57abf5e5d08,enrolled
6a74b0a8b9890d789584ea8f,6a71f25456c0266186cf59ad,6a71f25956c0266186cf5ab6,enrolled
6a74b0a8b9890d789584ea90,6a71f25456c0266186cf59b1,6a71f25956c0266186cf5ab6,enrolled
6a74b0a9b9890d789584ea91,6a71f25456c0266186cf59b5,6a71f25956c0266186cf5ab6,enrolled
6a74b0a9b9890d789584ea92,6a71f25456c0266186cf59b9,6a71f25956c0266186cf5ab6,enrolled
6a74b0a9b9890d789584ea93,6a71f25556c0266186cf59bc,6a71f25956c0266186cf5ab6,enrolled
6a74b0a9b9890d789584ea94,6a71f25556c0266186cf59bf,6a71f25956c0266186cf5ab6,enrolled
6a74b0a9b9890d789584ea95,6a71f25556c0266186cf59c2,6a71f25956c0266186cf5ab6,enrolled
6a74b0a9b9890d789584ea96,6a71f25556c0266186cf59c5,6a71f25956c0266186cf5ab6,enrolled
6a74b0a9b9890d789584ea97,6a71f25556c0266186cf59c8,6a71f25956c0266186cf5ab6,enrolled
6a74b0a9b9890d789584ea98,6a71f25556c0266186cf59cb,6a71f25956c0266186cf5ab6,enrolled
6a74b0a9b9890d789584ea99,6a71f25556c0266186cf59ce,6a71f25956c0266186cf5ab6,enrolled
6a74b0a9b9890d789584ea9a,6a71f25556c0266186cf59d1,6a71f25956c0266186cf5ab6,enrolled
6a74b0a9b9890d789584ea9b,6a71f25556c0266186cf59d4,6a71f25956c0266186cf5ab6,enrolled
6a74b0aab9890d789584ea9c,6a71f25c56c0266186cf5b5c,6a71f25956c0266186cf5ab6,enrolled
6a74b0aab9890d789584ea9d,6a71f25c56c0266186cf5b5f,6a71f25956c0266186cf5ab6,enrolled
6a74b0aab9890d789584ea9e,6a71f25c56c0266186cf5b62,6a71f25956c0266186cf5ab6,enrolled
6a74b0aab9890d789584ea9f,6a71f25c56c0266186cf5b65,6a71f25956c0266186cf5ab6,enrolled
6a74b0aab9890d789584eaa0,6a71f25c56c0266186cf5b68,6a71f25956c0266186cf5ab6,enrolled
6a74b0aab9890d789584eaa1,6a71f25c56c0266186cf5b6b,6a71f25956c0266186cf5ab6,enrolled
6a74b0aab9890d789584eaa2,6a71f25c56c0266186cf5b6e,6a71f25956c0266186cf5ab6,enrolled
6a74b0aab9890d789584eaa3,6a71f25c56c0266186cf5b71,6a71f25956c0266186cf5ab6,enrolled
6a74b0aab9890d789584eaa4,6a71f25c56c0266186cf5b74,6a71f25956c0266186cf5ab6,enrolled
6a74b0aab9890d789584eaa5,6a71f25c56c0266186cf5b77,6a71f25956c0266186cf5ab6,enrolled
6a74b0aab9890d789584eaa6,6a71f25c56c0266186cf5b7a,6a71f25956c0266186cf5ab6,enrolled
6a74b0aab9890d789584eaa7,6a71f25d56c0266186cf5b7d,6a71f25956c0266186cf5ab6,enrolled
6a74b0aab9890d789584eaa8,6a71f25d56c0266186cf5b80,6a71f25956c0266186cf5ab6,enrolled
6a74b0aab9890d789584eaa9,6a71f25d56c0266186cf5b83,6a71f25956c0266186cf5ab6,enrolled
6a74b0aab9890d789584eaaa,6a71f25d56c0266186cf5b86,6a71f25956c0266186cf5ab6,enrolled
6a74b0aab9890d789584eaab,6a71f25d56c0266186cf5b89,6a71f25956c0266186cf5ab6,enrolled
6a74b0aab9890d789584eaac,6a71f25d56c0266186cf5b8c,6a71f25956c0266186cf5ab6,enrolled
6a74b0aab9890d789584eaad,6a71f25d56c0266186cf5b8f,6a71f25956c0266186cf5ab6,enrolled
6a74b0abb9890d789584eaae,6a71f25d56c0266186cf5b92,6a71f25956c0266186cf5ab6,enrolled
6a74b0abb9890d789584eaaf,6a71f25d56c0266186cf5b95,6a71f25956c0266186cf5ab6,enrolled
6a74b0abb9890d789584eab0,6a71f25d56c0266186cf5b98,6a71f25956c0266186cf5ab6,enrolled
6a74b0abb9890d789584eab1,6a71f25d56c0266186cf5b9b,6a71f25956c0266186cf5ab6,enrolled
6a74b0abb9890d789584eab2,6a71f25d56c0266186cf5b9e,6a71f25956c0266186cf5ab6,enrolled
6a74b0abb9890d789584eab3,6a71f25d56c0266186cf5ba1,6a71f25956c0266186cf5ab6,enrolled
6a74b0abb9890d789584eab4,6a71f25d56c0266186cf5ba4,6a71f25956c0266186cf5ab6,enrolled
6a74b0abb9890d789584eab5,6a71f25d56c0266186cf5ba7,6a71f25956c0266186cf5ab6,enrolled
6a74b0abb9890d789584eab6,6a71f25d56c0266186cf5baa,6a71f25956c0266186cf5ab6,enrolled
6a74b0abb9890d789584eab7,6a71f25d56c0266186cf5bad,6a71f25956c0266186cf5ab6,enrolled
6a74b0abb9890d789584eab8,6a71f25d56c0266186cf5bb0,6a71f25956c0266186cf5ab6,enrolled
6a74b0abb9890d789584eab9,6a71f25d56c0266186cf5bb3,6a71f25956c0266186cf5ab6,enrolled
6a74b0abb9890d789584eaba,6a71f25d56c0266186cf5bb6,6a71f25956c0266186cf5ab6,enrolled
6a74b0abb9890d789584eabb,6a71f25e56c0266186cf5bb9,6a71f25956c0266186cf5ab6,enrolled
6a74b0abb9890d789584eabc,6a71f25e56c0266186cf5bbc,6a71f25956c0266186cf5ab6,enrolled
6a74b0abb9890d789584eabd,6a71f25e56c0266186cf5bbf,6a71f25956c0266186cf5ab6,enrolled
6a74b0abb9890d789584eabe,6a71f25e56c0266186cf5bc2,6a71f25956c0266186cf5ab6,enrolled
6a74b0abb9890d789584eabf,6a71f25e56c0266186cf5bc5,6a71f25956c0266186cf5ab6,enrolled
6a74b0abb9890d789584eac0,6a71f25e56c0266186cf5bc8,6a71f25956c0266186cf5ab6,enrolled
6a74b0abb9890d789584eac1,6a71f25e56c0266186cf5bcb,6a71f25956c0266186cf5ab6,enrolled
6a74b0abb9890d789584eac2,6a71f25e56c0266186cf5bce,6a71f25956c0266186cf5ab6,enrolled
6a74b0abb9890d789584eac3,6a71f25e56c0266186cf5bd1,6a71f25956c0266186cf5ab6,enrolled
6a74b0abb9890d789584eac4,6a71f25e56c0266186cf5bd4,6a71f25956c0266186cf5ab6,enrolled
6a74b0abb9890d789584eac5,6a71f25e56c0266186cf5bd7,6a71f25956c0266186cf5ab6,enrolled
6a74b0abb9890d789584eac6,6a71f25e56c0266186cf5bda,6a71f25956c0266186cf5ab6,enrolled
6a74b0abb9890d789584eac7,6a71f25e56c0266186cf5bdd,6a71f25956c0266186cf5ab6,enrolled
6a74b0abb9890d789584eac8,6a71f25e56c0266186cf5be0,6a71f25956c0266186cf5ab6,enrolled
6a74b0abb9890d789584eac9,6a71f25e56c0266186cf5be3,6a71f25956c0266186cf5ab6,enrolled
6a74b0acb9890d789584eaca,6a71f25e56c0266186cf5be6,6a71f25956c0266186cf5ab6,enrolled
6a74b0acb9890d789584eacb,6a71f25e56c0266186cf5be9,6a71f25956c0266186cf5ab6,enrolled
6a74b0acb9890d789584eacc,6a71f25e56c0266186cf5bec,6a71f25956c0266186cf5ab6,enrolled
6a74b0acb9890d789584eacd,6a71f25e56c0266186cf5bef,6a71f25956c0266186cf5ab6,enrolled
6a74b0acb9890d789584eace,6a71f25e56c0266186cf5bf2,6a71f25956c0266186cf5ab6,enrolled
6a74b0acb9890d789584eacf,6a71f25f56c0266186cf5bf5,6a71f25956c0266186cf5ab6,enrolled
6a74b0acb9890d789584ead0,6a71f25f56c0266186cf5bf8,6a71f25956c0266186cf5ab6,enrolled
6a74b0acb9890d789584ead1,6a71f25f56c0266186cf5bfb,6a71f25956c0266186cf5ab6,enrolled
6a74b0acb9890d789584ead2,6a71f25f56c0266186cf5bfe,6a71f25956c0266186cf5ab6,enrolled
6a74b0acb9890d789584ead3,6a71f25f56c0266186cf5c01,6a71f25956c0266186cf5ab6,enrolled
6a74b0acb9890d789584ead4,6a71f25f56c0266186cf5c04,6a71f25956c0266186cf5ab6,enrolled
6a74b0acb9890d789584ead5,6a71f25f56c0266186cf5c07,6a71f25956c0266186cf5ab6,enrolled
6a74b0acb9890d789584ead6,6a71f25f56c0266186cf5c0a,6a71f25956c0266186cf5ab6,enrolled
6a74b0acb9890d789584ead7,6a71f25f56c0266186cf5c0d,6a71f25956c0266186cf5ab6,enrolled
6a74b0acb9890d789584ead8,6a71f25f56c0266186cf5c10,6a71f25956c0266186cf5ab6,enrolled
6a74b0acb9890d789584ead9,6a71f25f56c0266186cf5c13,6a71f25956c0266186cf5ab6,enrolled
6a74b0acb9890d789584eada,6a71f25f56c0266186cf5c16,6a71f25956c0266186cf5ab6,enrolled
6a74b0acb9890d789584eadb,6a71f25f56c0266186cf5c19,6a71f25956c0266186cf5ab6,enrolled
6a74b0acb9890d789584eadc,6a71f25f56c0266186cf5c1c,6a71f25956c0266186cf5ab6,enrolled
6a74b0acb9890d789584eadd,6a71f25f56c0266186cf5c1f,6a71f25956c0266186cf5ab6,enrolled
6a74b0acb9890d789584eade,6a71f25f56c0266186cf5c22,6a71f25956c0266186cf5ab6,enrolled
6a74b0acb9890d789584eadf,6a71f25f56c0266186cf5c25,6a71f25956c0266186cf5ab6,enrolled
6a74b0acb9890d789584eae0,6a71f25f56c0266186cf5c28,6a71f25956c0266186cf5ab6,enrolled
6a74b0acb9890d789584eae1,6a71f25f56c0266186cf5c2b,6a71f25956c0266186cf5ab6,enrolled
6a74b0acb9890d789584eae2,6a71f25f56c0266186cf5c2e,6a71f25956c0266186cf5ab6,enrolled
6a74b0acb9890d789584eae3,6a71f26056c0266186cf5c31,6a71f25956c0266186cf5ab6,enrolled
6a74b0acb9890d789584eae4,6a71f26056c0266186cf5c34,6a71f25956c0266186cf5ab6,enrolled
6a74b0acb9890d789584eae5,6a71f26056c0266186cf5c37,6a71f25956c0266186cf5ab6,enrolled
6a74b0adb9890d789584eae6,6a71f26056c0266186cf5c3a,6a71f25956c0266186cf5ab6,enrolled
6a74b0adb9890d789584eae7,6a71f26056c0266186cf5c3d,6a71f25956c0266186cf5ab6,enrolled
6a74b0adb9890d789584eae8,6a71f26056c0266186cf5c40,6a71f25956c0266186cf5ab6,enrolled
6a74b0adb9890d789584eae9,6a71f26056c0266186cf5c43,6a71f25956c0266186cf5ab6,enrolled
6a74b0adb9890d789584eaea,6a71f26056c0266186cf5c46,6a71f25956c0266186cf5ab6,enrolled
6a74b0adb9890d789584eaeb,6a71f26056c0266186cf5c49,6a71f25956c0266186cf5ab6,enrolled
6a74b0adb9890d789584eaec,6a71f26056c0266186cf5c4c,6a71f25956c0266186cf5ab6,enrolled
6a74b0adb9890d789584eaed,6a71f26056c0266186cf5c4f,6a71f25956c0266186cf5ab6,enrolled
6a74b0adb9890d789584eaee,6a71f26056c0266186cf5c52,6a71f25956c0266186cf5ab6,enrolled
6a74b0adb9890d789584eaef,6a71f26056c0266186cf5c55,6a71f25956c0266186cf5ab6,enrolled
6a74b0adb9890d789584eaf0,6a71f26056c0266186cf5c58,6a71f25956c0266186cf5ab6,enrolled
6a74b0adb9890d789584eaf1,6a71f26056c0266186cf5c5b,6a71f25956c0266186cf5ab6,enrolled
6a74b0adb9890d789584eaf2,6a71f26056c0266186cf5c5e,6a71f25956c0266186cf5ab6,enrolled
6a74b0adb9890d789584eaf3,6a71f26056c0266186cf5c61,6a71f25956c0266186cf5ab6,enrolled
6a74b0adb9890d789584eaf4,6a71f26056c0266186cf5c64,6a71f25956c0266186cf5ab6,enrolled
6a74b0adb9890d789584eaf5,6a71f26056c0266186cf5c67,6a71f25956c0266186cf5ab6,enrolled
6a74b0adb9890d789584eaf6,6a71f26156c0266186cf5c6a,6a71f25956c0266186cf5ab6,enrolled
6a74b0adb9890d789584eaf7,6a71f26156c0266186cf5c6d,6a71f25956c0266186cf5ab6,enrolled
6a74b0adb9890d789584eaf8,6a71f26156c0266186cf5c70,6a71f25956c0266186cf5ab6,enrolled
6a74b0adb9890d789584eaf9,6a71f26156c0266186cf5c73,6a71f25956c0266186cf5ab6,enrolled
6a74b0adb9890d789584eafa,6a71f26156c0266186cf5c76,6a71f25956c0266186cf5ab6,enrolled
6a74b0adb9890d789584eafb,6a71f26156c0266186cf5c79,6a71f25956c0266186cf5ab6,enrolled
6a74b0adb9890d789584eafc,6a71f26156c0266186cf5c7c,6a71f25956c0266186cf5ab6,enrolled
6a74b0adb9890d789584eafd,6a71f26156c0266186cf5c7f,6a71f25956c0266186cf5ab6,enrolled
6a74b0adb9890d789584eafe,6a71f26156c0266186cf5c82,6a71f25956c0266186cf5ab6,enrolled
6a74b0adb9890d789584eaff,6a71f26156c0266186cf5c85,6a71f25956c0266186cf5ab6,enrolled
6a74b0adb9890d789584eb00,6a71f26156c0266186cf5c88,6a71f25956c0266186cf5ab6,enrolled
6a74b0aeb9890d789584eb01,6a71f26156c0266186cf5c8b,6a71f25956c0266186cf5ab6,enrolled
6a74b0aeb9890d789584eb02,6a71f26156c0266186cf5c8e,6a71f25956c0266186cf5ab6,enrolled
6a74b0aeb9890d789584eb03,6a71f26156c0266186cf5c91,6a71f25956c0266186cf5ab6,enrolled
6a74b0aeb9890d789584eb04,6a71f26156c0266186cf5c94,6a71f25956c0266186cf5ab6,enrolled
6a74b0aeb9890d789584eb05,6a71f26156c0266186cf5c97,6a71f25956c0266186cf5ab6,enrolled
6a74b0aeb9890d789584eb06,6a71f26156c0266186cf5c9a,6a71f25956c0266186cf5ab6,enrolled
6a74b0aeb9890d789584eb07,6a71f26156c0266186cf5c9d,6a71f25956c0266186cf5ab6,enrolled
6a74b0aeb9890d789584eb08,6a71f26156c0266186cf5ca0,6a71f25956c0266186cf5ab6,enrolled
6a74b0aeb9890d789584eb09,6a71f26156c0266186cf5ca3,6a71f25956c0266186cf5ab6,enrolled
6a74b0aeb9890d789584eb0a,6a71f26256c0266186cf5ca6,6a71f25956c0266186cf5ab6,enrolled
6a74b0aeb9890d789584eb0b,6a71f26256c0266186cf5ca9,6a71f25956c0266186cf5ab6,enrolled
6a74b0aeb9890d789584eb0c,6a71f26256c0266186cf5cac,6a71f25956c0266186cf5ab6,enrolled
6a74b0aeb9890d789584eb0d,6a71f26256c0266186cf5caf,6a71f25956c0266186cf5ab6,enrolled
6a74b0aeb9890d789584eb0e,6a71f26256c0266186cf5cb2,6a71f25956c0266186cf5ab6,enrolled
6a74b0aeb9890d789584eb0f,6a71f26256c0266186cf5cb5,6a71f25956c0266186cf5ab6,enrolled
6a74b0aeb9890d789584eb10,6a71f26256c0266186cf5cb8,6a71f25956c0266186cf5ab6,enrolled
6a74b0aeb9890d789584eb11,6a71f26256c0266186cf5cbb,6a71f25956c0266186cf5ab6,enrolled
6a74b0aeb9890d789584eb12,6a71f26256c0266186cf5cbe,6a71f25956c0266186cf5ab6,enrolled
6a74b0aeb9890d789584eb13,6a71f26256c0266186cf5cc1,6a71f25956c0266186cf5ab6,enrolled
6a74b0aeb9890d789584eb14,6a71f26256c0266186cf5cc4,6a71f25956c0266186cf5ab6,enrolled
6a74b0aeb9890d789584eb15,6a71f26256c0266186cf5cc7,6a71f25956c0266186cf5ab6,enrolled
6a74b0aeb9890d789584eb16,6a71f26256c0266186cf5cca,6a71f25956c0266186cf5ab6,enrolled
6a74b0aeb9890d789584eb17,6a71f26256c0266186cf5ccd,6a71f25956c0266186cf5ab6,enrolled
6a74b0aeb9890d789584eb18,6a71f26256c0266186cf5cd0,6a71f25956c0266186cf5ab6,enrolled
6a74b0aeb9890d789584eb19,6a71f25456c0266186cf59ad,6a71f25956c0266186cf5abc,enrolled
6a74b0aeb9890d789584eb1a,6a71f25456c0266186cf59b1,6a71f25956c0266186cf5abc,enrolled
6a74b0aeb9890d789584eb1b,6a71f25456c0266186cf59b5,6a71f25956c0266186cf5abc,enrolled
6a74b0afb9890d789584eb1c,6a71f25456c0266186cf59b9,6a71f25956c0266186cf5abc,enrolled
6a74b0afb9890d789584eb1d,6a71f25556c0266186cf59bc,6a71f25956c0266186cf5abc,enrolled
6a74b0afb9890d789584eb1e,6a71f25556c0266186cf59bf,6a71f25956c0266186cf5abc,enrolled
6a74b0afb9890d789584eb1f,6a71f25556c0266186cf59c2,6a71f25956c0266186cf5abc,enrolled
6a74b0afb9890d789584eb20,6a71f25556c0266186cf59c5,6a71f25956c0266186cf5abc,enrolled
6a74b0afb9890d789584eb21,6a71f25556c0266186cf59c8,6a71f25956c0266186cf5abc,enrolled
6a74b0afb9890d789584eb22,6a71f25556c0266186cf59cb,6a71f25956c0266186cf5abc,enrolled
6a74b0afb9890d789584eb23,6a71f25556c0266186cf59ce,6a71f25956c0266186cf5abc,enrolled
6a74b0afb9890d789584eb24,6a71f25556c0266186cf59d1,6a71f25956c0266186cf5abc,enrolled
6a74b0afb9890d789584eb25,6a71f25556c0266186cf59d4,6a71f25956c0266186cf5abc,enrolled
6a74b0afb9890d789584eb26,6a71f25b56c0266186cf5b11,6a71f25956c0266186cf5abc,enrolled
6a74b0afb9890d789584eb27,6a71f25b56c0266186cf5b14,6a71f25956c0266186cf5abc,enrolled
6a74b0afb9890d789584eb28,6a71f25b56c0266186cf5b17,6a71f25956c0266186cf5abc,enrolled
6a74b0afb9890d789584eb29,6a71f25b56c0266186cf5b1a,6a71f25956c0266186cf5abc,enrolled
6a74b0afb9890d789584eb2a,6a71f25b56c0266186cf5b1d,6a71f25956c0266186cf5abc,enrolled
6a74b0afb9890d789584eb2b,6a71f25b56c0266186cf5b20,6a71f25956c0266186cf5abc,enrolled
6a74b0afb9890d789584eb2c,6a71f25b56c0266186cf5b23,6a71f25956c0266186cf5abc,enrolled
6a74b0afb9890d789584eb2d,6a71f25b56c0266186cf5b26,6a71f25956c0266186cf5abc,enrolled
6a74b0afb9890d789584eb2e,6a71f25b56c0266186cf5b29,6a71f25956c0266186cf5abc,enrolled
6a74b0afb9890d789584eb2f,6a71f25b56c0266186cf5b2c,6a71f25956c0266186cf5abc,enrolled
6a74b0afb9890d789584eb30,6a71f25b56c0266186cf5b2f,6a71f25956c0266186cf5abc,enrolled
6a74b0afb9890d789584eb31,6a71f25b56c0266186cf5b32,6a71f25956c0266186cf5abc,enrolled
6a74b0afb9890d789584eb32,6a71f25b56c0266186cf5b35,6a71f25956c0266186cf5abc,enrolled
6a74b0afb9890d789584eb33,6a71f25b56c0266186cf5b38,6a71f25956c0266186cf5abc,enrolled
6a74b0afb9890d789584eb34,6a71f25b56c0266186cf5b3b,6a71f25956c0266186cf5abc,enrolled
6a74b0afb9890d789584eb35,6a71f25b56c0266186cf5b3e,6a71f25956c0266186cf5abc,enrolled
6a74b0afb9890d789584eb36,6a71f25b56c0266186cf5b41,6a71f25956c0266186cf5abc,enrolled
6a74b0b0b9890d789584eb37,6a71f25c56c0266186cf5b44,6a71f25956c0266186cf5abc,enrolled
6a74b0b0b9890d789584eb38,6a71f25c56c0266186cf5b47,6a71f25956c0266186cf5abc,enrolled
6a74b0b0b9890d789584eb39,6a71f25c56c0266186cf5b4a,6a71f25956c0266186cf5abc,enrolled
6a74b0b0b9890d789584eb3a,6a71f25c56c0266186cf5b4d,6a71f25956c0266186cf5abc,enrolled
6a74b0b0b9890d789584eb3b,6a71f25c56c0266186cf5b50,6a71f25956c0266186cf5abc,enrolled
6a74b0b0b9890d789584eb3c,6a71f25c56c0266186cf5b53,6a71f25956c0266186cf5abc,enrolled
6a74b0b0b9890d789584eb3d,6a71f25c56c0266186cf5b56,6a71f25956c0266186cf5abc,enrolled
6a74b0b0b9890d789584eb3e,6a71f25c56c0266186cf5b59,6a71f25956c0266186cf5abc,enrolled
6a74b0b1b9890d789584eb3f,6a71f25d56c0266186cf5ba7,6a71f25956c0266186cf5abc,enrolled
6a74b0b1b9890d789584eb40,6a71f25d56c0266186cf5baa,6a71f25956c0266186cf5abc,enrolled
6a74b0b1b9890d789584eb41,6a71f25d56c0266186cf5bad,6a71f25956c0266186cf5abc,enrolled
6a74b0b1b9890d789584eb42,6a71f25d56c0266186cf5bb0,6a71f25956c0266186cf5abc,enrolled
6a74b0b1b9890d789584eb43,6a71f25d56c0266186cf5bb3,6a71f25956c0266186cf5abc,enrolled
6a74b0b1b9890d789584eb44,6a71f25d56c0266186cf5bb6,6a71f25956c0266186cf5abc,enrolled
6a74b0b1b9890d789584eb45,6a71f25e56c0266186cf5bb9,6a71f25956c0266186cf5abc,enrolled
6a74b0b1b9890d789584eb46,6a71f25e56c0266186cf5bbc,6a71f25956c0266186cf5abc,enrolled
6a74b0b1b9890d789584eb47,6a71f25e56c0266186cf5bbf,6a71f25956c0266186cf5abc,enrolled
6a74b0b1b9890d789584eb48,6a71f25e56c0266186cf5bc2,6a71f25956c0266186cf5abc,enrolled
6a74b0b1b9890d789584eb49,6a71f25e56c0266186cf5bc5,6a71f25956c0266186cf5abc,enrolled
6a74b0b1b9890d789584eb4a,6a71f25e56c0266186cf5bc8,6a71f25956c0266186cf5abc,enrolled
6a74b0b1b9890d789584eb4b,6a71f25e56c0266186cf5bcb,6a71f25956c0266186cf5abc,enrolled
6a74b0b1b9890d789584eb4c,6a71f25e56c0266186cf5bce,6a71f25956c0266186cf5abc,enrolled
6a74b0b1b9890d789584eb4d,6a71f25e56c0266186cf5bd1,6a71f25956c0266186cf5abc,enrolled
6a74b0b1b9890d789584eb4e,6a71f25e56c0266186cf5bd4,6a71f25956c0266186cf5abc,enrolled
6a74b0b1b9890d789584eb4f,6a71f25e56c0266186cf5bd7,6a71f25956c0266186cf5abc,enrolled
6a74b0b1b9890d789584eb50,6a71f25e56c0266186cf5bda,6a71f25956c0266186cf5abc,enrolled
6a74b0b2b9890d789584eb51,6a71f25e56c0266186cf5bdd,6a71f25956c0266186cf5abc,enrolled
6a74b0b2b9890d789584eb52,6a71f25e56c0266186cf5be0,6a71f25956c0266186cf5abc,enrolled
6a74b0b2b9890d789584eb53,6a71f25e56c0266186cf5be3,6a71f25956c0266186cf5abc,enrolled
6a74b0b2b9890d789584eb54,6a71f25e56c0266186cf5be6,6a71f25956c0266186cf5abc,enrolled
6a74b0b2b9890d789584eb55,6a71f25e56c0266186cf5be9,6a71f25956c0266186cf5abc,enrolled
6a74b0b2b9890d789584eb56,6a71f25e56c0266186cf5bec,6a71f25956c0266186cf5abc,enrolled
6a74b0b2b9890d789584eb57,6a71f25e56c0266186cf5bef,6a71f25956c0266186cf5abc,enrolled
6a74b0b2b9890d789584eb58,6a71f25e56c0266186cf5bf2,6a71f25956c0266186cf5abc,enrolled
6a74b0b2b9890d789584eb59,6a71f25f56c0266186cf5bf5,6a71f25956c0266186cf5abc,enrolled
6a74b0b2b9890d789584eb5a,6a71f25f56c0266186cf5bf8,6a71f25956c0266186cf5abc,enrolled
6a74b0b2b9890d789584eb5b,6a71f25f56c0266186cf5bfb,6a71f25956c0266186cf5abc,enrolled
6a74b0b2b9890d789584eb5c,6a71f25f56c0266186cf5bfe,6a71f25956c0266186cf5abc,enrolled
6a74b0b2b9890d789584eb5d,6a71f25f56c0266186cf5c01,6a71f25956c0266186cf5abc,enrolled
6a74b0b2b9890d789584eb5e,6a71f25f56c0266186cf5c04,6a71f25956c0266186cf5abc,enrolled
6a74b0b2b9890d789584eb5f,6a71f25f56c0266186cf5c07,6a71f25956c0266186cf5abc,enrolled
6a74b0b2b9890d789584eb60,6a71f25f56c0266186cf5c0a,6a71f25956c0266186cf5abc,enrolled
6a74b0b2b9890d789584eb61,6a71f25f56c0266186cf5c0d,6a71f25956c0266186cf5abc,enrolled
6a74b0b2b9890d789584eb62,6a71f25f56c0266186cf5c10,6a71f25956c0266186cf5abc,enrolled
6a74b0b2b9890d789584eb63,6a71f25f56c0266186cf5c13,6a71f25956c0266186cf5abc,enrolled
6a74b0b2b9890d789584eb64,6a71f25f56c0266186cf5c16,6a71f25956c0266186cf5abc,enrolled
6a74b0b2b9890d789584eb65,6a71f25f56c0266186cf5c19,6a71f25956c0266186cf5abc,enrolled
6a74b0b2b9890d789584eb66,6a71f25f56c0266186cf5c1c,6a71f25956c0266186cf5abc,enrolled
6a74b0b2b9890d789584eb67,6a71f25f56c0266186cf5c1f,6a71f25956c0266186cf5abc,enrolled
6a74b0b2b9890d789584eb68,6a71f25f56c0266186cf5c22,6a71f25956c0266186cf5abc,enrolled
6a74b0b2b9890d789584eb69,6a71f25f56c0266186cf5c25,6a71f25956c0266186cf5abc,enrolled
6a74b0b2b9890d789584eb6a,6a71f25f56c0266186cf5c28,6a71f25956c0266186cf5abc,enrolled
6a74b0b3b9890d789584eb6b,6a71f25f56c0266186cf5c2b,6a71f25956c0266186cf5abc,enrolled
6a74b0b3b9890d789584eb6c,6a71f25f56c0266186cf5c2e,6a71f25956c0266186cf5abc,enrolled
6a74b0b3b9890d789584eb6d,6a71f26056c0266186cf5c31,6a71f25956c0266186cf5abc,enrolled
6a74b0b3b9890d789584eb6e,6a71f26056c0266186cf5c34,6a71f25956c0266186cf5abc,enrolled
6a74b0b3b9890d789584eb6f,6a71f26056c0266186cf5c37,6a71f25956c0266186cf5abc,enrolled
6a74b0b3b9890d789584eb70,6a71f26056c0266186cf5c3a,6a71f25956c0266186cf5abc,enrolled
6a74b0b3b9890d789584eb71,6a71f26056c0266186cf5c3d,6a71f25956c0266186cf5abc,enrolled
6a74b0b3b9890d789584eb72,6a71f26056c0266186cf5c40,6a71f25956c0266186cf5abc,enrolled
6a74b0b3b9890d789584eb73,6a71f26056c0266186cf5c43,6a71f25956c0266186cf5abc,enrolled
6a74b0b3b9890d789584eb74,6a71f26056c0266186cf5c46,6a71f25956c0266186cf5abc,enrolled
6a74b0b3b9890d789584eb75,6a71f26056c0266186cf5c49,6a71f25956c0266186cf5abc,enrolled
6a74b0b3b9890d789584eb76,6a71f26056c0266186cf5c4c,6a71f25956c0266186cf5abc,enrolled
6a74b0b3b9890d789584eb77,6a71f26056c0266186cf5c4f,6a71f25956c0266186cf5abc,enrolled
6a74b0b3b9890d789584eb78,6a71f26056c0266186cf5c52,6a71f25956c0266186cf5abc,enrolled
6a74b0b3b9890d789584eb79,6a71f26056c0266186cf5c55,6a71f25956c0266186cf5abc,enrolled
6a74b0b3b9890d789584eb7a,6a71f26056c0266186cf5c58,6a71f25956c0266186cf5abc,enrolled
6a74b0b3b9890d789584eb7b,6a71f26056c0266186cf5c5b,6a71f25956c0266186cf5abc,enrolled
6a74b0b3b9890d789584eb7c,6a71f26056c0266186cf5c5e,6a71f25956c0266186cf5abc,enrolled
6a74b0b3b9890d789584eb7d,6a71f26056c0266186cf5c61,6a71f25956c0266186cf5abc,enrolled
6a74b0b3b9890d789584eb7e,6a71f26056c0266186cf5c64,6a71f25956c0266186cf5abc,enrolled
6a74b0b3b9890d789584eb7f,6a71f26056c0266186cf5c67,6a71f25956c0266186cf5abc,enrolled
6a74b0b3b9890d789584eb80,6a71f26156c0266186cf5c6a,6a71f25956c0266186cf5abc,enrolled
6a74b0b3b9890d789584eb81,6a71f26156c0266186cf5c6d,6a71f25956c0266186cf5abc,enrolled
6a74b0b3b9890d789584eb82,6a71f26156c0266186cf5c70,6a71f25956c0266186cf5abc,enrolled
6a74b0b3b9890d789584eb83,6a71f26156c0266186cf5c73,6a71f25956c0266186cf5abc,enrolled
6a74b0b4b9890d789584eb84,6a71f26156c0266186cf5c76,6a71f25956c0266186cf5abc,enrolled
6a74b0b4b9890d789584eb85,6a71f26156c0266186cf5c79,6a71f25956c0266186cf5abc,enrolled
6a74b0b4b9890d789584eb86,6a71f26156c0266186cf5c7c,6a71f25956c0266186cf5abc,enrolled
6a74b0b4b9890d789584eb87,6a71f26156c0266186cf5c7f,6a71f25956c0266186cf5abc,enrolled
6a74b0b4b9890d789584eb88,6a71f26156c0266186cf5c82,6a71f25956c0266186cf5abc,enrolled
6a74b0b4b9890d789584eb89,6a71f26156c0266186cf5c85,6a71f25956c0266186cf5abc,enrolled
6a74b0b4b9890d789584eb8a,6a71f26156c0266186cf5c88,6a71f25956c0266186cf5abc,enrolled
6a74b0b4b9890d789584eb8b,6a71f26156c0266186cf5c8b,6a71f25956c0266186cf5abc,enrolled
6a74b0b4b9890d789584eb8c,6a71f26156c0266186cf5c8e,6a71f25956c0266186cf5abc,enrolled
6a74b0b4b9890d789584eb8d,6a71f26156c0266186cf5c91,6a71f25956c0266186cf5abc,enrolled
6a74b0b4b9890d789584eb8e,6a71f26156c0266186cf5c94,6a71f25956c0266186cf5abc,enrolled
6a74b0b4b9890d789584eb8f,6a71f26156c0266186cf5c97,6a71f25956c0266186cf5abc,enrolled
6a74b0b4b9890d789584eb90,6a71f26156c0266186cf5c9a,6a71f25956c0266186cf5abc,enrolled
6a74b0b4b9890d789584eb91,6a71f26156c0266186cf5c9d,6a71f25956c0266186cf5abc,enrolled
6a74b0b4b9890d789584eb92,6a71f26156c0266186cf5ca0,6a71f25956c0266186cf5abc,enrolled
6a74b0b4b9890d789584eb93,6a71f26156c0266186cf5ca3,6a71f25956c0266186cf5abc,enrolled
6a74b0b4b9890d789584eb94,6a71f26256c0266186cf5ca6,6a71f25956c0266186cf5abc,enrolled
6a74b0b4b9890d789584eb95,6a71f26256c0266186cf5ca9,6a71f25956c0266186cf5abc,enrolled
6a74b0b4b9890d789584eb96,6a71f26256c0266186cf5cac,6a71f25956c0266186cf5abc,enrolled
6a74b0b4b9890d789584eb97,6a71f26256c0266186cf5caf,6a71f25956c0266186cf5abc,enrolled
6a74b0b4b9890d789584eb98,6a71f26256c0266186cf5cb2,6a71f25956c0266186cf5abc,enrolled
6a74b0b4b9890d789584eb99,6a71f26256c0266186cf5cb5,6a71f25956c0266186cf5abc,enrolled
6a74b0b4b9890d789584eb9a,6a71f26256c0266186cf5cb8,6a71f25956c0266186cf5abc,enrolled
6a74b0b4b9890d789584eb9b,6a71f26256c0266186cf5cbb,6a71f25956c0266186cf5abc,enrolled
6a74b0b5b9890d789584eb9c,6a71f26256c0266186cf5cbe,6a71f25956c0266186cf5abc,enrolled
6a74b0b5b9890d789584eb9d,6a71f26256c0266186cf5cc1,6a71f25956c0266186cf5abc,enrolled
6a74b0b5b9890d789584eb9e,6a71f26256c0266186cf5cc4,6a71f25956c0266186cf5abc,enrolled
6a74b0b5b9890d789584eb9f,6a71f26256c0266186cf5cc7,6a71f25956c0266186cf5abc,enrolled
6a74b0b5b9890d789584eba0,6a71f26256c0266186cf5cca,6a71f25956c0266186cf5abc,enrolled
6a74b0b5b9890d789584eba1,6a71f26256c0266186cf5ccd,6a71f25956c0266186cf5abc,enrolled
6a74b0b5b9890d789584eba2,6a71f26256c0266186cf5cd0,6a71f25956c0266186cf5abc,enrolled
6a74b0b5b9890d789584eba3,6a71f25456c0266186cf59ad,6a71f25956c0266186cf5ac2,enrolled
6a74b0b5b9890d789584eba4,6a71f25456c0266186cf59b1,6a71f25956c0266186cf5ac2,enrolled
6a74b0b5b9890d789584eba5,6a71f25456c0266186cf59b5,6a71f25956c0266186cf5ac2,enrolled
6a74b0b5b9890d789584eba6,6a71f25456c0266186cf59b9,6a71f25956c0266186cf5ac2,enrolled
6a74b0b5b9890d789584eba7,6a71f25556c0266186cf59bc,6a71f25956c0266186cf5ac2,enrolled
6a74b0b5b9890d789584eba8,6a71f25556c0266186cf59bf,6a71f25956c0266186cf5ac2,enrolled
6a74b0b5b9890d789584eba9,6a71f25556c0266186cf59c2,6a71f25956c0266186cf5ac2,enrolled
6a74b0b5b9890d789584ebaa,6a71f25556c0266186cf59c5,6a71f25956c0266186cf5ac2,enrolled
6a74b0b5b9890d789584ebab,6a71f25556c0266186cf59c8,6a71f25956c0266186cf5ac2,enrolled
6a74b0b5b9890d789584ebac,6a71f25556c0266186cf59cb,6a71f25956c0266186cf5ac2,enrolled
6a74b0b5b9890d789584ebad,6a71f25556c0266186cf59ce,6a71f25956c0266186cf5ac2,enrolled
6a74b0b5b9890d789584ebae,6a71f25556c0266186cf59d1,6a71f25956c0266186cf5ac2,enrolled
6a74b0b5b9890d789584ebaf,6a71f25556c0266186cf59d4,6a71f25956c0266186cf5ac2,enrolled
6a74b0b7b9890d789584ebb0,6a71f25d56c0266186cf5ba7,6a71f25956c0266186cf5ac2,enrolled
6a74b0b7b9890d789584ebb1,6a71f25d56c0266186cf5baa,6a71f25956c0266186cf5ac2,enrolled
6a74b0b7b9890d789584ebb2,6a71f25d56c0266186cf5bad,6a71f25956c0266186cf5ac2,enrolled
6a74b0b7b9890d789584ebb3,6a71f25d56c0266186cf5bb0,6a71f25956c0266186cf5ac2,enrolled
6a74b0b7b9890d789584ebb4,6a71f25d56c0266186cf5bb3,6a71f25956c0266186cf5ac2,enrolled
6a74b0b7b9890d789584ebb5,6a71f25d56c0266186cf5bb6,6a71f25956c0266186cf5ac2,enrolled
6a74b0b7b9890d789584ebb6,6a71f25e56c0266186cf5bb9,6a71f25956c0266186cf5ac2,enrolled
6a74b0b7b9890d789584ebb7,6a71f25e56c0266186cf5bbc,6a71f25956c0266186cf5ac2,enrolled
6a74b0b7b9890d789584ebb8,6a71f25e56c0266186cf5bbf,6a71f25956c0266186cf5ac2,enrolled
6a74b0b7b9890d789584ebb9,6a71f25e56c0266186cf5bc2,6a71f25956c0266186cf5ac2,enrolled
6a74b0b7b9890d789584ebba,6a71f25e56c0266186cf5bc5,6a71f25956c0266186cf5ac2,enrolled
6a74b0b7b9890d789584ebbb,6a71f25e56c0266186cf5bc8,6a71f25956c0266186cf5ac2,enrolled
6a74b0b7b9890d789584ebbc,6a71f25e56c0266186cf5bcb,6a71f25956c0266186cf5ac2,enrolled
6a74b0b8b9890d789584ebbd,6a71f25e56c0266186cf5bce,6a71f25956c0266186cf5ac2,enrolled
6a74b0b8b9890d789584ebbe,6a71f25e56c0266186cf5bd1,6a71f25956c0266186cf5ac2,enrolled
6a74b0b8b9890d789584ebbf,6a71f25e56c0266186cf5bd4,6a71f25956c0266186cf5ac2,enrolled
6a74b0b8b9890d789584ebc0,6a71f25e56c0266186cf5bd7,6a71f25956c0266186cf5ac2,enrolled
6a74b0b8b9890d789584ebc1,6a71f25e56c0266186cf5bda,6a71f25956c0266186cf5ac2,enrolled
6a74b0b8b9890d789584ebc2,6a71f25e56c0266186cf5bdd,6a71f25956c0266186cf5ac2,enrolled
6a74b0b8b9890d789584ebc3,6a71f25e56c0266186cf5be0,6a71f25956c0266186cf5ac2,enrolled
6a74b0b8b9890d789584ebc4,6a71f25e56c0266186cf5be3,6a71f25956c0266186cf5ac2,enrolled
6a74b0b8b9890d789584ebc5,6a71f25e56c0266186cf5be6,6a71f25956c0266186cf5ac2,enrolled
6a74b0b8b9890d789584ebc6,6a71f25e56c0266186cf5be9,6a71f25956c0266186cf5ac2,enrolled
6a74b0b8b9890d789584ebc7,6a71f25e56c0266186cf5bec,6a71f25956c0266186cf5ac2,enrolled
6a74b0b8b9890d789584ebc8,6a71f25e56c0266186cf5bef,6a71f25956c0266186cf5ac2,enrolled
6a74b0b8b9890d789584ebc9,6a71f25e56c0266186cf5bf2,6a71f25956c0266186cf5ac2,enrolled
6a74b0b8b9890d789584ebca,6a71f25f56c0266186cf5bf5,6a71f25956c0266186cf5ac2,enrolled
6a74b0b8b9890d789584ebcb,6a71f25f56c0266186cf5bf8,6a71f25956c0266186cf5ac2,enrolled
6a74b0b8b9890d789584ebcc,6a71f25f56c0266186cf5bfb,6a71f25956c0266186cf5ac2,enrolled
6a74b0b8b9890d789584ebcd,6a71f25f56c0266186cf5bfe,6a71f25956c0266186cf5ac2,enrolled
6a74b0b8b9890d789584ebce,6a71f25f56c0266186cf5c01,6a71f25956c0266186cf5ac2,enrolled
6a74b0b8b9890d789584ebcf,6a71f25f56c0266186cf5c04,6a71f25956c0266186cf5ac2,enrolled
6a74b0b8b9890d789584ebd0,6a71f25f56c0266186cf5c07,6a71f25956c0266186cf5ac2,enrolled
6a74b0b8b9890d789584ebd1,6a71f25f56c0266186cf5c0a,6a71f25956c0266186cf5ac2,enrolled
6a74b0b8b9890d789584ebd2,6a71f25f56c0266186cf5c0d,6a71f25956c0266186cf5ac2,enrolled
6a74b0b8b9890d789584ebd3,6a71f25f56c0266186cf5c10,6a71f25956c0266186cf5ac2,enrolled
6a74b0b8b9890d789584ebd4,6a71f25f56c0266186cf5c13,6a71f25956c0266186cf5ac2,enrolled
6a74b0b8b9890d789584ebd5,6a71f25f56c0266186cf5c16,6a71f25956c0266186cf5ac2,enrolled
6a74b0b8b9890d789584ebd6,6a71f25f56c0266186cf5c19,6a71f25956c0266186cf5ac2,enrolled
6a74b0b8b9890d789584ebd7,6a71f25f56c0266186cf5c1c,6a71f25956c0266186cf5ac2,enrolled
6a74b0b9b9890d789584ebd8,6a71f25f56c0266186cf5c1f,6a71f25956c0266186cf5ac2,enrolled
6a74b0b9b9890d789584ebd9,6a71f25f56c0266186cf5c22,6a71f25956c0266186cf5ac2,enrolled
6a74b0b9b9890d789584ebda,6a71f25f56c0266186cf5c25,6a71f25956c0266186cf5ac2,enrolled
6a74b0b9b9890d789584ebdb,6a71f25f56c0266186cf5c28,6a71f25956c0266186cf5ac2,enrolled
6a74b0b9b9890d789584ebdc,6a71f25f56c0266186cf5c2b,6a71f25956c0266186cf5ac2,enrolled
6a74b0b9b9890d789584ebdd,6a71f25f56c0266186cf5c2e,6a71f25956c0266186cf5ac2,enrolled
6a74b0b9b9890d789584ebde,6a71f26056c0266186cf5c31,6a71f25956c0266186cf5ac2,enrolled
6a74b0b9b9890d789584ebdf,6a71f26056c0266186cf5c34,6a71f25956c0266186cf5ac2,enrolled
6a74b0b9b9890d789584ebe0,6a71f26056c0266186cf5c37,6a71f25956c0266186cf5ac2,enrolled
6a74b0b9b9890d789584ebe1,6a71f26056c0266186cf5c3a,6a71f25956c0266186cf5ac2,enrolled
6a74b0b9b9890d789584ebe2,6a71f26056c0266186cf5c3d,6a71f25956c0266186cf5ac2,enrolled
6a74b0b9b9890d789584ebe3,6a71f26056c0266186cf5c40,6a71f25956c0266186cf5ac2,enrolled
6a74b0b9b9890d789584ebe4,6a71f26056c0266186cf5c43,6a71f25956c0266186cf5ac2,enrolled
6a74b0b9b9890d789584ebe5,6a71f26056c0266186cf5c46,6a71f25956c0266186cf5ac2,enrolled
6a74b0b9b9890d789584ebe6,6a71f26056c0266186cf5c49,6a71f25956c0266186cf5ac2,enrolled
6a74b0b9b9890d789584ebe7,6a71f26056c0266186cf5c4c,6a71f25956c0266186cf5ac2,enrolled
6a74b0b9b9890d789584ebe8,6a71f26056c0266186cf5c4f,6a71f25956c0266186cf5ac2,enrolled
6a74b0b9b9890d789584ebe9,6a71f26056c0266186cf5c52,6a71f25956c0266186cf5ac2,enrolled
6a74b0b9b9890d789584ebea,6a71f26056c0266186cf5c55,6a71f25956c0266186cf5ac2,enrolled
6a74b0b9b9890d789584ebeb,6a71f26056c0266186cf5c58,6a71f25956c0266186cf5ac2,enrolled
6a74b0b9b9890d789584ebec,6a71f26056c0266186cf5c5b,6a71f25956c0266186cf5ac2,enrolled
6a74b0b9b9890d789584ebed,6a71f26056c0266186cf5c5e,6a71f25956c0266186cf5ac2,enrolled
6a74b0b9b9890d789584ebee,6a71f26056c0266186cf5c61,6a71f25956c0266186cf5ac2,enrolled
6a74b0b9b9890d789584ebef,6a71f26056c0266186cf5c64,6a71f25956c0266186cf5ac2,enrolled
6a74b0b9b9890d789584ebf0,6a71f26056c0266186cf5c67,6a71f25956c0266186cf5ac2,enrolled
6a74b0b9b9890d789584ebf1,6a71f26156c0266186cf5c6a,6a71f25956c0266186cf5ac2,enrolled
6a74b0bab9890d789584ebf2,6a71f26156c0266186cf5c6d,6a71f25956c0266186cf5ac2,enrolled
6a74b0bab9890d789584ebf3,6a71f26156c0266186cf5c70,6a71f25956c0266186cf5ac2,enrolled
6a74b0bab9890d789584ebf4,6a71f26156c0266186cf5c73,6a71f25956c0266186cf5ac2,enrolled
6a74b0bab9890d789584ebf5,6a71f26156c0266186cf5c76,6a71f25956c0266186cf5ac2,enrolled
6a74b0bab9890d789584ebf6,6a71f26156c0266186cf5c79,6a71f25956c0266186cf5ac2,enrolled
6a74b0bab9890d789584ebf7,6a71f26156c0266186cf5c7c,6a71f25956c0266186cf5ac2,enrolled
6a74b0bab9890d789584ebf8,6a71f26156c0266186cf5c7f,6a71f25956c0266186cf5ac2,enrolled
6a74b0bab9890d789584ebf9,6a71f26156c0266186cf5c82,6a71f25956c0266186cf5ac2,enrolled
6a74b0bab9890d789584ebfa,6a71f26156c0266186cf5c85,6a71f25956c0266186cf5ac2,enrolled
6a74b0bab9890d789584ebfb,6a71f26156c0266186cf5c88,6a71f25956c0266186cf5ac2,enrolled
6a74b0bab9890d789584ebfc,6a71f26156c0266186cf5c8b,6a71f25956c0266186cf5ac2,enrolled
6a74b0bab9890d789584ebfd,6a71f26156c0266186cf5c8e,6a71f25956c0266186cf5ac2,enrolled
6a74b0bab9890d789584ebfe,6a71f26156c0266186cf5c91,6a71f25956c0266186cf5ac2,enrolled
6a74b0bab9890d789584ebff,6a71f26156c0266186cf5c94,6a71f25956c0266186cf5ac2,enrolled
6a74b0bab9890d789584ec00,6a71f26156c0266186cf5c97,6a71f25956c0266186cf5ac2,enrolled
6a74b0bab9890d789584ec01,6a71f26156c0266186cf5c9a,6a71f25956c0266186cf5ac2,enrolled
6a74b0bbb9890d789584ec02,6a71f26156c0266186cf5c9d,6a71f25956c0266186cf5ac2,enrolled
6a74b0bbb9890d789584ec03,6a71f26156c0266186cf5ca0,6a71f25956c0266186cf5ac2,enrolled
6a74b0bbb9890d789584ec04,6a71f26156c0266186cf5ca3,6a71f25956c0266186cf5ac2,enrolled
6a74b0bbb9890d789584ec05,6a71f26256c0266186cf5ca6,6a71f25956c0266186cf5ac2,enrolled
6a74b0bbb9890d789584ec06,6a71f26256c0266186cf5ca9,6a71f25956c0266186cf5ac2,enrolled
6a74b0bbb9890d789584ec07,6a71f26256c0266186cf5cac,6a71f25956c0266186cf5ac2,enrolled
6a74b0bbb9890d789584ec08,6a71f26256c0266186cf5caf,6a71f25956c0266186cf5ac2,enrolled
6a74b0bbb9890d789584ec09,6a71f26256c0266186cf5cb2,6a71f25956c0266186cf5ac2,enrolled
6a74b0bbb9890d789584ec0a,6a71f26256c0266186cf5cb5,6a71f25956c0266186cf5ac2,enrolled
6a74b0bbb9890d789584ec0b,6a71f26256c0266186cf5cb8,6a71f25956c0266186cf5ac2,enrolled
6a74b0bbb9890d789584ec0c,6a71f26256c0266186cf5cbb,6a71f25956c0266186cf5ac2,enrolled
6a74b0bbb9890d789584ec0d,6a71f26256c0266186cf5cbe,6a71f25956c0266186cf5ac2,enrolled
6a74b0bbb9890d789584ec0e,6a71f26256c0266186cf5cc1,6a71f25956c0266186cf5ac2,enrolled
6a74b0bbb9890d789584ec0f,6a71f26256c0266186cf5cc4,6a71f25956c0266186cf5ac2,enrolled
6a74b0bbb9890d789584ec10,6a71f26256c0266186cf5cc7,6a71f25956c0266186cf5ac2,enrolled
6a74b0bbb9890d789584ec11,6a71f26256c0266186cf5cca,6a71f25956c0266186cf5ac2,enrolled
6a74b0bbb9890d789584ec12,6a71f26256c0266186cf5ccd,6a71f25956c0266186cf5ac2,enrolled
6a74b0bbb9890d789584ec13,6a71f26256c0266186cf5cd0,6a71f25956c0266186cf5ac2,enrolled
6a74b0bbb9890d789584ec14,6a71f25456c0266186cf59ad,6a71f25956c0266186cf5ac8,enrolled
6a74b0bbb9890d789584ec15,6a71f25456c0266186cf59b1,6a71f25956c0266186cf5ac8,enrolled
6a74b0bbb9890d789584ec16,6a71f25456c0266186cf59b5,6a71f25956c0266186cf5ac8,enrolled
6a74b0bbb9890d789584ec17,6a71f25456c0266186cf59b9,6a71f25956c0266186cf5ac8,enrolled
6a74b0bbb9890d789584ec18,6a71f25556c0266186cf59bc,6a71f25956c0266186cf5ac8,enrolled
6a74b0bbb9890d789584ec19,6a71f25556c0266186cf59bf,6a71f25956c0266186cf5ac8,enrolled
6a74b0bbb9890d789584ec1a,6a71f25556c0266186cf59c2,6a71f25956c0266186cf5ac8,enrolled
6a74b0bbb9890d789584ec1b,6a71f25556c0266186cf59c5,6a71f25956c0266186cf5ac8,enrolled
6a74b0bbb9890d789584ec1c,6a71f25556c0266186cf59c8,6a71f25956c0266186cf5ac8,enrolled
6a74b0bbb9890d789584ec1d,6a71f25556c0266186cf59cb,6a71f25956c0266186cf5ac8,enrolled
6a74b0bbb9890d789584ec1e,6a71f25556c0266186cf59ce,6a71f25956c0266186cf5ac8,enrolled
6a74b0bcb9890d789584ec1f,6a71f25556c0266186cf59d1,6a71f25956c0266186cf5ac8,enrolled
6a74b0bcb9890d789584ec20,6a71f25556c0266186cf59d4,6a71f25956c0266186cf5ac8,enrolled
6a74b0bdb9890d789584ec21,6a71f25d56c0266186cf5ba7,6a71f25956c0266186cf5ac8,enrolled
6a74b0bdb9890d789584ec22,6a71f25d56c0266186cf5baa,6a71f25956c0266186cf5ac8,enrolled
6a74b0bdb9890d789584ec23,6a71f25d56c0266186cf5bad,6a71f25956c0266186cf5ac8,enrolled
6a74b0beb9890d789584ec24,6a71f25d56c0266186cf5bb0,6a71f25956c0266186cf5ac8,enrolled
6a74b0beb9890d789584ec25,6a71f25d56c0266186cf5bb3,6a71f25956c0266186cf5ac8,enrolled
6a74b0beb9890d789584ec26,6a71f25d56c0266186cf5bb6,6a71f25956c0266186cf5ac8,enrolled
6a74b0beb9890d789584ec27,6a71f25e56c0266186cf5bb9,6a71f25956c0266186cf5ac8,enrolled
6a74b0beb9890d789584ec28,6a71f25e56c0266186cf5bbc,6a71f25956c0266186cf5ac8,enrolled
6a74b0beb9890d789584ec29,6a71f25e56c0266186cf5bbf,6a71f25956c0266186cf5ac8,enrolled
6a74b0beb9890d789584ec2a,6a71f25e56c0266186cf5bc2,6a71f25956c0266186cf5ac8,enrolled
6a74b0beb9890d789584ec2b,6a71f25e56c0266186cf5bc5,6a71f25956c0266186cf5ac8,enrolled
6a74b0beb9890d789584ec2c,6a71f25e56c0266186cf5bc8,6a71f25956c0266186cf5ac8,enrolled
6a74b0beb9890d789584ec2d,6a71f25e56c0266186cf5bcb,6a71f25956c0266186cf5ac8,enrolled
6a74b0beb9890d789584ec2e,6a71f25e56c0266186cf5bce,6a71f25956c0266186cf5ac8,enrolled
6a74b0beb9890d789584ec2f,6a71f25e56c0266186cf5bd1,6a71f25956c0266186cf5ac8,enrolled
6a74b0beb9890d789584ec30,6a71f25e56c0266186cf5bd4,6a71f25956c0266186cf5ac8,enrolled
6a74b0beb9890d789584ec31,6a71f25e56c0266186cf5bd7,6a71f25956c0266186cf5ac8,enrolled
6a74b0beb9890d789584ec32,6a71f25e56c0266186cf5bda,6a71f25956c0266186cf5ac8,enrolled
6a74b0beb9890d789584ec33,6a71f25e56c0266186cf5bdd,6a71f25956c0266186cf5ac8,enrolled
6a74b0beb9890d789584ec34,6a71f25e56c0266186cf5be0,6a71f25956c0266186cf5ac8,enrolled
6a74b0beb9890d789584ec35,6a71f25e56c0266186cf5be3,6a71f25956c0266186cf5ac8,enrolled
6a74b0beb9890d789584ec36,6a71f25e56c0266186cf5be6,6a71f25956c0266186cf5ac8,enrolled
6a74b0beb9890d789584ec37,6a71f25e56c0266186cf5be9,6a71f25956c0266186cf5ac8,enrolled
6a74b0beb9890d789584ec38,6a71f25e56c0266186cf5bec,6a71f25956c0266186cf5ac8,enrolled
6a74b0beb9890d789584ec39,6a71f25e56c0266186cf5bef,6a71f25956c0266186cf5ac8,enrolled
6a74b0beb9890d789584ec3a,6a71f25e56c0266186cf5bf2,6a71f25956c0266186cf5ac8,enrolled
6a74b0beb9890d789584ec3b,6a71f25f56c0266186cf5bf5,6a71f25956c0266186cf5ac8,enrolled
6a74b0beb9890d789584ec3c,6a71f25f56c0266186cf5bf8,6a71f25956c0266186cf5ac8,enrolled
6a74b0beb9890d789584ec3d,6a71f25f56c0266186cf5bfb,6a71f25956c0266186cf5ac8,enrolled
6a74b0beb9890d789584ec3e,6a71f25f56c0266186cf5bfe,6a71f25956c0266186cf5ac8,enrolled
6a74b0beb9890d789584ec3f,6a71f25f56c0266186cf5c01,6a71f25956c0266186cf5ac8,enrolled
6a74b0bfb9890d789584ec40,6a71f25f56c0266186cf5c04,6a71f25956c0266186cf5ac8,enrolled
6a74b0bfb9890d789584ec41,6a71f25f56c0266186cf5c07,6a71f25956c0266186cf5ac8,enrolled
6a74b0bfb9890d789584ec42,6a71f25f56c0266186cf5c0a,6a71f25956c0266186cf5ac8,enrolled
6a74b0bfb9890d789584ec43,6a71f25f56c0266186cf5c0d,6a71f25956c0266186cf5ac8,enrolled
6a74b0bfb9890d789584ec44,6a71f25f56c0266186cf5c10,6a71f25956c0266186cf5ac8,enrolled
6a74b0bfb9890d789584ec45,6a71f25f56c0266186cf5c13,6a71f25956c0266186cf5ac8,enrolled
6a74b0bfb9890d789584ec46,6a71f25f56c0266186cf5c16,6a71f25956c0266186cf5ac8,enrolled
6a74b0bfb9890d789584ec47,6a71f25f56c0266186cf5c19,6a71f25956c0266186cf5ac8,enrolled
6a74b0bfb9890d789584ec48,6a71f25f56c0266186cf5c1c,6a71f25956c0266186cf5ac8,enrolled
6a74b0bfb9890d789584ec49,6a71f25f56c0266186cf5c1f,6a71f25956c0266186cf5ac8,enrolled
6a74b0bfb9890d789584ec4a,6a71f25f56c0266186cf5c22,6a71f25956c0266186cf5ac8,enrolled
6a74b0bfb9890d789584ec4b,6a71f25f56c0266186cf5c25,6a71f25956c0266186cf5ac8,enrolled
6a74b0bfb9890d789584ec4c,6a71f25f56c0266186cf5c28,6a71f25956c0266186cf5ac8,enrolled
6a74b0bfb9890d789584ec4d,6a71f25f56c0266186cf5c2b,6a71f25956c0266186cf5ac8,enrolled
6a74b0bfb9890d789584ec4e,6a71f25f56c0266186cf5c2e,6a71f25956c0266186cf5ac8,enrolled
6a74b0bfb9890d789584ec4f,6a71f26056c0266186cf5c31,6a71f25956c0266186cf5ac8,enrolled
6a74b0bfb9890d789584ec50,6a71f26056c0266186cf5c34,6a71f25956c0266186cf5ac8,enrolled
6a74b0bfb9890d789584ec51,6a71f26056c0266186cf5c37,6a71f25956c0266186cf5ac8,enrolled
6a74b0bfb9890d789584ec52,6a71f26056c0266186cf5c3a,6a71f25956c0266186cf5ac8,enrolled
6a74b0bfb9890d789584ec53,6a71f26056c0266186cf5c3d,6a71f25956c0266186cf5ac8,enrolled
6a74b0bfb9890d789584ec54,6a71f26056c0266186cf5c40,6a71f25956c0266186cf5ac8,enrolled
6a74b0bfb9890d789584ec55,6a71f26056c0266186cf5c43,6a71f25956c0266186cf5ac8,enrolled
6a74b0bfb9890d789584ec56,6a71f26056c0266186cf5c46,6a71f25956c0266186cf5ac8,enrolled
6a74b0bfb9890d789584ec57,6a71f26056c0266186cf5c49,6a71f25956c0266186cf5ac8,enrolled
6a74b0bfb9890d789584ec58,6a71f26056c0266186cf5c4c,6a71f25956c0266186cf5ac8,enrolled
6a74b0bfb9890d789584ec59,6a71f26056c0266186cf5c4f,6a71f25956c0266186cf5ac8,enrolled
6a74b0c0b9890d789584ec5a,6a71f26056c0266186cf5c52,6a71f25956c0266186cf5ac8,enrolled
6a74b0c0b9890d789584ec5b,6a71f26056c0266186cf5c55,6a71f25956c0266186cf5ac8,enrolled
6a74b0c0b9890d789584ec5c,6a71f26056c0266186cf5c58,6a71f25956c0266186cf5ac8,enrolled
6a74b0c0b9890d789584ec5d,6a71f26056c0266186cf5c5b,6a71f25956c0266186cf5ac8,enrolled
6a74b0c0b9890d789584ec5e,6a71f26056c0266186cf5c5e,6a71f25956c0266186cf5ac8,enrolled
6a74b0c0b9890d789584ec5f,6a71f26056c0266186cf5c61,6a71f25956c0266186cf5ac8,enrolled
6a74b0c0b9890d789584ec60,6a71f26056c0266186cf5c64,6a71f25956c0266186cf5ac8,enrolled
6a74b0c0b9890d789584ec61,6a71f26056c0266186cf5c67,6a71f25956c0266186cf5ac8,enrolled
6a74b0c0b9890d789584ec62,6a71f26156c0266186cf5c6a,6a71f25956c0266186cf5ac8,enrolled
6a74b0c0b9890d789584ec63,6a71f26156c0266186cf5c6d,6a71f25956c0266186cf5ac8,enrolled
6a74b0c0b9890d789584ec64,6a71f26156c0266186cf5c70,6a71f25956c0266186cf5ac8,enrolled
6a74b0c0b9890d789584ec65,6a71f26156c0266186cf5c73,6a71f25956c0266186cf5ac8,enrolled
6a74b0c0b9890d789584ec66,6a71f26156c0266186cf5c76,6a71f25956c0266186cf5ac8,enrolled
6a74b0c0b9890d789584ec67,6a71f26156c0266186cf5c79,6a71f25956c0266186cf5ac8,enrolled
6a74b0c0b9890d789584ec68,6a71f26156c0266186cf5c7c,6a71f25956c0266186cf5ac8,enrolled
6a74b0c0b9890d789584ec69,6a71f26156c0266186cf5c7f,6a71f25956c0266186cf5ac8,enrolled
6a74b0c0b9890d789584ec6a,6a71f26156c0266186cf5c82,6a71f25956c0266186cf5ac8,enrolled
6a74b0c0b9890d789584ec6b,6a71f26156c0266186cf5c85,6a71f25956c0266186cf5ac8,enrolled
6a74b0c0b9890d789584ec6c,6a71f26156c0266186cf5c88,6a71f25956c0266186cf5ac8,enrolled
6a74b0c0b9890d789584ec6d,6a71f26156c0266186cf5c8b,6a71f25956c0266186cf5ac8,enrolled
6a74b0c0b9890d789584ec6e,6a71f26156c0266186cf5c8e,6a71f25956c0266186cf5ac8,enrolled
6a74b0c0b9890d789584ec6f,6a71f26156c0266186cf5c91,6a71f25956c0266186cf5ac8,enrolled
6a74b0c0b9890d789584ec70,6a71f26156c0266186cf5c94,6a71f25956c0266186cf5ac8,enrolled
6a74b0c0b9890d789584ec71,6a71f26156c0266186cf5c97,6a71f25956c0266186cf5ac8,enrolled
6a74b0c0b9890d789584ec72,6a71f26156c0266186cf5c9a,6a71f25956c0266186cf5ac8,enrolled
6a74b0c0b9890d789584ec73,6a71f26156c0266186cf5c9d,6a71f25956c0266186cf5ac8,enrolled
6a74b0c0b9890d789584ec74,6a71f26156c0266186cf5ca0,6a71f25956c0266186cf5ac8,enrolled
6a74b0c0b9890d789584ec75,6a71f26156c0266186cf5ca3,6a71f25956c0266186cf5ac8,enrolled
6a74b0c1b9890d789584ec76,6a71f26256c0266186cf5ca6,6a71f25956c0266186cf5ac8,enrolled
6a74b0c1b9890d789584ec77,6a71f26256c0266186cf5ca9,6a71f25956c0266186cf5ac8,enrolled
6a74b0c1b9890d789584ec78,6a71f26256c0266186cf5cac,6a71f25956c0266186cf5ac8,enrolled
6a74b0c1b9890d789584ec79,6a71f26256c0266186cf5caf,6a71f25956c0266186cf5ac8,enrolled
6a74b0c1b9890d789584ec7a,6a71f26256c0266186cf5cb2,6a71f25956c0266186cf5ac8,enrolled
6a74b0c1b9890d789584ec7b,6a71f26256c0266186cf5cb5,6a71f25956c0266186cf5ac8,enrolled
6a74b0c1b9890d789584ec7c,6a71f26256c0266186cf5cb8,6a71f25956c0266186cf5ac8,enrolled
6a74b0c1b9890d789584ec7d,6a71f26256c0266186cf5cbb,6a71f25956c0266186cf5ac8,enrolled
6a74b0c1b9890d789584ec7e,6a71f26256c0266186cf5cbe,6a71f25956c0266186cf5ac8,enrolled
6a74b0c1b9890d789584ec7f,6a71f26256c0266186cf5cc1,6a71f25956c0266186cf5ac8,enrolled
6a74b0c1b9890d789584ec80,6a71f26256c0266186cf5cc4,6a71f25956c0266186cf5ac8,enrolled
6a74b0c1b9890d789584ec81,6a71f26256c0266186cf5cc7,6a71f25956c0266186cf5ac8,enrolled
6a74b0c1b9890d789584ec82,6a71f26256c0266186cf5cca,6a71f25956c0266186cf5ac8,enrolled
6a74b0c1b9890d789584ec83,6a71f26256c0266186cf5ccd,6a71f25956c0266186cf5ac8,enrolled
6a74b0c1b9890d789584ec84,6a71f26256c0266186cf5cd0,6a71f25956c0266186cf5ac8,enrolled
6a74b0c1b9890d789584ec85,6a71f25456c0266186cf59ad,6a71f25956c0266186cf5ace,enrolled
6a74b0c1b9890d789584ec86,6a71f25456c0266186cf59b1,6a71f25956c0266186cf5ace,enrolled
6a74b0c1b9890d789584ec87,6a71f25456c0266186cf59b5,6a71f25956c0266186cf5ace,enrolled
6a74b0c1b9890d789584ec88,6a71f25456c0266186cf59b9,6a71f25956c0266186cf5ace,enrolled
6a74b0c1b9890d789584ec89,6a71f25556c0266186cf59bc,6a71f25956c0266186cf5ace,enrolled
6a74b0c1b9890d789584ec8a,6a71f25556c0266186cf59bf,6a71f25956c0266186cf5ace,enrolled
6a74b0c1b9890d789584ec8b,6a71f25556c0266186cf59c2,6a71f25956c0266186cf5ace,enrolled
6a74b0c1b9890d789584ec8c,6a71f25556c0266186cf59c5,6a71f25956c0266186cf5ace,enrolled
6a74b0c1b9890d789584ec8d,6a71f25556c0266186cf59c8,6a71f25956c0266186cf5ace,enrolled
6a74b0c1b9890d789584ec8e,6a71f25556c0266186cf59cb,6a71f25956c0266186cf5ace,enrolled
6a74b0c1b9890d789584ec8f,6a71f25556c0266186cf59ce,6a71f25956c0266186cf5ace,enrolled
6a74b0c1b9890d789584ec90,6a71f25556c0266186cf59d1,6a71f25956c0266186cf5ace,enrolled
6a74b0c2b9890d789584ec91,6a71f25556c0266186cf59d4,6a71f25956c0266186cf5ace,enrolled
6a74b0c2b9890d789584ec92,6a71f25c56c0266186cf5b5c,6a71f25956c0266186cf5ace,enrolled
6a74b0c2b9890d789584ec93,6a71f25c56c0266186cf5b5f,6a71f25956c0266186cf5ace,enrolled
6a74b0c3b9890d789584ec94,6a71f25c56c0266186cf5b62,6a71f25956c0266186cf5ace,enrolled
6a74b0c3b9890d789584ec95,6a71f25c56c0266186cf5b65,6a71f25956c0266186cf5ace,enrolled
6a74b0c3b9890d789584ec96,6a71f25c56c0266186cf5b68,6a71f25956c0266186cf5ace,enrolled
6a74b0c3b9890d789584ec97,6a71f25c56c0266186cf5b6b,6a71f25956c0266186cf5ace,enrolled
6a74b0c3b9890d789584ec98,6a71f25c56c0266186cf5b6e,6a71f25956c0266186cf5ace,enrolled
6a74b0c3b9890d789584ec99,6a71f25c56c0266186cf5b71,6a71f25956c0266186cf5ace,enrolled
6a74b0c3b9890d789584ec9a,6a71f25c56c0266186cf5b74,6a71f25956c0266186cf5ace,enrolled
6a74b0c3b9890d789584ec9b,6a71f25c56c0266186cf5b77,6a71f25956c0266186cf5ace,enrolled
6a74b0c3b9890d789584ec9c,6a71f25c56c0266186cf5b7a,6a71f25956c0266186cf5ace,enrolled
6a74b0c3b9890d789584ec9d,6a71f25d56c0266186cf5b7d,6a71f25956c0266186cf5ace,enrolled
6a74b0c3b9890d789584ec9e,6a71f25d56c0266186cf5b80,6a71f25956c0266186cf5ace,enrolled
6a74b0c3b9890d789584ec9f,6a71f25d56c0266186cf5b83,6a71f25956c0266186cf5ace,enrolled
6a74b0c3b9890d789584eca0,6a71f25d56c0266186cf5b86,6a71f25956c0266186cf5ace,enrolled
6a74b0c3b9890d789584eca1,6a71f25d56c0266186cf5b89,6a71f25956c0266186cf5ace,enrolled
6a74b0c3b9890d789584eca2,6a71f25d56c0266186cf5b8c,6a71f25956c0266186cf5ace,enrolled
6a74b0c3b9890d789584eca3,6a71f25d56c0266186cf5b8f,6a71f25956c0266186cf5ace,enrolled
6a74b0c3b9890d789584eca4,6a71f25d56c0266186cf5b92,6a71f25956c0266186cf5ace,enrolled
6a74b0c3b9890d789584eca5,6a71f25d56c0266186cf5b95,6a71f25956c0266186cf5ace,enrolled
6a74b0c3b9890d789584eca6,6a71f25d56c0266186cf5b98,6a71f25956c0266186cf5ace,enrolled
6a74b0c3b9890d789584eca7,6a71f25d56c0266186cf5b9b,6a71f25956c0266186cf5ace,enrolled
6a74b0c3b9890d789584eca8,6a71f25d56c0266186cf5b9e,6a71f25956c0266186cf5ace,enrolled
6a74b0c3b9890d789584eca9,6a71f25d56c0266186cf5ba1,6a71f25956c0266186cf5ace,enrolled
6a74b0c3b9890d789584ecaa,6a71f25d56c0266186cf5ba4,6a71f25956c0266186cf5ace,enrolled
6a74b0c3b9890d789584ecab,6a71f25d56c0266186cf5ba7,6a71f25956c0266186cf5ace,enrolled
6a74b0c3b9890d789584ecac,6a71f25d56c0266186cf5baa,6a71f25956c0266186cf5ace,enrolled
6a74b0c3b9890d789584ecad,6a71f25d56c0266186cf5bad,6a71f25956c0266186cf5ace,enrolled
6a74b0c3b9890d789584ecae,6a71f25d56c0266186cf5bb0,6a71f25956c0266186cf5ace,enrolled
6a74b0c3b9890d789584ecaf,6a71f25d56c0266186cf5bb3,6a71f25956c0266186cf5ace,enrolled
6a74b0c4b9890d789584ecb0,6a71f25d56c0266186cf5bb6,6a71f25956c0266186cf5ace,enrolled
6a74b0c4b9890d789584ecb1,6a71f25e56c0266186cf5bb9,6a71f25956c0266186cf5ace,enrolled
6a74b0c4b9890d789584ecb2,6a71f25e56c0266186cf5bbc,6a71f25956c0266186cf5ace,enrolled
6a74b0c4b9890d789584ecb3,6a71f25e56c0266186cf5bbf,6a71f25956c0266186cf5ace,enrolled
6a74b0c4b9890d789584ecb4,6a71f25e56c0266186cf5bc2,6a71f25956c0266186cf5ace,enrolled
6a74b0c4b9890d789584ecb5,6a71f25e56c0266186cf5bc5,6a71f25956c0266186cf5ace,enrolled
6a74b0c4b9890d789584ecb6,6a71f25e56c0266186cf5bc8,6a71f25956c0266186cf5ace,enrolled
6a74b0c4b9890d789584ecb7,6a71f25e56c0266186cf5bcb,6a71f25956c0266186cf5ace,enrolled
6a74b0c4b9890d789584ecb8,6a71f25e56c0266186cf5bce,6a71f25956c0266186cf5ace,enrolled
6a74b0c4b9890d789584ecb9,6a71f25e56c0266186cf5bd1,6a71f25956c0266186cf5ace,enrolled
6a74b0c4b9890d789584ecba,6a71f25e56c0266186cf5bd4,6a71f25956c0266186cf5ace,enrolled
6a74b0c4b9890d789584ecbb,6a71f25e56c0266186cf5bd7,6a71f25956c0266186cf5ace,enrolled
6a74b0c4b9890d789584ecbc,6a71f25e56c0266186cf5bda,6a71f25956c0266186cf5ace,enrolled
6a74b0c4b9890d789584ecbd,6a71f25e56c0266186cf5bdd,6a71f25956c0266186cf5ace,enrolled
6a74b0c4b9890d789584ecbe,6a71f25e56c0266186cf5be0,6a71f25956c0266186cf5ace,enrolled
6a74b0c4b9890d789584ecbf,6a71f25e56c0266186cf5be3,6a71f25956c0266186cf5ace,enrolled
6a74b0c4b9890d789584ecc0,6a71f25e56c0266186cf5be6,6a71f25956c0266186cf5ace,enrolled
6a74b0c4b9890d789584ecc1,6a71f25e56c0266186cf5be9,6a71f25956c0266186cf5ace,enrolled
6a74b0c4b9890d789584ecc2,6a71f25e56c0266186cf5bec,6a71f25956c0266186cf5ace,enrolled
6a74b0c4b9890d789584ecc3,6a71f25e56c0266186cf5bef,6a71f25956c0266186cf5ace,enrolled
6a74b0c4b9890d789584ecc4,6a71f25e56c0266186cf5bf2,6a71f25956c0266186cf5ace,enrolled
6a74b0c4b9890d789584ecc5,6a71f25f56c0266186cf5bf5,6a71f25956c0266186cf5ace,enrolled
6a74b0c4b9890d789584ecc6,6a71f25f56c0266186cf5bf8,6a71f25956c0266186cf5ace,enrolled
6a74b0c4b9890d789584ecc7,6a71f25f56c0266186cf5bfb,6a71f25956c0266186cf5ace,enrolled
6a74b0c4b9890d789584ecc8,6a71f25f56c0266186cf5bfe,6a71f25956c0266186cf5ace,enrolled
6a74b0c5b9890d789584ecc9,6a71f25f56c0266186cf5c01,6a71f25956c0266186cf5ace,enrolled
6a74b0c5b9890d789584ecca,6a71f25f56c0266186cf5c04,6a71f25956c0266186cf5ace,enrolled
6a74b0c5b9890d789584eccb,6a71f25f56c0266186cf5c07,6a71f25956c0266186cf5ace,enrolled
6a74b0c5b9890d789584eccc,6a71f25f56c0266186cf5c0a,6a71f25956c0266186cf5ace,enrolled
6a74b0c5b9890d789584eccd,6a71f25f56c0266186cf5c0d,6a71f25956c0266186cf5ace,enrolled
6a74b0c5b9890d789584ecce,6a71f25f56c0266186cf5c10,6a71f25956c0266186cf5ace,enrolled
6a74b0c5b9890d789584eccf,6a71f25f56c0266186cf5c13,6a71f25956c0266186cf5ace,enrolled
6a74b0c5b9890d789584ecd0,6a71f25f56c0266186cf5c16,6a71f25956c0266186cf5ace,enrolled
6a74b0c5b9890d789584ecd1,6a71f25f56c0266186cf5c19,6a71f25956c0266186cf5ace,enrolled
6a74b0c5b9890d789584ecd2,6a71f25f56c0266186cf5c1c,6a71f25956c0266186cf5ace,enrolled
6a74b0c5b9890d789584ecd3,6a71f25f56c0266186cf5c1f,6a71f25956c0266186cf5ace,enrolled
6a74b0c5b9890d789584ecd4,6a71f25f56c0266186cf5c22,6a71f25956c0266186cf5ace,enrolled
6a74b0c5b9890d789584ecd5,6a71f25f56c0266186cf5c25,6a71f25956c0266186cf5ace,enrolled
6a74b0c5b9890d789584ecd6,6a71f25f56c0266186cf5c28,6a71f25956c0266186cf5ace,enrolled
6a74b0c5b9890d789584ecd7,6a71f25f56c0266186cf5c2b,6a71f25956c0266186cf5ace,enrolled
6a74b0c5b9890d789584ecd8,6a71f25f56c0266186cf5c2e,6a71f25956c0266186cf5ace,enrolled
6a74b0c5b9890d789584ecd9,6a71f26056c0266186cf5c31,6a71f25956c0266186cf5ace,enrolled
6a74b0c5b9890d789584ecda,6a71f26056c0266186cf5c34,6a71f25956c0266186cf5ace,enrolled
6a74b0c5b9890d789584ecdb,6a71f26056c0266186cf5c37,6a71f25956c0266186cf5ace,enrolled
6a74b0c5b9890d789584ecdc,6a71f26056c0266186cf5c3a,6a71f25956c0266186cf5ace,enrolled
6a74b0c6b9890d789584ecdd,6a71f26056c0266186cf5c3d,6a71f25956c0266186cf5ace,enrolled
6a74b0c6b9890d789584ecde,6a71f26056c0266186cf5c40,6a71f25956c0266186cf5ace,enrolled
6a74b0c6b9890d789584ecdf,6a71f26056c0266186cf5c43,6a71f25956c0266186cf5ace,enrolled
6a74b0c6b9890d789584ece0,6a71f26056c0266186cf5c46,6a71f25956c0266186cf5ace,enrolled
6a74b0c6b9890d789584ece1,6a71f26056c0266186cf5c49,6a71f25956c0266186cf5ace,enrolled
6a74b0c6b9890d789584ece2,6a71f26056c0266186cf5c4c,6a71f25956c0266186cf5ace,enrolled
6a74b0c6b9890d789584ece3,6a71f26056c0266186cf5c4f,6a71f25956c0266186cf5ace,enrolled
6a74b0c6b9890d789584ece4,6a71f26056c0266186cf5c52,6a71f25956c0266186cf5ace,enrolled
6a74b0c6b9890d789584ece5,6a71f26056c0266186cf5c55,6a71f25956c0266186cf5ace,enrolled
6a74b0c6b9890d789584ece6,6a71f26056c0266186cf5c58,6a71f25956c0266186cf5ace,enrolled
6a74b0c6b9890d789584ece7,6a71f26056c0266186cf5c5b,6a71f25956c0266186cf5ace,enrolled
6a74b0c6b9890d789584ece8,6a71f26056c0266186cf5c5e,6a71f25956c0266186cf5ace,enrolled
6a74b0c6b9890d789584ece9,6a71f26056c0266186cf5c61,6a71f25956c0266186cf5ace,enrolled
6a74b0c6b9890d789584ecea,6a71f26056c0266186cf5c64,6a71f25956c0266186cf5ace,enrolled
6a74b0c6b9890d789584eceb,6a71f26056c0266186cf5c67,6a71f25956c0266186cf5ace,enrolled
6a74b0c6b9890d789584ecec,6a71f26156c0266186cf5c6a,6a71f25956c0266186cf5ace,enrolled
6a74b0c6b9890d789584eced,6a71f26156c0266186cf5c6d,6a71f25956c0266186cf5ace,enrolled
6a74b0c6b9890d789584ecee,6a71f26156c0266186cf5c70,6a71f25956c0266186cf5ace,enrolled
6a74b0c6b9890d789584ecef,6a71f26156c0266186cf5c73,6a71f25956c0266186cf5ace,enrolled
6a74b0c6b9890d789584ecf0,6a71f26156c0266186cf5c76,6a71f25956c0266186cf5ace,enrolled
6a74b0c6b9890d789584ecf1,6a71f26156c0266186cf5c79,6a71f25956c0266186cf5ace,enrolled
6a74b0c6b9890d789584ecf2,6a71f26156c0266186cf5c7c,6a71f25956c0266186cf5ace,enrolled
6a74b0c6b9890d789584ecf3,6a71f26156c0266186cf5c7f,6a71f25956c0266186cf5ace,enrolled
6a74b0c6b9890d789584ecf4,6a71f26156c0266186cf5c82,6a71f25956c0266186cf5ace,enrolled
6a74b0c6b9890d789584ecf5,6a71f26156c0266186cf5c85,6a71f25956c0266186cf5ace,enrolled
6a74b0c6b9890d789584ecf6,6a71f26156c0266186cf5c88,6a71f25956c0266186cf5ace,enrolled
6a74b0c6b9890d789584ecf7,6a71f26156c0266186cf5c8b,6a71f25956c0266186cf5ace,enrolled
6a74b0c6b9890d789584ecf8,6a71f26156c0266186cf5c8e,6a71f25956c0266186cf5ace,enrolled
6a74b0c7b9890d789584ecf9,6a71f26156c0266186cf5c91,6a71f25956c0266186cf5ace,enrolled
6a74b0c7b9890d789584ecfa,6a71f26156c0266186cf5c94,6a71f25956c0266186cf5ace,enrolled
6a74b0c7b9890d789584ecfb,6a71f26156c0266186cf5c97,6a71f25956c0266186cf5ace,enrolled
6a74b0c7b9890d789584ecfc,6a71f26156c0266186cf5c9a,6a71f25956c0266186cf5ace,enrolled
6a74b0c7b9890d789584ecfd,6a71f26156c0266186cf5c9d,6a71f25956c0266186cf5ace,enrolled
6a74b0c7b9890d789584ecfe,6a71f26156c0266186cf5ca0,6a71f25956c0266186cf5ace,enrolled
6a74b0c7b9890d789584ecff,6a71f26156c0266186cf5ca3,6a71f25956c0266186cf5ace,enrolled
6a74b0c7b9890d789584ed00,6a71f26256c0266186cf5ca6,6a71f25956c0266186cf5ace,enrolled
6a74b0c7b9890d789584ed01,6a71f26256c0266186cf5ca9,6a71f25956c0266186cf5ace,enrolled
6a74b0c7b9890d789584ed02,6a71f26256c0266186cf5cac,6a71f25956c0266186cf5ace,enrolled
6a74b0c7b9890d789584ed03,6a71f26256c0266186cf5caf,6a71f25956c0266186cf5ace,enrolled
6a74b0c7b9890d789584ed04,6a71f26256c0266186cf5cb2,6a71f25956c0266186cf5ace,enrolled
6a74b0c7b9890d789584ed05,6a71f26256c0266186cf5cb5,6a71f25956c0266186cf5ace,enrolled
6a74b0c7b9890d789584ed06,6a71f26256c0266186cf5cb8,6a71f25956c0266186cf5ace,enrolled
6a74b0c7b9890d789584ed07,6a71f26256c0266186cf5cbb,6a71f25956c0266186cf5ace,enrolled
6a74b0c7b9890d789584ed08,6a71f26256c0266186cf5cbe,6a71f25956c0266186cf5ace,enrolled
6a74b0c7b9890d789584ed09,6a71f26256c0266186cf5cc1,6a71f25956c0266186cf5ace,enrolled
6a74b0c7b9890d789584ed0b,6a71f26256c0266186cf5cc4,6a71f25956c0266186cf5ace,enrolled
6a74b0c7b9890d789584ed0c,6a71f26256c0266186cf5cc7,6a71f25956c0266186cf5ace,enrolled
6a74b0c7b9890d789584ed0d,6a71f26256c0266186cf5cca,6a71f25956c0266186cf5ace,enrolled
6a74b0c7b9890d789584ed0e,6a71f26256c0266186cf5ccd,6a71f25956c0266186cf5ace,enrolled
6a74b0c7b9890d789584ed0f,6a71f26256c0266186cf5cd0,6a71f25956c0266186cf5ace,enrolled
6a74b0c7b9890d789584ed10,6a71f25456c0266186cf59ad,6a71f25a56c0266186cf5ad4,enrolled
6a74b0c7b9890d789584ed11,6a71f25456c0266186cf59b1,6a71f25a56c0266186cf5ad4,enrolled
6a74b0c7b9890d789584ed12,6a71f25456c0266186cf59b5,6a71f25a56c0266186cf5ad4,enrolled
6a74b0c7b9890d789584ed13,6a71f25456c0266186cf59b9,6a71f25a56c0266186cf5ad4,enrolled
6a74b0c7b9890d789584ed14,6a71f25556c0266186cf59bc,6a71f25a56c0266186cf5ad4,enrolled
6a74b0c8b9890d789584ed15,6a71f25556c0266186cf59bf,6a71f25a56c0266186cf5ad4,enrolled
6a74b0c8b9890d789584ed16,6a71f25556c0266186cf59c2,6a71f25a56c0266186cf5ad4,enrolled
6a74b0c8b9890d789584ed17,6a71f25556c0266186cf59c5,6a71f25a56c0266186cf5ad4,enrolled
6a74b0c8b9890d789584ed18,6a71f25556c0266186cf59c8,6a71f25a56c0266186cf5ad4,enrolled
6a74b0c8b9890d789584ed19,6a71f25556c0266186cf59cb,6a71f25a56c0266186cf5ad4,enrolled
6a74b0c8b9890d789584ed1a,6a71f25556c0266186cf59ce,6a71f25a56c0266186cf5ad4,enrolled
6a74b0c8b9890d789584ed1b,6a71f25556c0266186cf59d1,6a71f25a56c0266186cf5ad4,enrolled
6a74b0c8b9890d789584ed1c,6a71f25556c0266186cf59d4,6a71f25a56c0266186cf5ad4,enrolled
6a74b0c8b9890d789584ed1d,6a71f25b56c0266186cf5b11,6a71f25a56c0266186cf5ad4,enrolled
6a74b0c8b9890d789584ed1e,6a71f25b56c0266186cf5b14,6a71f25a56c0266186cf5ad4,enrolled
6a74b0c8b9890d789584ed1f,6a71f25b56c0266186cf5b17,6a71f25a56c0266186cf5ad4,enrolled
6a74b0c8b9890d789584ed20,6a71f25b56c0266186cf5b1a,6a71f25a56c0266186cf5ad4,enrolled
6a74b0c8b9890d789584ed21,6a71f25b56c0266186cf5b1d,6a71f25a56c0266186cf5ad4,enrolled
6a74b0c8b9890d789584ed22,6a71f25b56c0266186cf5b20,6a71f25a56c0266186cf5ad4,enrolled
6a74b0c8b9890d789584ed23,6a71f25b56c0266186cf5b23,6a71f25a56c0266186cf5ad4,enrolled
6a74b0c8b9890d789584ed24,6a71f25b56c0266186cf5b26,6a71f25a56c0266186cf5ad4,enrolled
6a74b0c8b9890d789584ed25,6a71f25b56c0266186cf5b29,6a71f25a56c0266186cf5ad4,enrolled
6a74b0c8b9890d789584ed26,6a71f25b56c0266186cf5b2c,6a71f25a56c0266186cf5ad4,enrolled
6a74b0c8b9890d789584ed27,6a71f25b56c0266186cf5b2f,6a71f25a56c0266186cf5ad4,enrolled
6a74b0c8b9890d789584ed28,6a71f25b56c0266186cf5b32,6a71f25a56c0266186cf5ad4,enrolled
6a74b0c8b9890d789584ed29,6a71f25b56c0266186cf5b35,6a71f25a56c0266186cf5ad4,enrolled
6a74b0c8b9890d789584ed2a,6a71f25b56c0266186cf5b38,6a71f25a56c0266186cf5ad4,enrolled
6a74b0c8b9890d789584ed2b,6a71f25b56c0266186cf5b3b,6a71f25a56c0266186cf5ad4,enrolled
6a74b0c8b9890d789584ed2c,6a71f25b56c0266186cf5b3e,6a71f25a56c0266186cf5ad4,enrolled
6a74b0c8b9890d789584ed2d,6a71f25b56c0266186cf5b41,6a71f25a56c0266186cf5ad4,enrolled
6a74b0c8b9890d789584ed2e,6a71f25c56c0266186cf5b44,6a71f25a56c0266186cf5ad4,enrolled
6a74b0c8b9890d789584ed2f,6a71f25c56c0266186cf5b47,6a71f25a56c0266186cf5ad4,enrolled
6a74b0c8b9890d789584ed30,6a71f25c56c0266186cf5b4a,6a71f25a56c0266186cf5ad4,enrolled
6a74b0c9b9890d789584ed31,6a71f25c56c0266186cf5b4d,6a71f25a56c0266186cf5ad4,enrolled
6a74b0c9b9890d789584ed32,6a71f25c56c0266186cf5b50,6a71f25a56c0266186cf5ad4,enrolled
6a74b0c9b9890d789584ed33,6a71f25c56c0266186cf5b53,6a71f25a56c0266186cf5ad4,enrolled
6a74b0c9b9890d789584ed34,6a71f25c56c0266186cf5b56,6a71f25a56c0266186cf5ad4,enrolled
6a74b0c9b9890d789584ed35,6a71f25c56c0266186cf5b59,6a71f25a56c0266186cf5ad4,enrolled
6a74b0cab9890d789584ed36,6a71f25d56c0266186cf5ba7,6a71f25a56c0266186cf5ad4,enrolled
6a74b0cab9890d789584ed37,6a71f25d56c0266186cf5baa,6a71f25a56c0266186cf5ad4,enrolled
6a74b0cab9890d789584ed38,6a71f25d56c0266186cf5bad,6a71f25a56c0266186cf5ad4,enrolled
6a74b0cab9890d789584ed39,6a71f25d56c0266186cf5bb0,6a71f25a56c0266186cf5ad4,enrolled
6a74b0cab9890d789584ed3a,6a71f25d56c0266186cf5bb3,6a71f25a56c0266186cf5ad4,enrolled
6a74b0cab9890d789584ed3b,6a71f25d56c0266186cf5bb6,6a71f25a56c0266186cf5ad4,enrolled
6a74b0cab9890d789584ed3c,6a71f25e56c0266186cf5bb9,6a71f25a56c0266186cf5ad4,enrolled
6a74b0cab9890d789584ed3d,6a71f25e56c0266186cf5bbc,6a71f25a56c0266186cf5ad4,enrolled
6a74b0cab9890d789584ed3e,6a71f25e56c0266186cf5bbf,6a71f25a56c0266186cf5ad4,enrolled
6a74b0cab9890d789584ed3f,6a71f25e56c0266186cf5bc2,6a71f25a56c0266186cf5ad4,enrolled
6a74b0cab9890d789584ed40,6a71f25e56c0266186cf5bc5,6a71f25a56c0266186cf5ad4,enrolled
6a74b0cab9890d789584ed41,6a71f25e56c0266186cf5bc8,6a71f25a56c0266186cf5ad4,enrolled
6a74b0cab9890d789584ed42,6a71f25e56c0266186cf5bcb,6a71f25a56c0266186cf5ad4,enrolled
6a74b0cab9890d789584ed43,6a71f25e56c0266186cf5bce,6a71f25a56c0266186cf5ad4,enrolled
6a74b0cab9890d789584ed44,6a71f25e56c0266186cf5bd1,6a71f25a56c0266186cf5ad4,enrolled
6a74b0cab9890d789584ed45,6a71f25e56c0266186cf5bd4,6a71f25a56c0266186cf5ad4,enrolled
6a74b0cab9890d789584ed46,6a71f25e56c0266186cf5bd7,6a71f25a56c0266186cf5ad4,enrolled
6a74b0cab9890d789584ed47,6a71f25e56c0266186cf5bda,6a71f25a56c0266186cf5ad4,enrolled
6a74b0cab9890d789584ed48,6a71f25e56c0266186cf5bdd,6a71f25a56c0266186cf5ad4,enrolled
6a74b0cab9890d789584ed49,6a71f25e56c0266186cf5be0,6a71f25a56c0266186cf5ad4,enrolled
6a74b0cab9890d789584ed4a,6a71f25e56c0266186cf5be3,6a71f25a56c0266186cf5ad4,enrolled
6a74b0cab9890d789584ed4b,6a71f25e56c0266186cf5be6,6a71f25a56c0266186cf5ad4,enrolled
6a74b0cab9890d789584ed4c,6a71f25e56c0266186cf5be9,6a71f25a56c0266186cf5ad4,enrolled
6a74b0cbb9890d789584ed4d,6a71f25e56c0266186cf5bec,6a71f25a56c0266186cf5ad4,enrolled
6a74b0cbb9890d789584ed4e,6a71f25e56c0266186cf5bef,6a71f25a56c0266186cf5ad4,enrolled
6a74b0cbb9890d789584ed4f,6a71f25e56c0266186cf5bf2,6a71f25a56c0266186cf5ad4,enrolled
6a74b0cbb9890d789584ed50,6a71f25f56c0266186cf5bf5,6a71f25a56c0266186cf5ad4,enrolled
6a74b0cbb9890d789584ed51,6a71f25f56c0266186cf5bf8,6a71f25a56c0266186cf5ad4,enrolled
6a74b0cbb9890d789584ed52,6a71f25f56c0266186cf5bfb,6a71f25a56c0266186cf5ad4,enrolled
6a74b0cbb9890d789584ed53,6a71f25f56c0266186cf5bfe,6a71f25a56c0266186cf5ad4,enrolled
6a74b0cbb9890d789584ed54,6a71f25f56c0266186cf5c01,6a71f25a56c0266186cf5ad4,enrolled
6a74b0cbb9890d789584ed55,6a71f25f56c0266186cf5c04,6a71f25a56c0266186cf5ad4,enrolled
6a74b0cbb9890d789584ed56,6a71f25f56c0266186cf5c07,6a71f25a56c0266186cf5ad4,enrolled
6a74b0cbb9890d789584ed57,6a71f25f56c0266186cf5c0a,6a71f25a56c0266186cf5ad4,enrolled
6a74b0cbb9890d789584ed58,6a71f25f56c0266186cf5c0d,6a71f25a56c0266186cf5ad4,enrolled
6a74b0cbb9890d789584ed59,6a71f25f56c0266186cf5c10,6a71f25a56c0266186cf5ad4,enrolled
6a74b0cbb9890d789584ed5a,6a71f25f56c0266186cf5c13,6a71f25a56c0266186cf5ad4,enrolled
6a74b0cbb9890d789584ed5b,6a71f25f56c0266186cf5c16,6a71f25a56c0266186cf5ad4,enrolled
6a74b0cbb9890d789584ed5c,6a71f25f56c0266186cf5c19,6a71f25a56c0266186cf5ad4,enrolled
6a74b0cbb9890d789584ed5d,6a71f25f56c0266186cf5c1c,6a71f25a56c0266186cf5ad4,enrolled
6a74b0cbb9890d789584ed5e,6a71f25f56c0266186cf5c1f,6a71f25a56c0266186cf5ad4,enrolled
6a74b0cbb9890d789584ed5f,6a71f25f56c0266186cf5c22,6a71f25a56c0266186cf5ad4,enrolled
6a74b0cbb9890d789584ed60,6a71f25f56c0266186cf5c25,6a71f25a56c0266186cf5ad4,enrolled
6a74b0cbb9890d789584ed61,6a71f25f56c0266186cf5c28,6a71f25a56c0266186cf5ad4,enrolled
6a74b0cbb9890d789584ed62,6a71f25f56c0266186cf5c2b,6a71f25a56c0266186cf5ad4,enrolled
6a74b0cbb9890d789584ed63,6a71f25f56c0266186cf5c2e,6a71f25a56c0266186cf5ad4,enrolled
6a74b0cbb9890d789584ed64,6a71f26056c0266186cf5c31,6a71f25a56c0266186cf5ad4,enrolled
6a74b0cbb9890d789584ed65,6a71f26056c0266186cf5c34,6a71f25a56c0266186cf5ad4,enrolled
6a74b0cbb9890d789584ed66,6a71f26056c0266186cf5c37,6a71f25a56c0266186cf5ad4,enrolled
6a74b0cbb9890d789584ed67,6a71f26056c0266186cf5c3a,6a71f25a56c0266186cf5ad4,enrolled
6a74b0cbb9890d789584ed68,6a71f26056c0266186cf5c3d,6a71f25a56c0266186cf5ad4,enrolled
6a74b0ccb9890d789584ed69,6a71f26056c0266186cf5c40,6a71f25a56c0266186cf5ad4,enrolled
6a74b0ccb9890d789584ed6a,6a71f26056c0266186cf5c43,6a71f25a56c0266186cf5ad4,enrolled
6a74b0ccb9890d789584ed6b,6a71f26056c0266186cf5c46,6a71f25a56c0266186cf5ad4,enrolled
6a74b0ccb9890d789584ed6c,6a71f26056c0266186cf5c49,6a71f25a56c0266186cf5ad4,enrolled
6a74b0ccb9890d789584ed6d,6a71f26056c0266186cf5c4c,6a71f25a56c0266186cf5ad4,enrolled
6a74b0ccb9890d789584ed6e,6a71f26056c0266186cf5c4f,6a71f25a56c0266186cf5ad4,enrolled
6a74b0ccb9890d789584ed6f,6a71f26056c0266186cf5c52,6a71f25a56c0266186cf5ad4,enrolled
6a74b0ccb9890d789584ed70,6a71f26056c0266186cf5c55,6a71f25a56c0266186cf5ad4,enrolled
6a74b0ccb9890d789584ed71,6a71f26056c0266186cf5c58,6a71f25a56c0266186cf5ad4,enrolled
6a74b0ccb9890d789584ed72,6a71f26056c0266186cf5c5b,6a71f25a56c0266186cf5ad4,enrolled
6a74b0ccb9890d789584ed73,6a71f26056c0266186cf5c5e,6a71f25a56c0266186cf5ad4,enrolled
6a74b0ccb9890d789584ed74,6a71f26056c0266186cf5c61,6a71f25a56c0266186cf5ad4,enrolled
6a74b0ccb9890d789584ed75,6a71f26056c0266186cf5c64,6a71f25a56c0266186cf5ad4,enrolled
6a74b0ccb9890d789584ed76,6a71f26056c0266186cf5c67,6a71f25a56c0266186cf5ad4,enrolled
6a74b0ccb9890d789584ed77,6a71f26156c0266186cf5c6a,6a71f25a56c0266186cf5ad4,enrolled
6a74b0ccb9890d789584ed78,6a71f26156c0266186cf5c6d,6a71f25a56c0266186cf5ad4,enrolled
6a74b0ccb9890d789584ed79,6a71f26156c0266186cf5c70,6a71f25a56c0266186cf5ad4,enrolled
6a74b0ccb9890d789584ed7a,6a71f26156c0266186cf5c73,6a71f25a56c0266186cf5ad4,enrolled
6a74b0ccb9890d789584ed7b,6a71f26156c0266186cf5c76,6a71f25a56c0266186cf5ad4,enrolled
6a74b0ccb9890d789584ed7c,6a71f26156c0266186cf5c79,6a71f25a56c0266186cf5ad4,enrolled
6a74b0ccb9890d789584ed7d,6a71f26156c0266186cf5c7c,6a71f25a56c0266186cf5ad4,enrolled
6a74b0ccb9890d789584ed7e,6a71f26156c0266186cf5c7f,6a71f25a56c0266186cf5ad4,enrolled
6a74b0ccb9890d789584ed7f,6a71f26156c0266186cf5c82,6a71f25a56c0266186cf5ad4,enrolled
6a74b0ccb9890d789584ed80,6a71f26156c0266186cf5c85,6a71f25a56c0266186cf5ad4,enrolled
6a74b0ccb9890d789584ed81,6a71f26156c0266186cf5c88,6a71f25a56c0266186cf5ad4,enrolled
6a74b0ccb9890d789584ed82,6a71f26156c0266186cf5c8b,6a71f25a56c0266186cf5ad4,enrolled
6a74b0ccb9890d789584ed83,6a71f26156c0266186cf5c8e,6a71f25a56c0266186cf5ad4,enrolled
6a74b0ccb9890d789584ed84,6a71f26156c0266186cf5c91,6a71f25a56c0266186cf5ad4,enrolled
6a74b0cdb9890d789584ed85,6a71f26156c0266186cf5c94,6a71f25a56c0266186cf5ad4,enrolled
6a74b0cdb9890d789584ed86,6a71f26156c0266186cf5c97,6a71f25a56c0266186cf5ad4,enrolled
6a74b0cdb9890d789584ed87,6a71f26156c0266186cf5c9a,6a71f25a56c0266186cf5ad4,enrolled
6a74b0cdb9890d789584ed88,6a71f26156c0266186cf5c9d,6a71f25a56c0266186cf5ad4,enrolled
6a74b0cdb9890d789584ed89,6a71f26156c0266186cf5ca0,6a71f25a56c0266186cf5ad4,enrolled
6a74b0cdb9890d789584ed8a,6a71f26156c0266186cf5ca3,6a71f25a56c0266186cf5ad4,enrolled
6a74b0cdb9890d789584ed8b,6a71f26256c0266186cf5ca6,6a71f25a56c0266186cf5ad4,enrolled
6a74b0cdb9890d789584ed8c,6a71f26256c0266186cf5ca9,6a71f25a56c0266186cf5ad4,enrolled
6a74b0cdb9890d789584ed8d,6a71f26256c0266186cf5cac,6a71f25a56c0266186cf5ad4,enrolled
6a74b0cdb9890d789584ed8e,6a71f26256c0266186cf5caf,6a71f25a56c0266186cf5ad4,enrolled
6a74b0cdb9890d789584ed8f,6a71f26256c0266186cf5cb2,6a71f25a56c0266186cf5ad4,enrolled
6a74b0cdb9890d789584ed90,6a71f26256c0266186cf5cb5,6a71f25a56c0266186cf5ad4,enrolled
6a74b0cdb9890d789584ed91,6a71f26256c0266186cf5cb8,6a71f25a56c0266186cf5ad4,enrolled
6a74b0cdb9890d789584ed92,6a71f26256c0266186cf5cbb,6a71f25a56c0266186cf5ad4,enrolled
6a74b0cdb9890d789584ed93,6a71f26256c0266186cf5cbe,6a71f25a56c0266186cf5ad4,enrolled
6a74b0cdb9890d789584ed94,6a71f26256c0266186cf5cc1,6a71f25a56c0266186cf5ad4,enrolled
6a74b0cdb9890d789584ed95,6a71f26256c0266186cf5cc4,6a71f25a56c0266186cf5ad4,enrolled
6a74b0cdb9890d789584ed96,6a71f26256c0266186cf5cc7,6a71f25a56c0266186cf5ad4,enrolled
6a74b0cdb9890d789584ed97,6a71f26256c0266186cf5cca,6a71f25a56c0266186cf5ad4,enrolled
6a74b0cdb9890d789584ed98,6a71f26256c0266186cf5ccd,6a71f25a56c0266186cf5ad4,enrolled
6a74b0cdb9890d789584ed99,6a71f26256c0266186cf5cd0,6a71f25a56c0266186cf5ad4,enrolled
6a74b0cdb9890d789584ed9a,6a71f25456c0266186cf59ad,6a71f25a56c0266186cf5ada,enrolled
6a74b0cdb9890d789584ed9b,6a71f25456c0266186cf59b1,6a71f25a56c0266186cf5ada,enrolled
6a74b0cdb9890d789584ed9c,6a71f25456c0266186cf59b5,6a71f25a56c0266186cf5ada,enrolled
6a74b0cdb9890d789584ed9d,6a71f25456c0266186cf59b9,6a71f25a56c0266186cf5ada,enrolled
6a74b0cdb9890d789584ed9e,6a71f25556c0266186cf59bc,6a71f25a56c0266186cf5ada,enrolled
6a74b0cdb9890d789584ed9f,6a71f25556c0266186cf59bf,6a71f25a56c0266186cf5ada,enrolled
6a74b0cdb9890d789584eda0,6a71f25556c0266186cf59c2,6a71f25a56c0266186cf5ada,enrolled
6a74b0ceb9890d789584eda1,6a71f25556c0266186cf59c5,6a71f25a56c0266186cf5ada,enrolled
6a74b0ceb9890d789584eda2,6a71f25556c0266186cf59c8,6a71f25a56c0266186cf5ada,enrolled
6a74b0ceb9890d789584eda3,6a71f25556c0266186cf59cb,6a71f25a56c0266186cf5ada,enrolled
6a74b0ceb9890d789584eda4,6a71f25556c0266186cf59ce,6a71f25a56c0266186cf5ada,enrolled
6a74b0ceb9890d789584eda5,6a71f25556c0266186cf59d1,6a71f25a56c0266186cf5ada,enrolled
6a74b0ceb9890d789584eda6,6a71f25556c0266186cf59d4,6a71f25a56c0266186cf5ada,enrolled
6a74b0ceb9890d789584eda7,6a71f25b56c0266186cf5b11,6a71f25a56c0266186cf5ada,enrolled
6a74b0ceb9890d789584eda8,6a71f25b56c0266186cf5b14,6a71f25a56c0266186cf5ada,enrolled
6a74b0ceb9890d789584eda9,6a71f25b56c0266186cf5b17,6a71f25a56c0266186cf5ada,enrolled
6a74b0ceb9890d789584edaa,6a71f25b56c0266186cf5b1a,6a71f25a56c0266186cf5ada,enrolled
6a74b0ceb9890d789584edab,6a71f25b56c0266186cf5b1d,6a71f25a56c0266186cf5ada,enrolled
6a74b0ceb9890d789584edac,6a71f25b56c0266186cf5b20,6a71f25a56c0266186cf5ada,enrolled
6a74b0ceb9890d789584edad,6a71f25b56c0266186cf5b23,6a71f25a56c0266186cf5ada,enrolled
6a74b0ceb9890d789584edae,6a71f25b56c0266186cf5b26,6a71f25a56c0266186cf5ada,enrolled
6a74b0ceb9890d789584edaf,6a71f25b56c0266186cf5b29,6a71f25a56c0266186cf5ada,enrolled
6a74b0ceb9890d789584edb0,6a71f25b56c0266186cf5b2c,6a71f25a56c0266186cf5ada,enrolled
6a74b0ceb9890d789584edb1,6a71f25b56c0266186cf5b2f,6a71f25a56c0266186cf5ada,enrolled
6a74b0ceb9890d789584edb2,6a71f25b56c0266186cf5b32,6a71f25a56c0266186cf5ada,enrolled
6a74b0ceb9890d789584edb3,6a71f25b56c0266186cf5b35,6a71f25a56c0266186cf5ada,enrolled
6a74b0ceb9890d789584edb4,6a71f25b56c0266186cf5b38,6a71f25a56c0266186cf5ada,enrolled
6a74b0ceb9890d789584edb5,6a71f25b56c0266186cf5b3b,6a71f25a56c0266186cf5ada,enrolled
6a74b0ceb9890d789584edb6,6a71f25b56c0266186cf5b3e,6a71f25a56c0266186cf5ada,enrolled
6a74b0ceb9890d789584edb7,6a71f25b56c0266186cf5b41,6a71f25a56c0266186cf5ada,enrolled
6a74b0ceb9890d789584edb8,6a71f25c56c0266186cf5b44,6a71f25a56c0266186cf5ada,enrolled
6a74b0ceb9890d789584edb9,6a71f25c56c0266186cf5b47,6a71f25a56c0266186cf5ada,enrolled
6a74b0ceb9890d789584edba,6a71f25c56c0266186cf5b4a,6a71f25a56c0266186cf5ada,enrolled
6a74b0ceb9890d789584edbb,6a71f25c56c0266186cf5b4d,6a71f25a56c0266186cf5ada,enrolled
6a74b0ceb9890d789584edbc,6a71f25c56c0266186cf5b50,6a71f25a56c0266186cf5ada,enrolled
6a74b0ceb9890d789584edbd,6a71f25c56c0266186cf5b53,6a71f25a56c0266186cf5ada,enrolled
6a74b0cfb9890d789584edbe,6a71f25c56c0266186cf5b56,6a71f25a56c0266186cf5ada,enrolled
6a74b0cfb9890d789584edbf,6a71f25c56c0266186cf5b59,6a71f25a56c0266186cf5ada,enrolled
6a74b0cfb9890d789584edc0,6a71f25c56c0266186cf5b5c,6a71f25a56c0266186cf5ada,enrolled
6a74b0cfb9890d789584edc1,6a71f25c56c0266186cf5b5f,6a71f25a56c0266186cf5ada,enrolled
6a74b0cfb9890d789584edc2,6a71f25c56c0266186cf5b62,6a71f25a56c0266186cf5ada,enrolled
6a74b0cfb9890d789584edc3,6a71f25c56c0266186cf5b65,6a71f25a56c0266186cf5ada,enrolled
6a74b0cfb9890d789584edc4,6a71f25c56c0266186cf5b68,6a71f25a56c0266186cf5ada,enrolled
6a74b0cfb9890d789584edc5,6a71f25c56c0266186cf5b6b,6a71f25a56c0266186cf5ada,enrolled
6a74b0cfb9890d789584edc6,6a71f25c56c0266186cf5b6e,6a71f25a56c0266186cf5ada,enrolled
6a74b0cfb9890d789584edc7,6a71f25c56c0266186cf5b71,6a71f25a56c0266186cf5ada,enrolled
6a74b0cfb9890d789584edc8,6a71f25c56c0266186cf5b74,6a71f25a56c0266186cf5ada,enrolled
6a74b0cfb9890d789584edc9,6a71f25c56c0266186cf5b77,6a71f25a56c0266186cf5ada,enrolled
6a74b0cfb9890d789584edca,6a71f25c56c0266186cf5b7a,6a71f25a56c0266186cf5ada,enrolled
6a74b0cfb9890d789584edcb,6a71f25d56c0266186cf5b7d,6a71f25a56c0266186cf5ada,enrolled
6a74b0cfb9890d789584edcc,6a71f25d56c0266186cf5b80,6a71f25a56c0266186cf5ada,enrolled
6a74b0cfb9890d789584edcd,6a71f25d56c0266186cf5b83,6a71f25a56c0266186cf5ada,enrolled
6a74b0cfb9890d789584edce,6a71f25d56c0266186cf5b86,6a71f25a56c0266186cf5ada,enrolled
6a74b0cfb9890d789584edcf,6a71f25d56c0266186cf5b89,6a71f25a56c0266186cf5ada,enrolled
6a74b0cfb9890d789584edd0,6a71f25d56c0266186cf5b8c,6a71f25a56c0266186cf5ada,enrolled
6a74b0cfb9890d789584edd1,6a71f25d56c0266186cf5b8f,6a71f25a56c0266186cf5ada,enrolled
6a74b0cfb9890d789584edd2,6a71f25d56c0266186cf5b92,6a71f25a56c0266186cf5ada,enrolled
6a74b0cfb9890d789584edd3,6a71f25d56c0266186cf5b95,6a71f25a56c0266186cf5ada,enrolled
6a74b0cfb9890d789584edd4,6a71f25d56c0266186cf5b98,6a71f25a56c0266186cf5ada,enrolled
6a74b0cfb9890d789584edd5,6a71f25d56c0266186cf5b9b,6a71f25a56c0266186cf5ada,enrolled
6a74b0cfb9890d789584edd6,6a71f25d56c0266186cf5b9e,6a71f25a56c0266186cf5ada,enrolled
6a74b0cfb9890d789584edd7,6a71f25d56c0266186cf5ba1,6a71f25a56c0266186cf5ada,enrolled
6a74b0cfb9890d789584edd8,6a71f25d56c0266186cf5ba4,6a71f25a56c0266186cf5ada,enrolled
6a74b0d0b9890d789584edd9,6a71f25e56c0266186cf5bf2,6a71f25a56c0266186cf5ada,enrolled
6a74b0d0b9890d789584edda,6a71f25f56c0266186cf5bf5,6a71f25a56c0266186cf5ada,enrolled
6a74b0d0b9890d789584eddb,6a71f25f56c0266186cf5bf8,6a71f25a56c0266186cf5ada,enrolled
6a74b0d0b9890d789584eddc,6a71f25f56c0266186cf5bfb,6a71f25a56c0266186cf5ada,enrolled
6a74b0d1b9890d789584eddd,6a71f25f56c0266186cf5bfe,6a71f25a56c0266186cf5ada,enrolled
6a74b0d1b9890d789584edde,6a71f25f56c0266186cf5c01,6a71f25a56c0266186cf5ada,enrolled
6a74b0d1b9890d789584eddf,6a71f25f56c0266186cf5c04,6a71f25a56c0266186cf5ada,enrolled
6a74b0d1b9890d789584ede0,6a71f25f56c0266186cf5c07,6a71f25a56c0266186cf5ada,enrolled
6a74b0d1b9890d789584ede1,6a71f25f56c0266186cf5c0a,6a71f25a56c0266186cf5ada,enrolled
6a74b0d1b9890d789584ede2,6a71f25f56c0266186cf5c0d,6a71f25a56c0266186cf5ada,enrolled
6a74b0d1b9890d789584ede3,6a71f25f56c0266186cf5c10,6a71f25a56c0266186cf5ada,enrolled
6a74b0d1b9890d789584ede4,6a71f25f56c0266186cf5c13,6a71f25a56c0266186cf5ada,enrolled
6a74b0d1b9890d789584ede5,6a71f25f56c0266186cf5c16,6a71f25a56c0266186cf5ada,enrolled
6a74b0d1b9890d789584ede6,6a71f25f56c0266186cf5c19,6a71f25a56c0266186cf5ada,enrolled
6a74b0d1b9890d789584ede7,6a71f25f56c0266186cf5c1c,6a71f25a56c0266186cf5ada,enrolled
6a74b0d1b9890d789584ede8,6a71f25f56c0266186cf5c1f,6a71f25a56c0266186cf5ada,enrolled
6a74b0d1b9890d789584ede9,6a71f25f56c0266186cf5c22,6a71f25a56c0266186cf5ada,enrolled
6a74b0d1b9890d789584edea,6a71f25f56c0266186cf5c25,6a71f25a56c0266186cf5ada,enrolled
6a74b0d1b9890d789584edeb,6a71f25f56c0266186cf5c28,6a71f25a56c0266186cf5ada,enrolled
6a74b0d1b9890d789584edec,6a71f25f56c0266186cf5c2b,6a71f25a56c0266186cf5ada,enrolled
6a74b0d1b9890d789584eded,6a71f25f56c0266186cf5c2e,6a71f25a56c0266186cf5ada,enrolled
6a74b0d1b9890d789584edee,6a71f26056c0266186cf5c31,6a71f25a56c0266186cf5ada,enrolled
6a74b0d1b9890d789584edef,6a71f26056c0266186cf5c34,6a71f25a56c0266186cf5ada,enrolled
6a74b0d1b9890d789584edf0,6a71f26056c0266186cf5c37,6a71f25a56c0266186cf5ada,enrolled
6a74b0d1b9890d789584edf1,6a71f26056c0266186cf5c3a,6a71f25a56c0266186cf5ada,enrolled
6a74b0d1b9890d789584edf2,6a71f26056c0266186cf5c3d,6a71f25a56c0266186cf5ada,enrolled
6a74b0d1b9890d789584edf3,6a71f26056c0266186cf5c40,6a71f25a56c0266186cf5ada,enrolled
6a74b0d1b9890d789584edf4,6a71f26056c0266186cf5c43,6a71f25a56c0266186cf5ada,enrolled
6a74b0d1b9890d789584edf5,6a71f26056c0266186cf5c46,6a71f25a56c0266186cf5ada,enrolled
6a74b0d1b9890d789584edf6,6a71f26056c0266186cf5c49,6a71f25a56c0266186cf5ada,enrolled
6a74b0d1b9890d789584edf7,6a71f26056c0266186cf5c4c,6a71f25a56c0266186cf5ada,enrolled
6a74b0d2b9890d789584edf8,6a71f26056c0266186cf5c4f,6a71f25a56c0266186cf5ada,enrolled
6a74b0d2b9890d789584edf9,6a71f26056c0266186cf5c52,6a71f25a56c0266186cf5ada,enrolled
6a74b0d2b9890d789584edfa,6a71f26056c0266186cf5c55,6a71f25a56c0266186cf5ada,enrolled
6a74b0d2b9890d789584edfb,6a71f26056c0266186cf5c58,6a71f25a56c0266186cf5ada,enrolled
6a74b0d2b9890d789584edfc,6a71f26056c0266186cf5c5b,6a71f25a56c0266186cf5ada,enrolled
6a74b0d2b9890d789584edfd,6a71f26056c0266186cf5c5e,6a71f25a56c0266186cf5ada,enrolled
6a74b0d2b9890d789584edfe,6a71f26056c0266186cf5c61,6a71f25a56c0266186cf5ada,enrolled
6a74b0d2b9890d789584edff,6a71f26056c0266186cf5c64,6a71f25a56c0266186cf5ada,enrolled
6a74b0d2b9890d789584ee00,6a71f26056c0266186cf5c67,6a71f25a56c0266186cf5ada,enrolled
6a74b0d2b9890d789584ee01,6a71f26156c0266186cf5c6a,6a71f25a56c0266186cf5ada,enrolled
6a74b0d2b9890d789584ee02,6a71f26156c0266186cf5c6d,6a71f25a56c0266186cf5ada,enrolled
6a74b0d2b9890d789584ee03,6a71f26156c0266186cf5c70,6a71f25a56c0266186cf5ada,enrolled
6a74b0d2b9890d789584ee04,6a71f26156c0266186cf5c73,6a71f25a56c0266186cf5ada,enrolled
6a74b0d2b9890d789584ee05,6a71f26156c0266186cf5c76,6a71f25a56c0266186cf5ada,enrolled
6a74b0d2b9890d789584ee06,6a71f26156c0266186cf5c79,6a71f25a56c0266186cf5ada,enrolled
6a74b0d2b9890d789584ee07,6a71f26156c0266186cf5c7c,6a71f25a56c0266186cf5ada,enrolled
6a74b0d2b9890d789584ee08,6a71f26156c0266186cf5c7f,6a71f25a56c0266186cf5ada,enrolled
6a74b0d2b9890d789584ee09,6a71f26156c0266186cf5c82,6a71f25a56c0266186cf5ada,enrolled
6a74b0d2b9890d789584ee0a,6a71f26156c0266186cf5c85,6a71f25a56c0266186cf5ada,enrolled
6a74b0d2b9890d789584ee0b,6a71f26156c0266186cf5c88,6a71f25a56c0266186cf5ada,enrolled
6a74b0d2b9890d789584ee0c,6a71f26156c0266186cf5c8b,6a71f25a56c0266186cf5ada,enrolled
6a74b0d2b9890d789584ee0d,6a71f26156c0266186cf5c8e,6a71f25a56c0266186cf5ada,enrolled
6a74b0d2b9890d789584ee0e,6a71f26156c0266186cf5c91,6a71f25a56c0266186cf5ada,enrolled
6a74b0d2b9890d789584ee0f,6a71f26156c0266186cf5c94,6a71f25a56c0266186cf5ada,enrolled
6a74b0d2b9890d789584ee10,6a71f26156c0266186cf5c97,6a71f25a56c0266186cf5ada,enrolled
6a74b0d2b9890d789584ee11,6a71f26156c0266186cf5c9a,6a71f25a56c0266186cf5ada,enrolled
6a74b0d2b9890d789584ee12,6a71f26156c0266186cf5c9d,6a71f25a56c0266186cf5ada,enrolled
6a74b0d2b9890d789584ee13,6a71f26156c0266186cf5ca0,6a71f25a56c0266186cf5ada,enrolled
6a74b0d2b9890d789584ee14,6a71f26156c0266186cf5ca3,6a71f25a56c0266186cf5ada,enrolled
6a74b0d3b9890d789584ee15,6a71f26256c0266186cf5ca6,6a71f25a56c0266186cf5ada,enrolled
6a74b0d3b9890d789584ee16,6a71f26256c0266186cf5ca9,6a71f25a56c0266186cf5ada,enrolled
6a74b0d3b9890d789584ee17,6a71f26256c0266186cf5cac,6a71f25a56c0266186cf5ada,enrolled
6a74b0d3b9890d789584ee18,6a71f26256c0266186cf5caf,6a71f25a56c0266186cf5ada,enrolled
6a74b0d3b9890d789584ee19,6a71f26256c0266186cf5cb2,6a71f25a56c0266186cf5ada,enrolled
6a74b0d3b9890d789584ee1a,6a71f26256c0266186cf5cb5,6a71f25a56c0266186cf5ada,enrolled
6a74b0d3b9890d789584ee1b,6a71f26256c0266186cf5cb8,6a71f25a56c0266186cf5ada,enrolled
6a74b0d3b9890d789584ee1c,6a71f26256c0266186cf5cbb,6a71f25a56c0266186cf5ada,enrolled
6a74b0d3b9890d789584ee1d,6a71f26256c0266186cf5cbe,6a71f25a56c0266186cf5ada,enrolled
6a74b0d3b9890d789584ee1e,6a71f26256c0266186cf5cc1,6a71f25a56c0266186cf5ada,enrolled
6a74b0d3b9890d789584ee1f,6a71f26256c0266186cf5cc4,6a71f25a56c0266186cf5ada,enrolled
6a74b0d3b9890d789584ee20,6a71f26256c0266186cf5cc7,6a71f25a56c0266186cf5ada,enrolled
6a74b0d3b9890d789584ee21,6a71f26256c0266186cf5cca,6a71f25a56c0266186cf5ada,enrolled
6a74b0d3b9890d789584ee22,6a71f26256c0266186cf5ccd,6a71f25a56c0266186cf5ada,enrolled
6a74b0d3b9890d789584ee23,6a71f26256c0266186cf5cd0,6a71f25a56c0266186cf5ada,enrolled
6a74b0d3b9890d789584ee24,6a71f25456c0266186cf59ad,6a71f25a56c0266186cf5ae0,enrolled
6a74b0d3b9890d789584ee25,6a71f25456c0266186cf59b1,6a71f25a56c0266186cf5ae0,enrolled
6a74b0d3b9890d789584ee26,6a71f25456c0266186cf59b5,6a71f25a56c0266186cf5ae0,enrolled
6a74b0d3b9890d789584ee27,6a71f25456c0266186cf59b9,6a71f25a56c0266186cf5ae0,enrolled
6a74b0d3b9890d789584ee28,6a71f25556c0266186cf59bc,6a71f25a56c0266186cf5ae0,enrolled
6a74b0d3b9890d789584ee29,6a71f25556c0266186cf59bf,6a71f25a56c0266186cf5ae0,enrolled
6a74b0d3b9890d789584ee2a,6a71f25556c0266186cf59c2,6a71f25a56c0266186cf5ae0,enrolled
6a74b0d3b9890d789584ee2b,6a71f25556c0266186cf59c5,6a71f25a56c0266186cf5ae0,enrolled
6a74b0d3b9890d789584ee2c,6a71f25556c0266186cf59c8,6a71f25a56c0266186cf5ae0,enrolled
6a74b0d3b9890d789584ee2d,6a71f25556c0266186cf59cb,6a71f25a56c0266186cf5ae0,enrolled
6a74b0d3b9890d789584ee2e,6a71f25556c0266186cf59ce,6a71f25a56c0266186cf5ae0,enrolled
6a74b0d3b9890d789584ee2f,6a71f25556c0266186cf59d1,6a71f25a56c0266186cf5ae0,enrolled
6a74b0d4b9890d789584ee30,6a71f25556c0266186cf59d4,6a71f25a56c0266186cf5ae0,enrolled
6a74b0d4b9890d789584ee31,6a71f25b56c0266186cf5b11,6a71f25a56c0266186cf5ae0,enrolled
6a74b0d4b9890d789584ee32,6a71f25b56c0266186cf5b14,6a71f25a56c0266186cf5ae0,enrolled
6a74b0d4b9890d789584ee33,6a71f25b56c0266186cf5b17,6a71f25a56c0266186cf5ae0,enrolled
6a74b0d4b9890d789584ee34,6a71f25b56c0266186cf5b1a,6a71f25a56c0266186cf5ae0,enrolled
6a74b0d4b9890d789584ee35,6a71f25b56c0266186cf5b1d,6a71f25a56c0266186cf5ae0,enrolled
6a74b0d4b9890d789584ee36,6a71f25b56c0266186cf5b20,6a71f25a56c0266186cf5ae0,enrolled
6a74b0d4b9890d789584ee37,6a71f25b56c0266186cf5b23,6a71f25a56c0266186cf5ae0,enrolled
6a74b0d4b9890d789584ee38,6a71f25b56c0266186cf5b26,6a71f25a56c0266186cf5ae0,enrolled
6a74b0d4b9890d789584ee39,6a71f25b56c0266186cf5b29,6a71f25a56c0266186cf5ae0,enrolled
6a74b0d4b9890d789584ee3a,6a71f25b56c0266186cf5b2c,6a71f25a56c0266186cf5ae0,enrolled
6a74b0d4b9890d789584ee3b,6a71f25b56c0266186cf5b2f,6a71f25a56c0266186cf5ae0,enrolled
6a74b0d4b9890d789584ee3c,6a71f25b56c0266186cf5b32,6a71f25a56c0266186cf5ae0,enrolled
6a74b0d4b9890d789584ee3d,6a71f25b56c0266186cf5b35,6a71f25a56c0266186cf5ae0,enrolled
6a74b0d4b9890d789584ee3e,6a71f25b56c0266186cf5b38,6a71f25a56c0266186cf5ae0,enrolled
6a74b0d4b9890d789584ee3f,6a71f25b56c0266186cf5b3b,6a71f25a56c0266186cf5ae0,enrolled
6a74b0d4b9890d789584ee40,6a71f25b56c0266186cf5b3e,6a71f25a56c0266186cf5ae0,enrolled
6a74b0d4b9890d789584ee41,6a71f25b56c0266186cf5b41,6a71f25a56c0266186cf5ae0,enrolled
6a74b0d4b9890d789584ee42,6a71f25c56c0266186cf5b44,6a71f25a56c0266186cf5ae0,enrolled
6a74b0d4b9890d789584ee43,6a71f25c56c0266186cf5b47,6a71f25a56c0266186cf5ae0,enrolled
6a74b0d4b9890d789584ee44,6a71f25c56c0266186cf5b4a,6a71f25a56c0266186cf5ae0,enrolled
6a74b0d4b9890d789584ee45,6a71f25c56c0266186cf5b4d,6a71f25a56c0266186cf5ae0,enrolled
6a74b0d4b9890d789584ee46,6a71f25c56c0266186cf5b50,6a71f25a56c0266186cf5ae0,enrolled
6a74b0d4b9890d789584ee47,6a71f25c56c0266186cf5b53,6a71f25a56c0266186cf5ae0,enrolled
6a74b0d4b9890d789584ee48,6a71f25c56c0266186cf5b56,6a71f25a56c0266186cf5ae0,enrolled
6a74b0d4b9890d789584ee49,6a71f25c56c0266186cf5b59,6a71f25a56c0266186cf5ae0,enrolled
6a74b0d4b9890d789584ee4a,6a71f25c56c0266186cf5b5c,6a71f25a56c0266186cf5ae0,enrolled
6a74b0d4b9890d789584ee4b,6a71f25c56c0266186cf5b5f,6a71f25a56c0266186cf5ae0,enrolled
6a74b0d5b9890d789584ee4c,6a71f25c56c0266186cf5b62,6a71f25a56c0266186cf5ae0,enrolled
6a74b0d5b9890d789584ee4d,6a71f25c56c0266186cf5b65,6a71f25a56c0266186cf5ae0,enrolled
6a74b0d5b9890d789584ee4e,6a71f25c56c0266186cf5b68,6a71f25a56c0266186cf5ae0,enrolled
6a74b0d5b9890d789584ee4f,6a71f25c56c0266186cf5b6b,6a71f25a56c0266186cf5ae0,enrolled
6a74b0d5b9890d789584ee50,6a71f25c56c0266186cf5b6e,6a71f25a56c0266186cf5ae0,enrolled
6a74b0d5b9890d789584ee51,6a71f25c56c0266186cf5b71,6a71f25a56c0266186cf5ae0,enrolled
6a74b0d5b9890d789584ee52,6a71f25c56c0266186cf5b74,6a71f25a56c0266186cf5ae0,enrolled
6a74b0d5b9890d789584ee53,6a71f25c56c0266186cf5b77,6a71f25a56c0266186cf5ae0,enrolled
6a74b0d5b9890d789584ee54,6a71f25c56c0266186cf5b7a,6a71f25a56c0266186cf5ae0,enrolled
6a74b0d5b9890d789584ee55,6a71f25d56c0266186cf5b7d,6a71f25a56c0266186cf5ae0,enrolled
6a74b0d5b9890d789584ee56,6a71f25d56c0266186cf5b80,6a71f25a56c0266186cf5ae0,enrolled
6a74b0d5b9890d789584ee57,6a71f25d56c0266186cf5b83,6a71f25a56c0266186cf5ae0,enrolled
6a74b0d5b9890d789584ee58,6a71f25d56c0266186cf5b86,6a71f25a56c0266186cf5ae0,enrolled
6a74b0d5b9890d789584ee59,6a71f25d56c0266186cf5b89,6a71f25a56c0266186cf5ae0,enrolled
6a74b0d5b9890d789584ee5a,6a71f25d56c0266186cf5b8c,6a71f25a56c0266186cf5ae0,enrolled
6a74b0d5b9890d789584ee5b,6a71f25d56c0266186cf5b8f,6a71f25a56c0266186cf5ae0,enrolled
6a74b0d5b9890d789584ee5c,6a71f25d56c0266186cf5b92,6a71f25a56c0266186cf5ae0,enrolled
6a74b0d5b9890d789584ee5d,6a71f25d56c0266186cf5b95,6a71f25a56c0266186cf5ae0,enrolled
6a74b0d5b9890d789584ee5e,6a71f25d56c0266186cf5b98,6a71f25a56c0266186cf5ae0,enrolled
6a74b0d5b9890d789584ee5f,6a71f25d56c0266186cf5b9b,6a71f25a56c0266186cf5ae0,enrolled
6a74b0d5b9890d789584ee60,6a71f25d56c0266186cf5b9e,6a71f25a56c0266186cf5ae0,enrolled
6a74b0d5b9890d789584ee61,6a71f25d56c0266186cf5ba1,6a71f25a56c0266186cf5ae0,enrolled
6a74b0d5b9890d789584ee62,6a71f25d56c0266186cf5ba4,6a71f25a56c0266186cf5ae0,enrolled
6a74b0d5b9890d789584ee63,6a71f25d56c0266186cf5ba7,6a71f25a56c0266186cf5ae0,enrolled
6a74b0d5b9890d789584ee64,6a71f25d56c0266186cf5baa,6a71f25a56c0266186cf5ae0,enrolled
6a74b0d5b9890d789584ee65,6a71f25d56c0266186cf5bad,6a71f25a56c0266186cf5ae0,enrolled
6a74b0d5b9890d789584ee66,6a71f25d56c0266186cf5bb0,6a71f25a56c0266186cf5ae0,enrolled
6a74b0d5b9890d789584ee67,6a71f25d56c0266186cf5bb3,6a71f25a56c0266186cf5ae0,enrolled
6a74b0d6b9890d789584ee68,6a71f25d56c0266186cf5bb6,6a71f25a56c0266186cf5ae0,enrolled
6a74b0d6b9890d789584ee69,6a71f25e56c0266186cf5bb9,6a71f25a56c0266186cf5ae0,enrolled
6a74b0d6b9890d789584ee6a,6a71f25e56c0266186cf5bbc,6a71f25a56c0266186cf5ae0,enrolled
6a74b0d6b9890d789584ee6b,6a71f25e56c0266186cf5bbf,6a71f25a56c0266186cf5ae0,enrolled
6a74b0d6b9890d789584ee6c,6a71f25e56c0266186cf5bc2,6a71f25a56c0266186cf5ae0,enrolled
6a74b0d6b9890d789584ee6d,6a71f25e56c0266186cf5bc5,6a71f25a56c0266186cf5ae0,enrolled
6a74b0d6b9890d789584ee6e,6a71f25e56c0266186cf5bc8,6a71f25a56c0266186cf5ae0,enrolled
6a74b0d6b9890d789584ee6f,6a71f25e56c0266186cf5bcb,6a71f25a56c0266186cf5ae0,enrolled
6a74b0d6b9890d789584ee70,6a71f25e56c0266186cf5bce,6a71f25a56c0266186cf5ae0,enrolled
6a74b0d6b9890d789584ee71,6a71f25e56c0266186cf5bd1,6a71f25a56c0266186cf5ae0,enrolled
6a74b0d6b9890d789584ee72,6a71f25e56c0266186cf5bd4,6a71f25a56c0266186cf5ae0,enrolled
6a74b0d6b9890d789584ee73,6a71f25e56c0266186cf5bd7,6a71f25a56c0266186cf5ae0,enrolled
6a74b0d6b9890d789584ee74,6a71f25e56c0266186cf5bda,6a71f25a56c0266186cf5ae0,enrolled
6a74b0d6b9890d789584ee75,6a71f25e56c0266186cf5bdd,6a71f25a56c0266186cf5ae0,enrolled
6a74b0d6b9890d789584ee76,6a71f25e56c0266186cf5be0,6a71f25a56c0266186cf5ae0,enrolled
6a74b0d6b9890d789584ee77,6a71f25e56c0266186cf5be3,6a71f25a56c0266186cf5ae0,enrolled
6a74b0d6b9890d789584ee78,6a71f25e56c0266186cf5be6,6a71f25a56c0266186cf5ae0,enrolled
6a74b0d6b9890d789584ee79,6a71f25e56c0266186cf5be9,6a71f25a56c0266186cf5ae0,enrolled
6a74b0d6b9890d789584ee7a,6a71f25e56c0266186cf5bec,6a71f25a56c0266186cf5ae0,enrolled
6a74b0d6b9890d789584ee7b,6a71f25e56c0266186cf5bef,6a71f25a56c0266186cf5ae0,enrolled
6a74b0d7b9890d789584ee7c,6a71f26056c0266186cf5c3d,6a71f25a56c0266186cf5ae0,enrolled
6a74b0d7b9890d789584ee7d,6a71f26056c0266186cf5c40,6a71f25a56c0266186cf5ae0,enrolled
6a74b0d7b9890d789584ee7e,6a71f26056c0266186cf5c43,6a71f25a56c0266186cf5ae0,enrolled
6a74b0d7b9890d789584ee7f,6a71f26056c0266186cf5c46,6a71f25a56c0266186cf5ae0,enrolled
6a74b0d7b9890d789584ee80,6a71f26056c0266186cf5c49,6a71f25a56c0266186cf5ae0,enrolled
6a74b0d7b9890d789584ee81,6a71f26056c0266186cf5c4c,6a71f25a56c0266186cf5ae0,enrolled
6a74b0d7b9890d789584ee82,6a71f26056c0266186cf5c4f,6a71f25a56c0266186cf5ae0,enrolled
6a74b0d7b9890d789584ee83,6a71f26056c0266186cf5c52,6a71f25a56c0266186cf5ae0,enrolled
6a74b0d7b9890d789584ee84,6a71f26056c0266186cf5c55,6a71f25a56c0266186cf5ae0,enrolled
6a74b0d8b9890d789584ee85,6a71f26056c0266186cf5c58,6a71f25a56c0266186cf5ae0,enrolled
6a74b0d8b9890d789584ee86,6a71f26056c0266186cf5c5b,6a71f25a56c0266186cf5ae0,enrolled
6a74b0d8b9890d789584ee87,6a71f26056c0266186cf5c5e,6a71f25a56c0266186cf5ae0,enrolled
6a74b0d8b9890d789584ee88,6a71f26056c0266186cf5c61,6a71f25a56c0266186cf5ae0,enrolled
6a74b0d8b9890d789584ee89,6a71f26056c0266186cf5c64,6a71f25a56c0266186cf5ae0,enrolled
6a74b0d8b9890d789584ee8a,6a71f26056c0266186cf5c67,6a71f25a56c0266186cf5ae0,enrolled
6a74b0d8b9890d789584ee8b,6a71f26156c0266186cf5c6a,6a71f25a56c0266186cf5ae0,enrolled
6a74b0d8b9890d789584ee8c,6a71f26156c0266186cf5c6d,6a71f25a56c0266186cf5ae0,enrolled
6a74b0d8b9890d789584ee8d,6a71f26156c0266186cf5c70,6a71f25a56c0266186cf5ae0,enrolled
6a74b0d8b9890d789584ee8e,6a71f26156c0266186cf5c73,6a71f25a56c0266186cf5ae0,enrolled
6a74b0d8b9890d789584ee8f,6a71f26156c0266186cf5c76,6a71f25a56c0266186cf5ae0,enrolled
6a74b0d8b9890d789584ee90,6a71f26156c0266186cf5c79,6a71f25a56c0266186cf5ae0,enrolled
6a74b0d8b9890d789584ee91,6a71f26156c0266186cf5c7c,6a71f25a56c0266186cf5ae0,enrolled
6a74b0d8b9890d789584ee92,6a71f26156c0266186cf5c7f,6a71f25a56c0266186cf5ae0,enrolled
6a74b0d8b9890d789584ee93,6a71f26156c0266186cf5c82,6a71f25a56c0266186cf5ae0,enrolled
6a74b0d8b9890d789584ee94,6a71f26156c0266186cf5c85,6a71f25a56c0266186cf5ae0,enrolled
6a74b0d8b9890d789584ee95,6a71f26156c0266186cf5c88,6a71f25a56c0266186cf5ae0,enrolled
6a74b0d8b9890d789584ee96,6a71f26156c0266186cf5c8b,6a71f25a56c0266186cf5ae0,enrolled
6a74b0d8b9890d789584ee97,6a71f26156c0266186cf5c8e,6a71f25a56c0266186cf5ae0,enrolled
6a74b0d8b9890d789584ee98,6a71f26156c0266186cf5c91,6a71f25a56c0266186cf5ae0,enrolled
6a74b0d8b9890d789584ee99,6a71f26156c0266186cf5c94,6a71f25a56c0266186cf5ae0,enrolled
6a74b0d8b9890d789584ee9a,6a71f26156c0266186cf5c97,6a71f25a56c0266186cf5ae0,enrolled
6a74b0d8b9890d789584ee9b,6a71f26156c0266186cf5c9a,6a71f25a56c0266186cf5ae0,enrolled
6a74b0d8b9890d789584ee9c,6a71f26156c0266186cf5c9d,6a71f25a56c0266186cf5ae0,enrolled
6a74b0d8b9890d789584ee9d,6a71f26156c0266186cf5ca0,6a71f25a56c0266186cf5ae0,enrolled
6a74b0d8b9890d789584ee9e,6a71f26156c0266186cf5ca3,6a71f25a56c0266186cf5ae0,enrolled
6a74b0d8b9890d789584ee9f,6a71f26256c0266186cf5ca6,6a71f25a56c0266186cf5ae0,enrolled
6a74b0d8b9890d789584eea0,6a71f26256c0266186cf5ca9,6a71f25a56c0266186cf5ae0,enrolled
6a74b0d9b9890d789584eea1,6a71f26256c0266186cf5cac,6a71f25a56c0266186cf5ae0,enrolled
6a74b0d9b9890d789584eea2,6a71f26256c0266186cf5caf,6a71f25a56c0266186cf5ae0,enrolled
6a74b0d9b9890d789584eea3,6a71f26256c0266186cf5cb2,6a71f25a56c0266186cf5ae0,enrolled
6a74b0d9b9890d789584eea4,6a71f26256c0266186cf5cb5,6a71f25a56c0266186cf5ae0,enrolled
6a74b0d9b9890d789584eea5,6a71f26256c0266186cf5cb8,6a71f25a56c0266186cf5ae0,enrolled
6a74b0d9b9890d789584eea6,6a71f26256c0266186cf5cbb,6a71f25a56c0266186cf5ae0,enrolled
6a74b0d9b9890d789584eea7,6a71f26256c0266186cf5cbe,6a71f25a56c0266186cf5ae0,enrolled
6a74b0d9b9890d789584eea8,6a71f26256c0266186cf5cc1,6a71f25a56c0266186cf5ae0,enrolled
6a74b0d9b9890d789584eea9,6a71f26256c0266186cf5cc4,6a71f25a56c0266186cf5ae0,enrolled
6a74b0d9b9890d789584eeaa,6a71f26256c0266186cf5cc7,6a71f25a56c0266186cf5ae0,enrolled
6a74b0d9b9890d789584eeab,6a71f26256c0266186cf5cca,6a71f25a56c0266186cf5ae0,enrolled
6a74b0d9b9890d789584eeac,6a71f26256c0266186cf5ccd,6a71f25a56c0266186cf5ae0,enrolled
6a74b0d9b9890d789584eead,6a71f26256c0266186cf5cd0,6a71f25a56c0266186cf5ae0,enrolled
6a74b0d9b9890d789584eeae,6a71f25456c0266186cf59ad,6a71f25a56c0266186cf5ae6,enrolled
6a74b0d9b9890d789584eeaf,6a71f25456c0266186cf59b1,6a71f25a56c0266186cf5ae6,enrolled
6a74b0d9b9890d789584eeb0,6a71f25456c0266186cf59b5,6a71f25a56c0266186cf5ae6,enrolled
6a74b0d9b9890d789584eeb1,6a71f25456c0266186cf59b9,6a71f25a56c0266186cf5ae6,enrolled
6a74b0d9b9890d789584eeb2,6a71f25556c0266186cf59bc,6a71f25a56c0266186cf5ae6,enrolled
6a74b0d9b9890d789584eeb3,6a71f25556c0266186cf59bf,6a71f25a56c0266186cf5ae6,enrolled
6a74b0d9b9890d789584eeb4,6a71f25556c0266186cf59c2,6a71f25a56c0266186cf5ae6,enrolled
6a74b0d9b9890d789584eeb5,6a71f25556c0266186cf59c5,6a71f25a56c0266186cf5ae6,enrolled
6a74b0d9b9890d789584eeb6,6a71f25556c0266186cf59c8,6a71f25a56c0266186cf5ae6,enrolled
6a74b0d9b9890d789584eeb7,6a71f25556c0266186cf59cb,6a71f25a56c0266186cf5ae6,enrolled
6a74b0d9b9890d789584eeb8,6a71f25556c0266186cf59ce,6a71f25a56c0266186cf5ae6,enrolled
6a74b0d9b9890d789584eeb9,6a71f25556c0266186cf59d1,6a71f25a56c0266186cf5ae6,enrolled
6a74b0d9b9890d789584eeba,6a71f25556c0266186cf59d4,6a71f25a56c0266186cf5ae6,enrolled
6a74b0d9b9890d789584eebb,6a71f25b56c0266186cf5b11,6a71f25a56c0266186cf5ae6,enrolled
6a74b0d9b9890d789584eebc,6a71f25b56c0266186cf5b14,6a71f25a56c0266186cf5ae6,enrolled
6a74b0dab9890d789584eebd,6a71f25b56c0266186cf5b17,6a71f25a56c0266186cf5ae6,enrolled
6a74b0dab9890d789584eebe,6a71f25b56c0266186cf5b1a,6a71f25a56c0266186cf5ae6,enrolled
6a74b0dab9890d789584eebf,6a71f25b56c0266186cf5b1d,6a71f25a56c0266186cf5ae6,enrolled
6a74b0dab9890d789584eec0,6a71f25b56c0266186cf5b20,6a71f25a56c0266186cf5ae6,enrolled
6a74b0dab9890d789584eec1,6a71f25b56c0266186cf5b23,6a71f25a56c0266186cf5ae6,enrolled
6a74b0dab9890d789584eec2,6a71f25b56c0266186cf5b26,6a71f25a56c0266186cf5ae6,enrolled
6a74b0dab9890d789584eec3,6a71f25b56c0266186cf5b29,6a71f25a56c0266186cf5ae6,enrolled
6a74b0dab9890d789584eec4,6a71f25b56c0266186cf5b2c,6a71f25a56c0266186cf5ae6,enrolled
6a74b0dab9890d789584eec5,6a71f25b56c0266186cf5b2f,6a71f25a56c0266186cf5ae6,enrolled
6a74b0dab9890d789584eec6,6a71f25b56c0266186cf5b32,6a71f25a56c0266186cf5ae6,enrolled
6a74b0dab9890d789584eec7,6a71f25b56c0266186cf5b35,6a71f25a56c0266186cf5ae6,enrolled
6a74b0dab9890d789584eec8,6a71f25b56c0266186cf5b38,6a71f25a56c0266186cf5ae6,enrolled
6a74b0dab9890d789584eec9,6a71f25b56c0266186cf5b3b,6a71f25a56c0266186cf5ae6,enrolled
6a74b0dab9890d789584eeca,6a71f25b56c0266186cf5b3e,6a71f25a56c0266186cf5ae6,enrolled
6a74b0dab9890d789584eecb,6a71f25b56c0266186cf5b41,6a71f25a56c0266186cf5ae6,enrolled
6a74b0dab9890d789584eecc,6a71f25c56c0266186cf5b44,6a71f25a56c0266186cf5ae6,enrolled
6a74b0dab9890d789584eecd,6a71f25c56c0266186cf5b47,6a71f25a56c0266186cf5ae6,enrolled
6a74b0dab9890d789584eece,6a71f25c56c0266186cf5b4a,6a71f25a56c0266186cf5ae6,enrolled
6a74b0dab9890d789584eecf,6a71f25c56c0266186cf5b4d,6a71f25a56c0266186cf5ae6,enrolled
6a74b0dab9890d789584eed0,6a71f25c56c0266186cf5b50,6a71f25a56c0266186cf5ae6,enrolled
6a74b0dab9890d789584eed1,6a71f25c56c0266186cf5b53,6a71f25a56c0266186cf5ae6,enrolled
6a74b0dab9890d789584eed2,6a71f25c56c0266186cf5b56,6a71f25a56c0266186cf5ae6,enrolled
6a74b0dab9890d789584eed3,6a71f25c56c0266186cf5b59,6a71f25a56c0266186cf5ae6,enrolled
6a74b0dab9890d789584eed4,6a71f25c56c0266186cf5b5c,6a71f25a56c0266186cf5ae6,enrolled
6a74b0dab9890d789584eed5,6a71f25c56c0266186cf5b5f,6a71f25a56c0266186cf5ae6,enrolled
6a74b0dab9890d789584eed6,6a71f25c56c0266186cf5b62,6a71f25a56c0266186cf5ae6,enrolled
6a74b0dab9890d789584eed7,6a71f25c56c0266186cf5b65,6a71f25a56c0266186cf5ae6,enrolled
6a74b0dab9890d789584eed8,6a71f25c56c0266186cf5b68,6a71f25a56c0266186cf5ae6,enrolled
6a74b0dbb9890d789584eed9,6a71f25c56c0266186cf5b6b,6a71f25a56c0266186cf5ae6,enrolled
6a74b0dbb9890d789584eeda,6a71f25c56c0266186cf5b6e,6a71f25a56c0266186cf5ae6,enrolled
6a74b0dbb9890d789584eedb,6a71f25c56c0266186cf5b71,6a71f25a56c0266186cf5ae6,enrolled
6a74b0dbb9890d789584eedc,6a71f25c56c0266186cf5b74,6a71f25a56c0266186cf5ae6,enrolled
6a74b0dbb9890d789584eedd,6a71f25c56c0266186cf5b77,6a71f25a56c0266186cf5ae6,enrolled
6a74b0dbb9890d789584eede,6a71f25c56c0266186cf5b7a,6a71f25a56c0266186cf5ae6,enrolled
6a74b0dbb9890d789584eedf,6a71f25d56c0266186cf5b7d,6a71f25a56c0266186cf5ae6,enrolled
6a74b0dbb9890d789584eee0,6a71f25d56c0266186cf5b80,6a71f25a56c0266186cf5ae6,enrolled
6a74b0dbb9890d789584eee1,6a71f25d56c0266186cf5b83,6a71f25a56c0266186cf5ae6,enrolled
6a74b0dbb9890d789584eee2,6a71f25d56c0266186cf5b86,6a71f25a56c0266186cf5ae6,enrolled
6a74b0dbb9890d789584eee3,6a71f25d56c0266186cf5b89,6a71f25a56c0266186cf5ae6,enrolled
6a74b0dbb9890d789584eee4,6a71f25d56c0266186cf5b8c,6a71f25a56c0266186cf5ae6,enrolled
6a74b0dbb9890d789584eee5,6a71f25d56c0266186cf5b8f,6a71f25a56c0266186cf5ae6,enrolled
6a74b0dbb9890d789584eee6,6a71f25d56c0266186cf5b92,6a71f25a56c0266186cf5ae6,enrolled
6a74b0dbb9890d789584eee7,6a71f25d56c0266186cf5b95,6a71f25a56c0266186cf5ae6,enrolled
6a74b0dbb9890d789584eee8,6a71f25d56c0266186cf5b98,6a71f25a56c0266186cf5ae6,enrolled
6a74b0dbb9890d789584eee9,6a71f25d56c0266186cf5b9b,6a71f25a56c0266186cf5ae6,enrolled
6a74b0dbb9890d789584eeea,6a71f25d56c0266186cf5b9e,6a71f25a56c0266186cf5ae6,enrolled
6a74b0dbb9890d789584eeeb,6a71f25d56c0266186cf5ba1,6a71f25a56c0266186cf5ae6,enrolled
6a74b0dbb9890d789584eeec,6a71f25d56c0266186cf5ba4,6a71f25a56c0266186cf5ae6,enrolled
6a74b0ddb9890d789584eeed,6a71f26056c0266186cf5c3d,6a71f25a56c0266186cf5ae6,enrolled
6a74b0ddb9890d789584eeee,6a71f26056c0266186cf5c40,6a71f25a56c0266186cf5ae6,enrolled
6a74b0ddb9890d789584eeef,6a71f26056c0266186cf5c43,6a71f25a56c0266186cf5ae6,enrolled
6a74b0ddb9890d789584eef0,6a71f26056c0266186cf5c46,6a71f25a56c0266186cf5ae6,enrolled
6a74b0ddb9890d789584eef1,6a71f26056c0266186cf5c49,6a71f25a56c0266186cf5ae6,enrolled
6a74b0ddb9890d789584eef2,6a71f26056c0266186cf5c4c,6a71f25a56c0266186cf5ae6,enrolled
6a74b0ddb9890d789584eef3,6a71f26056c0266186cf5c4f,6a71f25a56c0266186cf5ae6,enrolled
6a74b0ddb9890d789584eef4,6a71f26056c0266186cf5c52,6a71f25a56c0266186cf5ae6,enrolled
6a74b0ddb9890d789584eef5,6a71f26056c0266186cf5c55,6a71f25a56c0266186cf5ae6,enrolled
6a74b0ddb9890d789584eef6,6a71f26056c0266186cf5c58,6a71f25a56c0266186cf5ae6,enrolled
6a74b0ddb9890d789584eef7,6a71f26056c0266186cf5c5b,6a71f25a56c0266186cf5ae6,enrolled
6a74b0ddb9890d789584eef8,6a71f26056c0266186cf5c5e,6a71f25a56c0266186cf5ae6,enrolled
6a74b0ddb9890d789584eef9,6a71f26056c0266186cf5c61,6a71f25a56c0266186cf5ae6,enrolled
6a74b0deb9890d789584eefa,6a71f26056c0266186cf5c64,6a71f25a56c0266186cf5ae6,enrolled
6a74b0deb9890d789584eefb,6a71f26056c0266186cf5c67,6a71f25a56c0266186cf5ae6,enrolled
6a74b0deb9890d789584eefc,6a71f26156c0266186cf5c6a,6a71f25a56c0266186cf5ae6,enrolled
6a74b0deb9890d789584eefd,6a71f26156c0266186cf5c6d,6a71f25a56c0266186cf5ae6,enrolled
6a74b0deb9890d789584eefe,6a71f26156c0266186cf5c70,6a71f25a56c0266186cf5ae6,enrolled
6a74b0deb9890d789584eeff,6a71f26156c0266186cf5c73,6a71f25a56c0266186cf5ae6,enrolled
6a74b0deb9890d789584ef00,6a71f26156c0266186cf5c76,6a71f25a56c0266186cf5ae6,enrolled
6a74b0deb9890d789584ef01,6a71f26156c0266186cf5c79,6a71f25a56c0266186cf5ae6,enrolled
6a74b0deb9890d789584ef02,6a71f26156c0266186cf5c7c,6a71f25a56c0266186cf5ae6,enrolled
6a74b0deb9890d789584ef03,6a71f26156c0266186cf5c7f,6a71f25a56c0266186cf5ae6,enrolled
6a74b0deb9890d789584ef04,6a71f26156c0266186cf5c82,6a71f25a56c0266186cf5ae6,enrolled
6a74b0deb9890d789584ef05,6a71f26156c0266186cf5c85,6a71f25a56c0266186cf5ae6,enrolled
6a74b0deb9890d789584ef06,6a71f26156c0266186cf5c88,6a71f25a56c0266186cf5ae6,enrolled
6a74b0deb9890d789584ef07,6a71f26156c0266186cf5c8b,6a71f25a56c0266186cf5ae6,enrolled
6a74b0deb9890d789584ef08,6a71f26156c0266186cf5c8e,6a71f25a56c0266186cf5ae6,enrolled
6a74b0deb9890d789584ef09,6a71f26156c0266186cf5c91,6a71f25a56c0266186cf5ae6,enrolled
6a74b0deb9890d789584ef0a,6a71f26156c0266186cf5c94,6a71f25a56c0266186cf5ae6,enrolled
6a74b0deb9890d789584ef0b,6a71f26156c0266186cf5c97,6a71f25a56c0266186cf5ae6,enrolled
6a74b0deb9890d789584ef0c,6a71f26156c0266186cf5c9a,6a71f25a56c0266186cf5ae6,enrolled
6a74b0deb9890d789584ef0d,6a71f26156c0266186cf5c9d,6a71f25a56c0266186cf5ae6,enrolled
6a74b0deb9890d789584ef0e,6a71f26156c0266186cf5ca0,6a71f25a56c0266186cf5ae6,enrolled
6a74b0deb9890d789584ef0f,6a71f26156c0266186cf5ca3,6a71f25a56c0266186cf5ae6,enrolled
6a74b0deb9890d789584ef10,6a71f26256c0266186cf5ca6,6a71f25a56c0266186cf5ae6,enrolled
6a74b0deb9890d789584ef11,6a71f26256c0266186cf5ca9,6a71f25a56c0266186cf5ae6,enrolled
6a74b0deb9890d789584ef12,6a71f26256c0266186cf5cac,6a71f25a56c0266186cf5ae6,enrolled
6a74b0deb9890d789584ef13,6a71f26256c0266186cf5caf,6a71f25a56c0266186cf5ae6,enrolled
6a74b0deb9890d789584ef14,6a71f26256c0266186cf5cb2,6a71f25a56c0266186cf5ae6,enrolled
6a74b0deb9890d789584ef15,6a71f26256c0266186cf5cb5,6a71f25a56c0266186cf5ae6,enrolled
6a74b0dfb9890d789584ef16,6a71f26256c0266186cf5cb8,6a71f25a56c0266186cf5ae6,enrolled
6a74b0dfb9890d789584ef17,6a71f26256c0266186cf5cbb,6a71f25a56c0266186cf5ae6,enrolled
6a74b0dfb9890d789584ef18,6a71f26256c0266186cf5cbe,6a71f25a56c0266186cf5ae6,enrolled
6a74b0dfb9890d789584ef19,6a71f26256c0266186cf5cc1,6a71f25a56c0266186cf5ae6,enrolled
6a74b0dfb9890d789584ef1a,6a71f26256c0266186cf5cc4,6a71f25a56c0266186cf5ae6,enrolled
6a74b0dfb9890d789584ef1b,6a71f26256c0266186cf5cc7,6a71f25a56c0266186cf5ae6,enrolled
6a74b0dfb9890d789584ef1c,6a71f26256c0266186cf5cca,6a71f25a56c0266186cf5ae6,enrolled
6a74b0dfb9890d789584ef1d,6a71f26256c0266186cf5ccd,6a71f25a56c0266186cf5ae6,enrolled
6a74b0dfb9890d789584ef1e,6a71f26256c0266186cf5cd0,6a71f25a56c0266186cf5ae6,enrolled
6a74b0dfb9890d789584ef1f,6a71f25456c0266186cf59ad,6a71f25a56c0266186cf5aec,enrolled
6a74b0dfb9890d789584ef20,6a71f25456c0266186cf59b1,6a71f25a56c0266186cf5aec,enrolled
6a74b0dfb9890d789584ef21,6a71f25456c0266186cf59b5,6a71f25a56c0266186cf5aec,enrolled
6a74b0dfb9890d789584ef22,6a71f25456c0266186cf59b9,6a71f25a56c0266186cf5aec,enrolled
6a74b0dfb9890d789584ef23,6a71f25556c0266186cf59bc,6a71f25a56c0266186cf5aec,enrolled
6a74b0dfb9890d789584ef24,6a71f25556c0266186cf59bf,6a71f25a56c0266186cf5aec,enrolled
6a74b0dfb9890d789584ef25,6a71f25556c0266186cf59c2,6a71f25a56c0266186cf5aec,enrolled
6a74b0dfb9890d789584ef26,6a71f25556c0266186cf59c5,6a71f25a56c0266186cf5aec,enrolled
6a74b0dfb9890d789584ef27,6a71f25556c0266186cf59c8,6a71f25a56c0266186cf5aec,enrolled
6a74b0dfb9890d789584ef28,6a71f25556c0266186cf59cb,6a71f25a56c0266186cf5aec,enrolled
6a74b0dfb9890d789584ef29,6a71f25556c0266186cf59ce,6a71f25a56c0266186cf5aec,enrolled
6a74b0dfb9890d789584ef2a,6a71f25556c0266186cf59d1,6a71f25a56c0266186cf5aec,enrolled
6a74b0dfb9890d789584ef2b,6a71f25556c0266186cf59d4,6a71f25a56c0266186cf5aec,enrolled
6a74b0dfb9890d789584ef2c,6a71f25b56c0266186cf5b11,6a71f25a56c0266186cf5aec,enrolled
6a74b0dfb9890d789584ef2d,6a71f25b56c0266186cf5b14,6a71f25a56c0266186cf5aec,enrolled
6a74b0dfb9890d789584ef2e,6a71f25b56c0266186cf5b17,6a71f25a56c0266186cf5aec,enrolled
6a74b0dfb9890d789584ef2f,6a71f25b56c0266186cf5b1a,6a71f25a56c0266186cf5aec,enrolled
6a74b0dfb9890d789584ef30,6a71f25b56c0266186cf5b1d,6a71f25a56c0266186cf5aec,enrolled
6a74b0dfb9890d789584ef31,6a71f25b56c0266186cf5b20,6a71f25a56c0266186cf5aec,enrolled
6a74b0e0b9890d789584ef32,6a71f25b56c0266186cf5b23,6a71f25a56c0266186cf5aec,enrolled
6a74b0e0b9890d789584ef33,6a71f25b56c0266186cf5b26,6a71f25a56c0266186cf5aec,enrolled
6a74b0e0b9890d789584ef34,6a71f25b56c0266186cf5b29,6a71f25a56c0266186cf5aec,enrolled
6a74b0e0b9890d789584ef35,6a71f25b56c0266186cf5b2c,6a71f25a56c0266186cf5aec,enrolled
6a74b0e0b9890d789584ef36,6a71f25b56c0266186cf5b2f,6a71f25a56c0266186cf5aec,enrolled
6a74b0e0b9890d789584ef37,6a71f25b56c0266186cf5b32,6a71f25a56c0266186cf5aec,enrolled
6a74b0e0b9890d789584ef38,6a71f25b56c0266186cf5b35,6a71f25a56c0266186cf5aec,enrolled
6a74b0e0b9890d789584ef39,6a71f25b56c0266186cf5b38,6a71f25a56c0266186cf5aec,enrolled
6a74b0e0b9890d789584ef3a,6a71f25b56c0266186cf5b3b,6a71f25a56c0266186cf5aec,enrolled
6a74b0e0b9890d789584ef3b,6a71f25b56c0266186cf5b3e,6a71f25a56c0266186cf5aec,enrolled
6a74b0e0b9890d789584ef3c,6a71f25b56c0266186cf5b41,6a71f25a56c0266186cf5aec,enrolled
6a74b0e0b9890d789584ef3d,6a71f25c56c0266186cf5b44,6a71f25a56c0266186cf5aec,enrolled
6a74b0e0b9890d789584ef3e,6a71f25c56c0266186cf5b47,6a71f25a56c0266186cf5aec,enrolled
6a74b0e0b9890d789584ef3f,6a71f25c56c0266186cf5b4a,6a71f25a56c0266186cf5aec,enrolled
6a74b0e0b9890d789584ef40,6a71f25c56c0266186cf5b4d,6a71f25a56c0266186cf5aec,enrolled
6a74b0e0b9890d789584ef41,6a71f25c56c0266186cf5b50,6a71f25a56c0266186cf5aec,enrolled
6a74b0e0b9890d789584ef42,6a71f25c56c0266186cf5b53,6a71f25a56c0266186cf5aec,enrolled
6a74b0e0b9890d789584ef43,6a71f25c56c0266186cf5b56,6a71f25a56c0266186cf5aec,enrolled
6a74b0e0b9890d789584ef44,6a71f25c56c0266186cf5b59,6a71f25a56c0266186cf5aec,enrolled
6a74b0e0b9890d789584ef45,6a71f25c56c0266186cf5b5c,6a71f25a56c0266186cf5aec,enrolled
6a74b0e0b9890d789584ef46,6a71f25c56c0266186cf5b5f,6a71f25a56c0266186cf5aec,enrolled
6a74b0e0b9890d789584ef47,6a71f25c56c0266186cf5b62,6a71f25a56c0266186cf5aec,enrolled
6a74b0e0b9890d789584ef48,6a71f25c56c0266186cf5b65,6a71f25a56c0266186cf5aec,enrolled
6a74b0e0b9890d789584ef49,6a71f25c56c0266186cf5b68,6a71f25a56c0266186cf5aec,enrolled
6a74b0e0b9890d789584ef4a,6a71f25c56c0266186cf5b6b,6a71f25a56c0266186cf5aec,enrolled
6a74b0e0b9890d789584ef4b,6a71f25c56c0266186cf5b6e,6a71f25a56c0266186cf5aec,enrolled
6a74b0e1b9890d789584ef4c,6a71f25c56c0266186cf5b71,6a71f25a56c0266186cf5aec,enrolled
6a74b0e1b9890d789584ef4d,6a71f25c56c0266186cf5b74,6a71f25a56c0266186cf5aec,enrolled
6a74b0e1b9890d789584ef4e,6a71f25c56c0266186cf5b77,6a71f25a56c0266186cf5aec,enrolled
6a74b0e1b9890d789584ef4f,6a71f25c56c0266186cf5b7a,6a71f25a56c0266186cf5aec,enrolled
6a74b0e1b9890d789584ef50,6a71f25d56c0266186cf5b7d,6a71f25a56c0266186cf5aec,enrolled
6a74b0e1b9890d789584ef51,6a71f25d56c0266186cf5b80,6a71f25a56c0266186cf5aec,enrolled
6a74b0e1b9890d789584ef52,6a71f25d56c0266186cf5b83,6a71f25a56c0266186cf5aec,enrolled
6a74b0e1b9890d789584ef53,6a71f25d56c0266186cf5b86,6a71f25a56c0266186cf5aec,enrolled
6a74b0e1b9890d789584ef54,6a71f25d56c0266186cf5b89,6a71f25a56c0266186cf5aec,enrolled
6a74b0e1b9890d789584ef55,6a71f25d56c0266186cf5b8c,6a71f25a56c0266186cf5aec,enrolled
6a74b0e1b9890d789584ef56,6a71f25d56c0266186cf5b8f,6a71f25a56c0266186cf5aec,enrolled
6a74b0e1b9890d789584ef57,6a71f25d56c0266186cf5b92,6a71f25a56c0266186cf5aec,enrolled
6a74b0e1b9890d789584ef58,6a71f25d56c0266186cf5b95,6a71f25a56c0266186cf5aec,enrolled
6a74b0e1b9890d789584ef59,6a71f25d56c0266186cf5b98,6a71f25a56c0266186cf5aec,enrolled
6a74b0e1b9890d789584ef5a,6a71f25d56c0266186cf5b9b,6a71f25a56c0266186cf5aec,enrolled
6a74b0e1b9890d789584ef5b,6a71f25d56c0266186cf5b9e,6a71f25a56c0266186cf5aec,enrolled
6a74b0e1b9890d789584ef5c,6a71f25d56c0266186cf5ba1,6a71f25a56c0266186cf5aec,enrolled
6a74b0e1b9890d789584ef5d,6a71f25d56c0266186cf5ba4,6a71f25a56c0266186cf5aec,enrolled
6a74b0e3b9890d789584ef5e,6a71f26056c0266186cf5c3d,6a71f25a56c0266186cf5aec,enrolled
6a74b0e3b9890d789584ef5f,6a71f26056c0266186cf5c40,6a71f25a56c0266186cf5aec,enrolled
6a74b0e3b9890d789584ef60,6a71f26056c0266186cf5c43,6a71f25a56c0266186cf5aec,enrolled
6a74b0e3b9890d789584ef61,6a71f26056c0266186cf5c46,6a71f25a56c0266186cf5aec,enrolled
6a74b0e3b9890d789584ef62,6a71f26056c0266186cf5c49,6a71f25a56c0266186cf5aec,enrolled
6a74b0e3b9890d789584ef63,6a71f26056c0266186cf5c4c,6a71f25a56c0266186cf5aec,enrolled
6a74b0e3b9890d789584ef64,6a71f26056c0266186cf5c4f,6a71f25a56c0266186cf5aec,enrolled
6a74b0e3b9890d789584ef65,6a71f26056c0266186cf5c52,6a71f25a56c0266186cf5aec,enrolled
6a74b0e3b9890d789584ef66,6a71f26056c0266186cf5c55,6a71f25a56c0266186cf5aec,enrolled
6a74b0e3b9890d789584ef67,6a71f26056c0266186cf5c58,6a71f25a56c0266186cf5aec,enrolled
6a74b0e3b9890d789584ef68,6a71f26056c0266186cf5c5b,6a71f25a56c0266186cf5aec,enrolled
6a74b0e3b9890d789584ef69,6a71f26056c0266186cf5c5e,6a71f25a56c0266186cf5aec,enrolled
6a74b0e3b9890d789584ef6a,6a71f26056c0266186cf5c61,6a71f25a56c0266186cf5aec,enrolled
6a74b0e3b9890d789584ef6b,6a71f26056c0266186cf5c64,6a71f25a56c0266186cf5aec,enrolled
6a74b0e3b9890d789584ef6c,6a71f26056c0266186cf5c67,6a71f25a56c0266186cf5aec,enrolled
6a74b0e4b9890d789584ef6d,6a71f26156c0266186cf5c6a,6a71f25a56c0266186cf5aec,enrolled
6a74b0e4b9890d789584ef6e,6a71f26156c0266186cf5c6d,6a71f25a56c0266186cf5aec,enrolled
6a74b0e4b9890d789584ef6f,6a71f26156c0266186cf5c70,6a71f25a56c0266186cf5aec,enrolled
6a74b0e4b9890d789584ef70,6a71f26156c0266186cf5c73,6a71f25a56c0266186cf5aec,enrolled
6a74b0e4b9890d789584ef71,6a71f26156c0266186cf5c76,6a71f25a56c0266186cf5aec,enrolled
6a74b0e4b9890d789584ef72,6a71f26156c0266186cf5c79,6a71f25a56c0266186cf5aec,enrolled
6a74b0e4b9890d789584ef73,6a71f26156c0266186cf5c7c,6a71f25a56c0266186cf5aec,enrolled
6a74b0e4b9890d789584ef74,6a71f26156c0266186cf5c7f,6a71f25a56c0266186cf5aec,enrolled
6a74b0e4b9890d789584ef75,6a71f26156c0266186cf5c82,6a71f25a56c0266186cf5aec,enrolled
6a74b0e4b9890d789584ef76,6a71f26156c0266186cf5c85,6a71f25a56c0266186cf5aec,enrolled
6a74b0e4b9890d789584ef77,6a71f26156c0266186cf5c88,6a71f25a56c0266186cf5aec,enrolled
6a74b0e4b9890d789584ef78,6a71f26156c0266186cf5c8b,6a71f25a56c0266186cf5aec,enrolled
6a74b0e4b9890d789584ef79,6a71f26156c0266186cf5c8e,6a71f25a56c0266186cf5aec,enrolled
6a74b0e4b9890d789584ef7a,6a71f26156c0266186cf5c91,6a71f25a56c0266186cf5aec,enrolled
6a74b0e4b9890d789584ef7b,6a71f26156c0266186cf5c94,6a71f25a56c0266186cf5aec,enrolled
6a74b0e4b9890d789584ef7c,6a71f26156c0266186cf5c97,6a71f25a56c0266186cf5aec,enrolled
6a74b0e4b9890d789584ef7d,6a71f26156c0266186cf5c9a,6a71f25a56c0266186cf5aec,enrolled
6a74b0e4b9890d789584ef7e,6a71f26156c0266186cf5c9d,6a71f25a56c0266186cf5aec,enrolled
6a74b0e4b9890d789584ef7f,6a71f26156c0266186cf5ca0,6a71f25a56c0266186cf5aec,enrolled
6a74b0e4b9890d789584ef80,6a71f26156c0266186cf5ca3,6a71f25a56c0266186cf5aec,enrolled
6a74b0e4b9890d789584ef81,6a71f26256c0266186cf5ca6,6a71f25a56c0266186cf5aec,enrolled
6a74b0e4b9890d789584ef82,6a71f26256c0266186cf5ca9,6a71f25a56c0266186cf5aec,enrolled
6a74b0e4b9890d789584ef83,6a71f26256c0266186cf5cac,6a71f25a56c0266186cf5aec,enrolled
6a74b0e4b9890d789584ef84,6a71f26256c0266186cf5caf,6a71f25a56c0266186cf5aec,enrolled
6a74b0e4b9890d789584ef85,6a71f26256c0266186cf5cb2,6a71f25a56c0266186cf5aec,enrolled
6a74b0e4b9890d789584ef86,6a71f26256c0266186cf5cb5,6a71f25a56c0266186cf5aec,enrolled
6a74b0e4b9890d789584ef87,6a71f26256c0266186cf5cb8,6a71f25a56c0266186cf5aec,enrolled
6a74b0e4b9890d789584ef88,6a71f26256c0266186cf5cbb,6a71f25a56c0266186cf5aec,enrolled
6a74b0e4b9890d789584ef89,6a71f26256c0266186cf5cbe,6a71f25a56c0266186cf5aec,enrolled
6a74b0e5b9890d789584ef8a,6a71f26256c0266186cf5cc1,6a71f25a56c0266186cf5aec,enrolled
6a74b0e5b9890d789584ef8b,6a71f26256c0266186cf5cc4,6a71f25a56c0266186cf5aec,enrolled
6a74b0e5b9890d789584ef8c,6a71f26256c0266186cf5cc7,6a71f25a56c0266186cf5aec,enrolled
6a74b0e5b9890d789584ef8d,6a71f26256c0266186cf5cca,6a71f25a56c0266186cf5aec,enrolled
6a74b0e5b9890d789584ef8e,6a71f26256c0266186cf5ccd,6a71f25a56c0266186cf5aec,enrolled
6a74b0e5b9890d789584ef8f,6a71f26256c0266186cf5cd0,6a71f25a56c0266186cf5aec,enrolled
6a74b0e5b9890d789584ef90,6a71f25456c0266186cf59ad,6a71f25a56c0266186cf5af2,enrolled
6a74b0e5b9890d789584ef91,6a71f25456c0266186cf59b1,6a71f25a56c0266186cf5af2,enrolled
6a74b0e5b9890d789584ef92,6a71f25456c0266186cf59b5,6a71f25a56c0266186cf5af2,enrolled
6a74b0e5b9890d789584ef93,6a71f25456c0266186cf59b9,6a71f25a56c0266186cf5af2,enrolled
6a74b0e5b9890d789584ef94,6a71f25556c0266186cf59bc,6a71f25a56c0266186cf5af2,enrolled
6a74b0e5b9890d789584ef95,6a71f25556c0266186cf59bf,6a71f25a56c0266186cf5af2,enrolled
6a74b0e5b9890d789584ef96,6a71f25556c0266186cf59c2,6a71f25a56c0266186cf5af2,enrolled
6a74b0e5b9890d789584ef97,6a71f25556c0266186cf59c5,6a71f25a56c0266186cf5af2,enrolled
6a74b0e5b9890d789584ef98,6a71f25556c0266186cf59c8,6a71f25a56c0266186cf5af2,enrolled
6a74b0e5b9890d789584ef99,6a71f25556c0266186cf59cb,6a71f25a56c0266186cf5af2,enrolled
6a74b0e5b9890d789584ef9a,6a71f25556c0266186cf59ce,6a71f25a56c0266186cf5af2,enrolled
6a74b0e5b9890d789584ef9b,6a71f25556c0266186cf59d1,6a71f25a56c0266186cf5af2,enrolled
6a74b0e5b9890d789584ef9c,6a71f25556c0266186cf59d4,6a71f25a56c0266186cf5af2,enrolled
6a74b0e5b9890d789584ef9d,6a71f25b56c0266186cf5b11,6a71f25a56c0266186cf5af2,enrolled
6a74b0e5b9890d789584ef9e,6a71f25b56c0266186cf5b14,6a71f25a56c0266186cf5af2,enrolled
6a74b0e5b9890d789584ef9f,6a71f25b56c0266186cf5b17,6a71f25a56c0266186cf5af2,enrolled
6a74b0e5b9890d789584efa0,6a71f25b56c0266186cf5b1a,6a71f25a56c0266186cf5af2,enrolled
6a74b0e5b9890d789584efa1,6a71f25b56c0266186cf5b1d,6a71f25a56c0266186cf5af2,enrolled
6a74b0e5b9890d789584efa2,6a71f25b56c0266186cf5b20,6a71f25a56c0266186cf5af2,enrolled
6a74b0e5b9890d789584efa3,6a71f25b56c0266186cf5b23,6a71f25a56c0266186cf5af2,enrolled
6a74b0e5b9890d789584efa4,6a71f25b56c0266186cf5b26,6a71f25a56c0266186cf5af2,enrolled
6a74b0e6b9890d789584efa5,6a71f25b56c0266186cf5b29,6a71f25a56c0266186cf5af2,enrolled
6a74b0e6b9890d789584efa6,6a71f25b56c0266186cf5b2c,6a71f25a56c0266186cf5af2,enrolled
6a74b0e6b9890d789584efa7,6a71f25b56c0266186cf5b2f,6a71f25a56c0266186cf5af2,enrolled
6a74b0e6b9890d789584efa8,6a71f25b56c0266186cf5b32,6a71f25a56c0266186cf5af2,enrolled
6a74b0e6b9890d789584efa9,6a71f25b56c0266186cf5b35,6a71f25a56c0266186cf5af2,enrolled
6a74b0e6b9890d789584efaa,6a71f25b56c0266186cf5b38,6a71f25a56c0266186cf5af2,enrolled
6a74b0e6b9890d789584efab,6a71f25b56c0266186cf5b3b,6a71f25a56c0266186cf5af2,enrolled
6a74b0e6b9890d789584efac,6a71f25b56c0266186cf5b3e,6a71f25a56c0266186cf5af2,enrolled
6a74b0e6b9890d789584efad,6a71f25b56c0266186cf5b41,6a71f25a56c0266186cf5af2,enrolled
6a74b0e6b9890d789584efae,6a71f25c56c0266186cf5b44,6a71f25a56c0266186cf5af2,enrolled
6a74b0e6b9890d789584efaf,6a71f25c56c0266186cf5b47,6a71f25a56c0266186cf5af2,enrolled
6a74b0e6b9890d789584efb0,6a71f25c56c0266186cf5b4a,6a71f25a56c0266186cf5af2,enrolled
6a74b0e6b9890d789584efb1,6a71f25c56c0266186cf5b4d,6a71f25a56c0266186cf5af2,enrolled
6a74b0e6b9890d789584efb2,6a71f25c56c0266186cf5b50,6a71f25a56c0266186cf5af2,enrolled
6a74b0e6b9890d789584efb3,6a71f25c56c0266186cf5b53,6a71f25a56c0266186cf5af2,enrolled
6a74b0e6b9890d789584efb4,6a71f25c56c0266186cf5b56,6a71f25a56c0266186cf5af2,enrolled
6a74b0e6b9890d789584efb5,6a71f25c56c0266186cf5b59,6a71f25a56c0266186cf5af2,enrolled
6a74b0e6b9890d789584efb6,6a71f25c56c0266186cf5b5c,6a71f25a56c0266186cf5af2,enrolled
6a74b0e6b9890d789584efb7,6a71f25c56c0266186cf5b5f,6a71f25a56c0266186cf5af2,enrolled
6a74b0e6b9890d789584efb8,6a71f25c56c0266186cf5b62,6a71f25a56c0266186cf5af2,enrolled
6a74b0e6b9890d789584efb9,6a71f25c56c0266186cf5b65,6a71f25a56c0266186cf5af2,enrolled
6a74b0e6b9890d789584efba,6a71f25c56c0266186cf5b68,6a71f25a56c0266186cf5af2,enrolled
6a74b0e6b9890d789584efbb,6a71f25c56c0266186cf5b6b,6a71f25a56c0266186cf5af2,enrolled
6a74b0e6b9890d789584efbc,6a71f25c56c0266186cf5b6e,6a71f25a56c0266186cf5af2,enrolled
6a74b0e6b9890d789584efbd,6a71f25c56c0266186cf5b71,6a71f25a56c0266186cf5af2,enrolled
6a74b0e6b9890d789584efbe,6a71f25c56c0266186cf5b74,6a71f25a56c0266186cf5af2,enrolled
6a74b0e6b9890d789584efbf,6a71f25c56c0266186cf5b77,6a71f25a56c0266186cf5af2,enrolled
6a74b0e6b9890d789584efc0,6a71f25c56c0266186cf5b7a,6a71f25a56c0266186cf5af2,enrolled
6a74b0e7b9890d789584efc1,6a71f25d56c0266186cf5b7d,6a71f25a56c0266186cf5af2,enrolled
6a74b0e7b9890d789584efc2,6a71f25d56c0266186cf5b80,6a71f25a56c0266186cf5af2,enrolled
6a74b0e7b9890d789584efc3,6a71f25d56c0266186cf5b83,6a71f25a56c0266186cf5af2,enrolled
6a74b0e7b9890d789584efc4,6a71f25d56c0266186cf5b86,6a71f25a56c0266186cf5af2,enrolled
6a74b0e7b9890d789584efc5,6a71f25d56c0266186cf5b89,6a71f25a56c0266186cf5af2,enrolled
6a74b0e7b9890d789584efc6,6a71f25d56c0266186cf5b8c,6a71f25a56c0266186cf5af2,enrolled
6a74b0e7b9890d789584efc7,6a71f25d56c0266186cf5b8f,6a71f25a56c0266186cf5af2,enrolled
6a74b0e7b9890d789584efc8,6a71f25d56c0266186cf5b92,6a71f25a56c0266186cf5af2,enrolled
6a74b0e7b9890d789584efc9,6a71f25d56c0266186cf5b95,6a71f25a56c0266186cf5af2,enrolled
6a74b0e7b9890d789584efca,6a71f25d56c0266186cf5b98,6a71f25a56c0266186cf5af2,enrolled
6a74b0e7b9890d789584efcb,6a71f25d56c0266186cf5b9b,6a71f25a56c0266186cf5af2,enrolled
6a74b0e7b9890d789584efcc,6a71f25d56c0266186cf5b9e,6a71f25a56c0266186cf5af2,enrolled
6a74b0e7b9890d789584efcd,6a71f25d56c0266186cf5ba1,6a71f25a56c0266186cf5af2,enrolled
6a74b0e7b9890d789584efce,6a71f25d56c0266186cf5ba4,6a71f25a56c0266186cf5af2,enrolled
6a74b0e7b9890d789584efcf,6a71f25d56c0266186cf5ba7,6a71f25a56c0266186cf5af2,enrolled
6a74b0e7b9890d789584efd0,6a71f25d56c0266186cf5baa,6a71f25a56c0266186cf5af2,enrolled
6a74b0e7b9890d789584efd1,6a71f25d56c0266186cf5bad,6a71f25a56c0266186cf5af2,enrolled
6a74b0e7b9890d789584efd2,6a71f25d56c0266186cf5bb0,6a71f25a56c0266186cf5af2,enrolled
6a74b0e7b9890d789584efd3,6a71f25d56c0266186cf5bb3,6a71f25a56c0266186cf5af2,enrolled
6a74b0e7b9890d789584efd4,6a71f25d56c0266186cf5bb6,6a71f25a56c0266186cf5af2,enrolled
6a74b0e7b9890d789584efd5,6a71f25e56c0266186cf5bb9,6a71f25a56c0266186cf5af2,enrolled
6a74b0e7b9890d789584efd6,6a71f25e56c0266186cf5bbc,6a71f25a56c0266186cf5af2,enrolled
6a74b0e7b9890d789584efd7,6a71f25e56c0266186cf5bbf,6a71f25a56c0266186cf5af2,enrolled
6a74b0e7b9890d789584efd8,6a71f25e56c0266186cf5bc2,6a71f25a56c0266186cf5af2,enrolled
6a74b0e7b9890d789584efd9,6a71f25e56c0266186cf5bc5,6a71f25a56c0266186cf5af2,enrolled
6a74b0e7b9890d789584efda,6a71f25e56c0266186cf5bc8,6a71f25a56c0266186cf5af2,enrolled
6a74b0e7b9890d789584efdb,6a71f25e56c0266186cf5bcb,6a71f25a56c0266186cf5af2,enrolled
6a74b0e8b9890d789584efdc,6a71f25e56c0266186cf5bce,6a71f25a56c0266186cf5af2,enrolled
6a74b0e8b9890d789584efdd,6a71f25e56c0266186cf5bd1,6a71f25a56c0266186cf5af2,enrolled
6a74b0e8b9890d789584efde,6a71f25e56c0266186cf5bd4,6a71f25a56c0266186cf5af2,enrolled
6a74b0e8b9890d789584efdf,6a71f25e56c0266186cf5bd7,6a71f25a56c0266186cf5af2,enrolled
6a74b0e8b9890d789584efe0,6a71f25e56c0266186cf5bda,6a71f25a56c0266186cf5af2,enrolled
6a74b0e8b9890d789584efe1,6a71f25e56c0266186cf5bdd,6a71f25a56c0266186cf5af2,enrolled
6a74b0e8b9890d789584efe2,6a71f25e56c0266186cf5be0,6a71f25a56c0266186cf5af2,enrolled
6a74b0e8b9890d789584efe3,6a71f25e56c0266186cf5be3,6a71f25a56c0266186cf5af2,enrolled
6a74b0e8b9890d789584efe4,6a71f25e56c0266186cf5be6,6a71f25a56c0266186cf5af2,enrolled
6a74b0e8b9890d789584efe5,6a71f25e56c0266186cf5be9,6a71f25a56c0266186cf5af2,enrolled
6a74b0e8b9890d789584efe6,6a71f25e56c0266186cf5bec,6a71f25a56c0266186cf5af2,enrolled
6a74b0e8b9890d789584efe7,6a71f25e56c0266186cf5bef,6a71f25a56c0266186cf5af2,enrolled
6a74b0e8b9890d789584efe8,6a71f25e56c0266186cf5bf2,6a71f25a56c0266186cf5af2,enrolled
6a74b0e8b9890d789584efe9,6a71f25f56c0266186cf5bf5,6a71f25a56c0266186cf5af2,enrolled
6a74b0e8b9890d789584efea,6a71f25f56c0266186cf5bf8,6a71f25a56c0266186cf5af2,enrolled
6a74b0e8b9890d789584efeb,6a71f25f56c0266186cf5bfb,6a71f25a56c0266186cf5af2,enrolled
6a74b0e8b9890d789584efec,6a71f25f56c0266186cf5bfe,6a71f25a56c0266186cf5af2,enrolled
6a74b0e8b9890d789584efed,6a71f25f56c0266186cf5c01,6a71f25a56c0266186cf5af2,enrolled
6a74b0e8b9890d789584efee,6a71f25f56c0266186cf5c04,6a71f25a56c0266186cf5af2,enrolled
6a74b0e8b9890d789584efef,6a71f25f56c0266186cf5c07,6a71f25a56c0266186cf5af2,enrolled
6a74b0e8b9890d789584eff0,6a71f25f56c0266186cf5c0a,6a71f25a56c0266186cf5af2,enrolled
6a74b0e8b9890d789584eff1,6a71f25f56c0266186cf5c0d,6a71f25a56c0266186cf5af2,enrolled
6a74b0e8b9890d789584eff2,6a71f25f56c0266186cf5c10,6a71f25a56c0266186cf5af2,enrolled
6a74b0e8b9890d789584eff3,6a71f25f56c0266186cf5c13,6a71f25a56c0266186cf5af2,enrolled
6a74b0e8b9890d789584eff4,6a71f25f56c0266186cf5c16,6a71f25a56c0266186cf5af2,enrolled
6a74b0e8b9890d789584eff5,6a71f25f56c0266186cf5c19,6a71f25a56c0266186cf5af2,enrolled
6a74b0e8b9890d789584eff6,6a71f25f56c0266186cf5c1c,6a71f25a56c0266186cf5af2,enrolled
6a74b0e8b9890d789584eff7,6a71f25f56c0266186cf5c1f,6a71f25a56c0266186cf5af2,enrolled
6a74b0e9b9890d789584eff8,6a71f25f56c0266186cf5c22,6a71f25a56c0266186cf5af2,enrolled
6a74b0e9b9890d789584eff9,6a71f25f56c0266186cf5c25,6a71f25a56c0266186cf5af2,enrolled
6a74b0e9b9890d789584effa,6a71f25f56c0266186cf5c28,6a71f25a56c0266186cf5af2,enrolled
6a74b0e9b9890d789584effb,6a71f25f56c0266186cf5c2b,6a71f25a56c0266186cf5af2,enrolled
6a74b0e9b9890d789584effc,6a71f25f56c0266186cf5c2e,6a71f25a56c0266186cf5af2,enrolled
6a74b0e9b9890d789584effd,6a71f26056c0266186cf5c31,6a71f25a56c0266186cf5af2,enrolled
6a74b0e9b9890d789584effe,6a71f26056c0266186cf5c34,6a71f25a56c0266186cf5af2,enrolled
6a74b0e9b9890d789584efff,6a71f26056c0266186cf5c37,6a71f25a56c0266186cf5af2,enrolled
6a74b0e9b9890d789584f000,6a71f26056c0266186cf5c3a,6a71f25a56c0266186cf5af2,enrolled
6a74b0eab9890d789584f001,6a71f26156c0266186cf5c88,6a71f25a56c0266186cf5af2,enrolled
6a74b0eab9890d789584f002,6a71f26156c0266186cf5c8b,6a71f25a56c0266186cf5af2,enrolled
6a74b0eab9890d789584f003,6a71f26156c0266186cf5c8e,6a71f25a56c0266186cf5af2,enrolled
6a74b0eab9890d789584f004,6a71f26156c0266186cf5c91,6a71f25a56c0266186cf5af2,enrolled
6a74b0eab9890d789584f005,6a71f26156c0266186cf5c94,6a71f25a56c0266186cf5af2,enrolled
6a74b0eab9890d789584f006,6a71f26156c0266186cf5c97,6a71f25a56c0266186cf5af2,enrolled
6a74b0eab9890d789584f007,6a71f26156c0266186cf5c9a,6a71f25a56c0266186cf5af2,enrolled
6a74b0eab9890d789584f008,6a71f26156c0266186cf5c9d,6a71f25a56c0266186cf5af2,enrolled
6a74b0eab9890d789584f009,6a71f26156c0266186cf5ca0,6a71f25a56c0266186cf5af2,enrolled
6a74b0eab9890d789584f00a,6a71f26156c0266186cf5ca3,6a71f25a56c0266186cf5af2,enrolled
6a74b0eab9890d789584f00b,6a71f26256c0266186cf5ca6,6a71f25a56c0266186cf5af2,enrolled
6a74b0eab9890d789584f00c,6a71f26256c0266186cf5ca9,6a71f25a56c0266186cf5af2,enrolled
6a74b0eab9890d789584f00d,6a71f26256c0266186cf5cac,6a71f25a56c0266186cf5af2,enrolled
6a74b0eab9890d789584f00e,6a71f26256c0266186cf5caf,6a71f25a56c0266186cf5af2,enrolled
6a74b0eab9890d789584f00f,6a71f26256c0266186cf5cb2,6a71f25a56c0266186cf5af2,enrolled
6a74b0eab9890d789584f010,6a71f26256c0266186cf5cb5,6a71f25a56c0266186cf5af2,enrolled
6a74b0eab9890d789584f011,6a71f26256c0266186cf5cb8,6a71f25a56c0266186cf5af2,enrolled
6a74b0eab9890d789584f012,6a71f26256c0266186cf5cbb,6a71f25a56c0266186cf5af2,enrolled
6a74b0eab9890d789584f013,6a71f26256c0266186cf5cbe,6a71f25a56c0266186cf5af2,enrolled
6a74b0ebb9890d789584f014,6a71f26256c0266186cf5cc1,6a71f25a56c0266186cf5af2,enrolled
6a74b0ebb9890d789584f015,6a71f26256c0266186cf5cc4,6a71f25a56c0266186cf5af2,enrolled
6a74b0ebb9890d789584f016,6a71f26256c0266186cf5cc7,6a71f25a56c0266186cf5af2,enrolled
6a74b0ebb9890d789584f017,6a71f26256c0266186cf5cca,6a71f25a56c0266186cf5af2,enrolled
6a74b0ebb9890d789584f018,6a71f26256c0266186cf5ccd,6a71f25a56c0266186cf5af2,enrolled
6a74b0ebb9890d789584f019,6a71f26256c0266186cf5cd0,6a71f25a56c0266186cf5af2,enrolled
6a74b0ebb9890d789584f01a,6a71f25456c0266186cf59ad,6a71f25a56c0266186cf5af8,enrolled
6a74b0ebb9890d789584f01b,6a71f25456c0266186cf59b1,6a71f25a56c0266186cf5af8,enrolled
6a74b0ebb9890d789584f01c,6a71f25456c0266186cf59b5,6a71f25a56c0266186cf5af8,enrolled
6a74b0ebb9890d789584f01d,6a71f25456c0266186cf59b9,6a71f25a56c0266186cf5af8,enrolled
6a74b0ebb9890d789584f01e,6a71f25556c0266186cf59bc,6a71f25a56c0266186cf5af8,enrolled
6a74b0ebb9890d789584f01f,6a71f25556c0266186cf59bf,6a71f25a56c0266186cf5af8,enrolled
6a74b0ebb9890d789584f020,6a71f25556c0266186cf59c2,6a71f25a56c0266186cf5af8,enrolled
6a74b0ebb9890d789584f021,6a71f25556c0266186cf59c5,6a71f25a56c0266186cf5af8,enrolled
6a74b0ebb9890d789584f022,6a71f25556c0266186cf59c8,6a71f25a56c0266186cf5af8,enrolled
6a74b0ebb9890d789584f023,6a71f25556c0266186cf59cb,6a71f25a56c0266186cf5af8,enrolled
6a74b0ebb9890d789584f024,6a71f25556c0266186cf59ce,6a71f25a56c0266186cf5af8,enrolled
6a74b0ebb9890d789584f025,6a71f25556c0266186cf59d1,6a71f25a56c0266186cf5af8,enrolled
6a74b0ebb9890d789584f026,6a71f25556c0266186cf59d4,6a71f25a56c0266186cf5af8,enrolled
6a74b0ebb9890d789584f027,6a71f25b56c0266186cf5b11,6a71f25a56c0266186cf5af8,enrolled
6a74b0ebb9890d789584f028,6a71f25b56c0266186cf5b14,6a71f25a56c0266186cf5af8,enrolled
6a74b0ebb9890d789584f029,6a71f25b56c0266186cf5b17,6a71f25a56c0266186cf5af8,enrolled
6a74b0ebb9890d789584f02a,6a71f25b56c0266186cf5b1a,6a71f25a56c0266186cf5af8,enrolled
6a74b0ebb9890d789584f02b,6a71f25b56c0266186cf5b1d,6a71f25a56c0266186cf5af8,enrolled
6a74b0ebb9890d789584f02c,6a71f25b56c0266186cf5b20,6a71f25a56c0266186cf5af8,enrolled
6a74b0ebb9890d789584f02d,6a71f25b56c0266186cf5b23,6a71f25a56c0266186cf5af8,enrolled
6a74b0ebb9890d789584f02e,6a71f25b56c0266186cf5b26,6a71f25a56c0266186cf5af8,enrolled
6a74b0ecb9890d789584f02f,6a71f25b56c0266186cf5b29,6a71f25a56c0266186cf5af8,enrolled
6a74b0ecb9890d789584f030,6a71f25b56c0266186cf5b2c,6a71f25a56c0266186cf5af8,enrolled
6a74b0ecb9890d789584f031,6a71f25b56c0266186cf5b2f,6a71f25a56c0266186cf5af8,enrolled
6a74b0ecb9890d789584f032,6a71f25b56c0266186cf5b32,6a71f25a56c0266186cf5af8,enrolled
6a74b0ecb9890d789584f033,6a71f25b56c0266186cf5b35,6a71f25a56c0266186cf5af8,enrolled
6a74b0ecb9890d789584f034,6a71f25b56c0266186cf5b38,6a71f25a56c0266186cf5af8,enrolled
6a74b0ecb9890d789584f035,6a71f25b56c0266186cf5b3b,6a71f25a56c0266186cf5af8,enrolled
6a74b0ecb9890d789584f036,6a71f25b56c0266186cf5b3e,6a71f25a56c0266186cf5af8,enrolled
6a74b0ecb9890d789584f037,6a71f25b56c0266186cf5b41,6a71f25a56c0266186cf5af8,enrolled
6a74b0ecb9890d789584f038,6a71f25c56c0266186cf5b44,6a71f25a56c0266186cf5af8,enrolled
6a74b0ecb9890d789584f039,6a71f25c56c0266186cf5b47,6a71f25a56c0266186cf5af8,enrolled
6a74b0ecb9890d789584f03a,6a71f25c56c0266186cf5b4a,6a71f25a56c0266186cf5af8,enrolled
6a74b0ecb9890d789584f03b,6a71f25c56c0266186cf5b4d,6a71f25a56c0266186cf5af8,enrolled
6a74b0ecb9890d789584f03c,6a71f25c56c0266186cf5b50,6a71f25a56c0266186cf5af8,enrolled
6a74b0ecb9890d789584f03d,6a71f25c56c0266186cf5b53,6a71f25a56c0266186cf5af8,enrolled
6a74b0ecb9890d789584f03e,6a71f25c56c0266186cf5b56,6a71f25a56c0266186cf5af8,enrolled
6a74b0ecb9890d789584f03f,6a71f25c56c0266186cf5b59,6a71f25a56c0266186cf5af8,enrolled
6a74b0ecb9890d789584f040,6a71f25c56c0266186cf5b5c,6a71f25a56c0266186cf5af8,enrolled
6a74b0ecb9890d789584f041,6a71f25c56c0266186cf5b5f,6a71f25a56c0266186cf5af8,enrolled
6a74b0ecb9890d789584f042,6a71f25c56c0266186cf5b62,6a71f25a56c0266186cf5af8,enrolled
6a74b0ecb9890d789584f043,6a71f25c56c0266186cf5b65,6a71f25a56c0266186cf5af8,enrolled
6a74b0ecb9890d789584f044,6a71f25c56c0266186cf5b68,6a71f25a56c0266186cf5af8,enrolled
6a74b0ecb9890d789584f045,6a71f25c56c0266186cf5b6b,6a71f25a56c0266186cf5af8,enrolled
6a74b0ecb9890d789584f046,6a71f25c56c0266186cf5b6e,6a71f25a56c0266186cf5af8,enrolled
6a74b0ecb9890d789584f047,6a71f25c56c0266186cf5b71,6a71f25a56c0266186cf5af8,enrolled
6a74b0ecb9890d789584f048,6a71f25c56c0266186cf5b74,6a71f25a56c0266186cf5af8,enrolled
6a74b0ecb9890d789584f049,6a71f25c56c0266186cf5b77,6a71f25a56c0266186cf5af8,enrolled
6a74b0edb9890d789584f04a,6a71f25c56c0266186cf5b7a,6a71f25a56c0266186cf5af8,enrolled
6a74b0edb9890d789584f04b,6a71f25d56c0266186cf5b7d,6a71f25a56c0266186cf5af8,enrolled
6a74b0edb9890d789584f04c,6a71f25d56c0266186cf5b80,6a71f25a56c0266186cf5af8,enrolled
6a74b0edb9890d789584f04d,6a71f25d56c0266186cf5b83,6a71f25a56c0266186cf5af8,enrolled
6a74b0edb9890d789584f04e,6a71f25d56c0266186cf5b86,6a71f25a56c0266186cf5af8,enrolled
6a74b0edb9890d789584f04f,6a71f25d56c0266186cf5b89,6a71f25a56c0266186cf5af8,enrolled
6a74b0edb9890d789584f050,6a71f25d56c0266186cf5b8c,6a71f25a56c0266186cf5af8,enrolled
6a74b0edb9890d789584f051,6a71f25d56c0266186cf5b8f,6a71f25a56c0266186cf5af8,enrolled
6a74b0edb9890d789584f052,6a71f25d56c0266186cf5b92,6a71f25a56c0266186cf5af8,enrolled
6a74b0edb9890d789584f053,6a71f25d56c0266186cf5b95,6a71f25a56c0266186cf5af8,enrolled
6a74b0edb9890d789584f054,6a71f25d56c0266186cf5b98,6a71f25a56c0266186cf5af8,enrolled
6a74b0edb9890d789584f055,6a71f25d56c0266186cf5b9b,6a71f25a56c0266186cf5af8,enrolled
6a74b0edb9890d789584f056,6a71f25d56c0266186cf5b9e,6a71f25a56c0266186cf5af8,enrolled
6a74b0edb9890d789584f057,6a71f25d56c0266186cf5ba1,6a71f25a56c0266186cf5af8,enrolled
6a74b0edb9890d789584f058,6a71f25d56c0266186cf5ba4,6a71f25a56c0266186cf5af8,enrolled
6a74b0edb9890d789584f059,6a71f25d56c0266186cf5ba7,6a71f25a56c0266186cf5af8,enrolled
6a74b0edb9890d789584f05a,6a71f25d56c0266186cf5baa,6a71f25a56c0266186cf5af8,enrolled
6a74b0edb9890d789584f05b,6a71f25d56c0266186cf5bad,6a71f25a56c0266186cf5af8,enrolled
6a74b0edb9890d789584f05c,6a71f25d56c0266186cf5bb0,6a71f25a56c0266186cf5af8,enrolled
6a74b0edb9890d789584f05d,6a71f25d56c0266186cf5bb3,6a71f25a56c0266186cf5af8,enrolled
6a74b0edb9890d789584f05e,6a71f25d56c0266186cf5bb6,6a71f25a56c0266186cf5af8,enrolled
6a74b0edb9890d789584f05f,6a71f25e56c0266186cf5bb9,6a71f25a56c0266186cf5af8,enrolled
6a74b0edb9890d789584f060,6a71f25e56c0266186cf5bbc,6a71f25a56c0266186cf5af8,enrolled
6a74b0edb9890d789584f061,6a71f25e56c0266186cf5bbf,6a71f25a56c0266186cf5af8,enrolled
6a74b0edb9890d789584f062,6a71f25e56c0266186cf5bc2,6a71f25a56c0266186cf5af8,enrolled
6a74b0edb9890d789584f063,6a71f25e56c0266186cf5bc5,6a71f25a56c0266186cf5af8,enrolled
6a74b0edb9890d789584f064,6a71f25e56c0266186cf5bc8,6a71f25a56c0266186cf5af8,enrolled
6a74b0eeb9890d789584f065,6a71f25e56c0266186cf5bcb,6a71f25a56c0266186cf5af8,enrolled
6a74b0eeb9890d789584f066,6a71f25e56c0266186cf5bce,6a71f25a56c0266186cf5af8,enrolled
6a74b0eeb9890d789584f067,6a71f25e56c0266186cf5bd1,6a71f25a56c0266186cf5af8,enrolled
6a74b0eeb9890d789584f068,6a71f25e56c0266186cf5bd4,6a71f25a56c0266186cf5af8,enrolled
6a74b0eeb9890d789584f069,6a71f25e56c0266186cf5bd7,6a71f25a56c0266186cf5af8,enrolled
6a74b0eeb9890d789584f06a,6a71f25e56c0266186cf5bda,6a71f25a56c0266186cf5af8,enrolled
6a74b0eeb9890d789584f06b,6a71f25e56c0266186cf5bdd,6a71f25a56c0266186cf5af8,enrolled
6a74b0eeb9890d789584f06c,6a71f25e56c0266186cf5be0,6a71f25a56c0266186cf5af8,enrolled
6a74b0eeb9890d789584f06d,6a71f25e56c0266186cf5be3,6a71f25a56c0266186cf5af8,enrolled
6a74b0eeb9890d789584f06e,6a71f25e56c0266186cf5be6,6a71f25a56c0266186cf5af8,enrolled
6a74b0eeb9890d789584f06f,6a71f25e56c0266186cf5be9,6a71f25a56c0266186cf5af8,enrolled
6a74b0eeb9890d789584f070,6a71f25e56c0266186cf5bec,6a71f25a56c0266186cf5af8,enrolled
6a74b0eeb9890d789584f071,6a71f25e56c0266186cf5bef,6a71f25a56c0266186cf5af8,enrolled
6a74b0eeb9890d789584f072,6a71f25e56c0266186cf5bf2,6a71f25a56c0266186cf5af8,enrolled
6a74b0eeb9890d789584f073,6a71f25f56c0266186cf5bf5,6a71f25a56c0266186cf5af8,enrolled
6a74b0eeb9890d789584f074,6a71f25f56c0266186cf5bf8,6a71f25a56c0266186cf5af8,enrolled
6a74b0eeb9890d789584f075,6a71f25f56c0266186cf5bfb,6a71f25a56c0266186cf5af8,enrolled
6a74b0eeb9890d789584f076,6a71f25f56c0266186cf5bfe,6a71f25a56c0266186cf5af8,enrolled
6a74b0eeb9890d789584f077,6a71f25f56c0266186cf5c01,6a71f25a56c0266186cf5af8,enrolled
6a74b0eeb9890d789584f078,6a71f25f56c0266186cf5c04,6a71f25a56c0266186cf5af8,enrolled
6a74b0eeb9890d789584f079,6a71f25f56c0266186cf5c07,6a71f25a56c0266186cf5af8,enrolled
6a74b0eeb9890d789584f07a,6a71f25f56c0266186cf5c0a,6a71f25a56c0266186cf5af8,enrolled
6a74b0eeb9890d789584f07b,6a71f25f56c0266186cf5c0d,6a71f25a56c0266186cf5af8,enrolled
6a74b0eeb9890d789584f07c,6a71f25f56c0266186cf5c10,6a71f25a56c0266186cf5af8,enrolled
6a74b0eeb9890d789584f07d,6a71f25f56c0266186cf5c13,6a71f25a56c0266186cf5af8,enrolled
6a74b0eeb9890d789584f07e,6a71f25f56c0266186cf5c16,6a71f25a56c0266186cf5af8,enrolled
6a74b0eeb9890d789584f07f,6a71f25f56c0266186cf5c19,6a71f25a56c0266186cf5af8,enrolled
6a74b0efb9890d789584f080,6a71f25f56c0266186cf5c1c,6a71f25a56c0266186cf5af8,enrolled
6a74b0efb9890d789584f081,6a71f25f56c0266186cf5c1f,6a71f25a56c0266186cf5af8,enrolled
6a74b0efb9890d789584f082,6a71f25f56c0266186cf5c22,6a71f25a56c0266186cf5af8,enrolled
6a74b0efb9890d789584f083,6a71f25f56c0266186cf5c25,6a71f25a56c0266186cf5af8,enrolled
6a74b0efb9890d789584f084,6a71f25f56c0266186cf5c28,6a71f25a56c0266186cf5af8,enrolled
6a74b0efb9890d789584f085,6a71f25f56c0266186cf5c2b,6a71f25a56c0266186cf5af8,enrolled
6a74b0efb9890d789584f086,6a71f25f56c0266186cf5c2e,6a71f25a56c0266186cf5af8,enrolled
6a74b0efb9890d789584f087,6a71f26056c0266186cf5c31,6a71f25a56c0266186cf5af8,enrolled
6a74b0efb9890d789584f088,6a71f26056c0266186cf5c34,6a71f25a56c0266186cf5af8,enrolled
6a74b0efb9890d789584f089,6a71f26056c0266186cf5c37,6a71f25a56c0266186cf5af8,enrolled
6a74b0efb9890d789584f08a,6a71f26056c0266186cf5c3a,6a71f25a56c0266186cf5af8,enrolled
6a74b0f1b9890d789584f08b,6a71f25456c0266186cf59ad,6a71f25a56c0266186cf5afe,enrolled
6a74b0f1b9890d789584f08c,6a71f25456c0266186cf59b1,6a71f25a56c0266186cf5afe,enrolled
6a74b0f1b9890d789584f08d,6a71f25456c0266186cf59b5,6a71f25a56c0266186cf5afe,enrolled
6a74b0f1b9890d789584f08e,6a71f25456c0266186cf59b9,6a71f25a56c0266186cf5afe,enrolled
6a74b0f1b9890d789584f08f,6a71f25556c0266186cf59bc,6a71f25a56c0266186cf5afe,enrolled
6a74b0f1b9890d789584f090,6a71f25556c0266186cf59bf,6a71f25a56c0266186cf5afe,enrolled
6a74b0f1b9890d789584f091,6a71f25556c0266186cf59c2,6a71f25a56c0266186cf5afe,enrolled
6a74b0f1b9890d789584f092,6a71f25556c0266186cf59c5,6a71f25a56c0266186cf5afe,enrolled
6a74b0f1b9890d789584f093,6a71f25556c0266186cf59c8,6a71f25a56c0266186cf5afe,enrolled
6a74b0f1b9890d789584f094,6a71f25556c0266186cf59cb,6a71f25a56c0266186cf5afe,enrolled
6a74b0f1b9890d789584f095,6a71f25556c0266186cf59ce,6a71f25a56c0266186cf5afe,enrolled
6a74b0f1b9890d789584f096,6a71f25556c0266186cf59d1,6a71f25a56c0266186cf5afe,enrolled
6a74b0f1b9890d789584f097,6a71f25556c0266186cf59d4,6a71f25a56c0266186cf5afe,enrolled
6a74b0f1b9890d789584f098,6a71f25b56c0266186cf5b11,6a71f25a56c0266186cf5afe,enrolled
6a74b0f1b9890d789584f099,6a71f25b56c0266186cf5b14,6a71f25a56c0266186cf5afe,enrolled
6a74b0f1b9890d789584f09a,6a71f25b56c0266186cf5b17,6a71f25a56c0266186cf5afe,enrolled
6a74b0f1b9890d789584f09b,6a71f25b56c0266186cf5b1a,6a71f25a56c0266186cf5afe,enrolled
6a74b0f1b9890d789584f09c,6a71f25b56c0266186cf5b1d,6a71f25a56c0266186cf5afe,enrolled
6a74b0f1b9890d789584f09d,6a71f25b56c0266186cf5b20,6a71f25a56c0266186cf5afe,enrolled
6a74b0f1b9890d789584f09e,6a71f25b56c0266186cf5b23,6a71f25a56c0266186cf5afe,enrolled
6a74b0f1b9890d789584f09f,6a71f25b56c0266186cf5b26,6a71f25a56c0266186cf5afe,enrolled
6a74b0f2b9890d789584f0a0,6a71f25b56c0266186cf5b29,6a71f25a56c0266186cf5afe,enrolled
6a74b0f2b9890d789584f0a1,6a71f25b56c0266186cf5b2c,6a71f25a56c0266186cf5afe,enrolled
6a74b0f2b9890d789584f0a2,6a71f25b56c0266186cf5b2f,6a71f25a56c0266186cf5afe,enrolled
6a74b0f2b9890d789584f0a3,6a71f25b56c0266186cf5b32,6a71f25a56c0266186cf5afe,enrolled
6a74b0f2b9890d789584f0a4,6a71f25b56c0266186cf5b35,6a71f25a56c0266186cf5afe,enrolled
6a74b0f2b9890d789584f0a5,6a71f25b56c0266186cf5b38,6a71f25a56c0266186cf5afe,enrolled
6a74b0f2b9890d789584f0a6,6a71f25b56c0266186cf5b3b,6a71f25a56c0266186cf5afe,enrolled
6a74b0f2b9890d789584f0a7,6a71f25b56c0266186cf5b3e,6a71f25a56c0266186cf5afe,enrolled
6a74b0f2b9890d789584f0a8,6a71f25b56c0266186cf5b41,6a71f25a56c0266186cf5afe,enrolled
6a74b0f2b9890d789584f0a9,6a71f25c56c0266186cf5b44,6a71f25a56c0266186cf5afe,enrolled
6a74b0f2b9890d789584f0aa,6a71f25c56c0266186cf5b47,6a71f25a56c0266186cf5afe,enrolled
6a74b0f2b9890d789584f0ab,6a71f25c56c0266186cf5b4a,6a71f25a56c0266186cf5afe,enrolled
6a74b0f2b9890d789584f0ac,6a71f25c56c0266186cf5b4d,6a71f25a56c0266186cf5afe,enrolled
6a74b0f2b9890d789584f0ad,6a71f25c56c0266186cf5b50,6a71f25a56c0266186cf5afe,enrolled
6a74b0f2b9890d789584f0ae,6a71f25c56c0266186cf5b53,6a71f25a56c0266186cf5afe,enrolled
6a74b0f2b9890d789584f0af,6a71f25c56c0266186cf5b56,6a71f25a56c0266186cf5afe,enrolled
6a74b0f2b9890d789584f0b0,6a71f25c56c0266186cf5b59,6a71f25a56c0266186cf5afe,enrolled
6a74b0f2b9890d789584f0b1,6a71f25c56c0266186cf5b5c,6a71f25a56c0266186cf5afe,enrolled
6a74b0f2b9890d789584f0b2,6a71f25c56c0266186cf5b5f,6a71f25a56c0266186cf5afe,enrolled
6a74b0f2b9890d789584f0b3,6a71f25c56c0266186cf5b62,6a71f25a56c0266186cf5afe,enrolled
6a74b0f2b9890d789584f0b4,6a71f25c56c0266186cf5b65,6a71f25a56c0266186cf5afe,enrolled
6a74b0f2b9890d789584f0b5,6a71f25c56c0266186cf5b68,6a71f25a56c0266186cf5afe,enrolled
6a74b0f2b9890d789584f0b6,6a71f25c56c0266186cf5b6b,6a71f25a56c0266186cf5afe,enrolled
6a74b0f2b9890d789584f0b7,6a71f25c56c0266186cf5b6e,6a71f25a56c0266186cf5afe,enrolled
6a74b0f2b9890d789584f0b8,6a71f25c56c0266186cf5b71,6a71f25a56c0266186cf5afe,enrolled
6a74b0f2b9890d789584f0b9,6a71f25c56c0266186cf5b74,6a71f25a56c0266186cf5afe,enrolled
6a74b0f2b9890d789584f0ba,6a71f25c56c0266186cf5b77,6a71f25a56c0266186cf5afe,enrolled
6a74b0f2b9890d789584f0bb,6a71f25c56c0266186cf5b7a,6a71f25a56c0266186cf5afe,enrolled
6a74b0f2b9890d789584f0bc,6a71f25d56c0266186cf5b7d,6a71f25a56c0266186cf5afe,enrolled
6a74b0f3b9890d789584f0bd,6a71f25d56c0266186cf5b80,6a71f25a56c0266186cf5afe,enrolled
6a74b0f3b9890d789584f0be,6a71f25d56c0266186cf5b83,6a71f25a56c0266186cf5afe,enrolled
6a74b0f3b9890d789584f0bf,6a71f25d56c0266186cf5b86,6a71f25a56c0266186cf5afe,enrolled
6a74b0f3b9890d789584f0c0,6a71f25d56c0266186cf5b89,6a71f25a56c0266186cf5afe,enrolled
6a74b0f3b9890d789584f0c1,6a71f25d56c0266186cf5b8c,6a71f25a56c0266186cf5afe,enrolled
6a74b0f3b9890d789584f0c2,6a71f25d56c0266186cf5b8f,6a71f25a56c0266186cf5afe,enrolled
6a74b0f3b9890d789584f0c3,6a71f25d56c0266186cf5b92,6a71f25a56c0266186cf5afe,enrolled
6a74b0f3b9890d789584f0c4,6a71f25d56c0266186cf5b95,6a71f25a56c0266186cf5afe,enrolled
6a74b0f3b9890d789584f0c5,6a71f25d56c0266186cf5b98,6a71f25a56c0266186cf5afe,enrolled
6a74b0f3b9890d789584f0c6,6a71f25d56c0266186cf5b9b,6a71f25a56c0266186cf5afe,enrolled
6a74b0f3b9890d789584f0c7,6a71f25d56c0266186cf5b9e,6a71f25a56c0266186cf5afe,enrolled
6a74b0f3b9890d789584f0c8,6a71f25d56c0266186cf5ba1,6a71f25a56c0266186cf5afe,enrolled
6a74b0f3b9890d789584f0c9,6a71f25d56c0266186cf5ba4,6a71f25a56c0266186cf5afe,enrolled
6a74b0f3b9890d789584f0ca,6a71f25d56c0266186cf5ba7,6a71f25a56c0266186cf5afe,enrolled
6a74b0f3b9890d789584f0cb,6a71f25d56c0266186cf5baa,6a71f25a56c0266186cf5afe,enrolled
6a74b0f3b9890d789584f0cc,6a71f25d56c0266186cf5bad,6a71f25a56c0266186cf5afe,enrolled
6a74b0f3b9890d789584f0cd,6a71f25d56c0266186cf5bb0,6a71f25a56c0266186cf5afe,enrolled
6a74b0f3b9890d789584f0ce,6a71f25d56c0266186cf5bb3,6a71f25a56c0266186cf5afe,enrolled
6a74b0f3b9890d789584f0cf,6a71f25d56c0266186cf5bb6,6a71f25a56c0266186cf5afe,enrolled
6a74b0f3b9890d789584f0d0,6a71f25e56c0266186cf5bb9,6a71f25a56c0266186cf5afe,enrolled
6a74b0f3b9890d789584f0d1,6a71f25e56c0266186cf5bbc,6a71f25a56c0266186cf5afe,enrolled
6a74b0f3b9890d789584f0d2,6a71f25e56c0266186cf5bbf,6a71f25a56c0266186cf5afe,enrolled
6a74b0f3b9890d789584f0d3,6a71f25e56c0266186cf5bc2,6a71f25a56c0266186cf5afe,enrolled
6a74b0f3b9890d789584f0d4,6a71f25e56c0266186cf5bc5,6a71f25a56c0266186cf5afe,enrolled
6a74b0f3b9890d789584f0d5,6a71f25e56c0266186cf5bc8,6a71f25a56c0266186cf5afe,enrolled
6a74b0f3b9890d789584f0d6,6a71f25e56c0266186cf5bcb,6a71f25a56c0266186cf5afe,enrolled
6a74b0f3b9890d789584f0d7,6a71f25e56c0266186cf5bce,6a71f25a56c0266186cf5afe,enrolled
6a74b0f4b9890d789584f0d8,6a71f25e56c0266186cf5bd1,6a71f25a56c0266186cf5afe,enrolled
6a74b0f4b9890d789584f0d9,6a71f25e56c0266186cf5bd4,6a71f25a56c0266186cf5afe,enrolled
6a74b0f4b9890d789584f0da,6a71f25e56c0266186cf5bd7,6a71f25a56c0266186cf5afe,enrolled
6a74b0f4b9890d789584f0db,6a71f25e56c0266186cf5bda,6a71f25a56c0266186cf5afe,enrolled
6a74b0f4b9890d789584f0dc,6a71f25e56c0266186cf5bdd,6a71f25a56c0266186cf5afe,enrolled
6a74b0f4b9890d789584f0dd,6a71f25e56c0266186cf5be0,6a71f25a56c0266186cf5afe,enrolled
6a74b0f4b9890d789584f0de,6a71f25e56c0266186cf5be3,6a71f25a56c0266186cf5afe,enrolled
6a74b0f4b9890d789584f0df,6a71f25e56c0266186cf5be6,6a71f25a56c0266186cf5afe,enrolled
6a74b0f4b9890d789584f0e0,6a71f25e56c0266186cf5be9,6a71f25a56c0266186cf5afe,enrolled
6a74b0f4b9890d789584f0e1,6a71f25e56c0266186cf5bec,6a71f25a56c0266186cf5afe,enrolled
6a74b0f4b9890d789584f0e2,6a71f25e56c0266186cf5bef,6a71f25a56c0266186cf5afe,enrolled
6a74b0f4b9890d789584f0e3,6a71f25e56c0266186cf5bf2,6a71f25a56c0266186cf5afe,enrolled
6a74b0f4b9890d789584f0e4,6a71f25f56c0266186cf5bf5,6a71f25a56c0266186cf5afe,enrolled
6a74b0f4b9890d789584f0e5,6a71f25f56c0266186cf5bf8,6a71f25a56c0266186cf5afe,enrolled
6a74b0f4b9890d789584f0e6,6a71f25f56c0266186cf5bfb,6a71f25a56c0266186cf5afe,enrolled
6a74b0f4b9890d789584f0e7,6a71f25f56c0266186cf5bfe,6a71f25a56c0266186cf5afe,enrolled
6a74b0f4b9890d789584f0e8,6a71f25f56c0266186cf5c01,6a71f25a56c0266186cf5afe,enrolled
6a74b0f4b9890d789584f0e9,6a71f25f56c0266186cf5c04,6a71f25a56c0266186cf5afe,enrolled
6a74b0f4b9890d789584f0ea,6a71f25f56c0266186cf5c07,6a71f25a56c0266186cf5afe,enrolled
6a74b0f4b9890d789584f0eb,6a71f25f56c0266186cf5c0a,6a71f25a56c0266186cf5afe,enrolled
6a74b0f4b9890d789584f0ec,6a71f25f56c0266186cf5c0d,6a71f25a56c0266186cf5afe,enrolled
6a74b0f4b9890d789584f0ed,6a71f25f56c0266186cf5c10,6a71f25a56c0266186cf5afe,enrolled
6a74b0f4b9890d789584f0ee,6a71f25f56c0266186cf5c13,6a71f25a56c0266186cf5afe,enrolled
6a74b0f4b9890d789584f0ef,6a71f25f56c0266186cf5c16,6a71f25a56c0266186cf5afe,enrolled
6a74b0f4b9890d789584f0f0,6a71f25f56c0266186cf5c19,6a71f25a56c0266186cf5afe,enrolled
6a74b0f4b9890d789584f0f1,6a71f25f56c0266186cf5c1c,6a71f25a56c0266186cf5afe,enrolled
6a74b0f4b9890d789584f0f2,6a71f25f56c0266186cf5c1f,6a71f25a56c0266186cf5afe,enrolled
6a74b0f5b9890d789584f0f3,6a71f25f56c0266186cf5c22,6a71f25a56c0266186cf5afe,enrolled
6a74b0f5b9890d789584f0f4,6a71f25f56c0266186cf5c25,6a71f25a56c0266186cf5afe,enrolled
6a74b0f5b9890d789584f0f5,6a71f25f56c0266186cf5c28,6a71f25a56c0266186cf5afe,enrolled
6a74b0f5b9890d789584f0f6,6a71f25f56c0266186cf5c2b,6a71f25a56c0266186cf5afe,enrolled
6a74b0f5b9890d789584f0f7,6a71f25f56c0266186cf5c2e,6a71f25a56c0266186cf5afe,enrolled
6a74b0f5b9890d789584f0f8,6a71f26056c0266186cf5c31,6a71f25a56c0266186cf5afe,enrolled
6a74b0f5b9890d789584f0f9,6a71f26056c0266186cf5c34,6a71f25a56c0266186cf5afe,enrolled
6a74b0f5b9890d789584f0fa,6a71f26056c0266186cf5c37,6a71f25a56c0266186cf5afe,enrolled
6a74b0f5b9890d789584f0fb,6a71f26056c0266186cf5c3a,6a71f25a56c0266186cf5afe,enrolled
6a74b0f5b9890d789584f0fc,6a71f26056c0266186cf5c3d,6a71f25a56c0266186cf5afe,enrolled
6a74b0f5b9890d789584f0fd,6a71f26056c0266186cf5c40,6a71f25a56c0266186cf5afe,enrolled
6a74b0f5b9890d789584f0fe,6a71f26056c0266186cf5c43,6a71f25a56c0266186cf5afe,enrolled
6a74b0f5b9890d789584f0ff,6a71f26056c0266186cf5c46,6a71f25a56c0266186cf5afe,enrolled
6a74b0f5b9890d789584f100,6a71f26056c0266186cf5c49,6a71f25a56c0266186cf5afe,enrolled
6a74b0f5b9890d789584f101,6a71f26056c0266186cf5c4c,6a71f25a56c0266186cf5afe,enrolled
6a74b0f5b9890d789584f102,6a71f26056c0266186cf5c4f,6a71f25a56c0266186cf5afe,enrolled
6a74b0f5b9890d789584f103,6a71f26056c0266186cf5c52,6a71f25a56c0266186cf5afe,enrolled
6a74b0f5b9890d789584f104,6a71f26056c0266186cf5c55,6a71f25a56c0266186cf5afe,enrolled
6a74b0f5b9890d789584f105,6a71f26056c0266186cf5c58,6a71f25a56c0266186cf5afe,enrolled
6a74b0f5b9890d789584f106,6a71f26056c0266186cf5c5b,6a71f25a56c0266186cf5afe,enrolled
6a74b0f5b9890d789584f107,6a71f26056c0266186cf5c5e,6a71f25a56c0266186cf5afe,enrolled
6a74b0f5b9890d789584f108,6a71f26056c0266186cf5c61,6a71f25a56c0266186cf5afe,enrolled
6a74b0f5b9890d789584f109,6a71f26056c0266186cf5c64,6a71f25a56c0266186cf5afe,enrolled
6a74b0f5b9890d789584f10a,6a71f26056c0266186cf5c67,6a71f25a56c0266186cf5afe,enrolled
6a74b0f5b9890d789584f10b,6a71f26156c0266186cf5c6a,6a71f25a56c0266186cf5afe,enrolled
6a74b0f5b9890d789584f10c,6a71f26156c0266186cf5c6d,6a71f25a56c0266186cf5afe,enrolled
6a74b0f5b9890d789584f10d,6a71f26156c0266186cf5c70,6a71f25a56c0266186cf5afe,enrolled
6a74b0f5b9890d789584f10e,6a71f26156c0266186cf5c73,6a71f25a56c0266186cf5afe,enrolled
6a74b0f6b9890d789584f10f,6a71f26156c0266186cf5c76,6a71f25a56c0266186cf5afe,enrolled
6a74b0f6b9890d789584f110,6a71f26156c0266186cf5c79,6a71f25a56c0266186cf5afe,enrolled
6a74b0f6b9890d789584f111,6a71f26156c0266186cf5c7c,6a71f25a56c0266186cf5afe,enrolled
6a74b0f6b9890d789584f112,6a71f26156c0266186cf5c7f,6a71f25a56c0266186cf5afe,enrolled
6a74b0f6b9890d789584f113,6a71f26156c0266186cf5c82,6a71f25a56c0266186cf5afe,enrolled
6a74b0f6b9890d789584f114,6a71f26156c0266186cf5c85,6a71f25a56c0266186cf5afe,enrolled
6a74b0f7b9890d789584f115,6a71f25456c0266186cf59ad,6a71f25a56c0266186cf5b04,enrolled
6a74b0f7b9890d789584f116,6a71f25456c0266186cf59b1,6a71f25a56c0266186cf5b04,enrolled
6a74b0f7b9890d789584f117,6a71f25456c0266186cf59b5,6a71f25a56c0266186cf5b04,enrolled
6a74b0f7b9890d789584f118,6a71f25456c0266186cf59b9,6a71f25a56c0266186cf5b04,enrolled
6a74b0f7b9890d789584f119,6a71f25556c0266186cf59bc,6a71f25a56c0266186cf5b04,enrolled
6a74b0f7b9890d789584f11a,6a71f25556c0266186cf59bf,6a71f25a56c0266186cf5b04,enrolled
6a74b0f7b9890d789584f11b,6a71f25556c0266186cf59c2,6a71f25a56c0266186cf5b04,enrolled
6a74b0f7b9890d789584f11c,6a71f25556c0266186cf59c5,6a71f25a56c0266186cf5b04,enrolled
6a74b0f7b9890d789584f11d,6a71f25556c0266186cf59c8,6a71f25a56c0266186cf5b04,enrolled
6a74b0f7b9890d789584f11e,6a71f25556c0266186cf59cb,6a71f25a56c0266186cf5b04,enrolled
6a74b0f7b9890d789584f11f,6a71f25556c0266186cf59ce,6a71f25a56c0266186cf5b04,enrolled
6a74b0f7b9890d789584f120,6a71f25556c0266186cf59d1,6a71f25a56c0266186cf5b04,enrolled
6a74b0f7b9890d789584f121,6a71f25556c0266186cf59d4,6a71f25a56c0266186cf5b04,enrolled
6a74b0f7b9890d789584f122,6a71f25b56c0266186cf5b11,6a71f25a56c0266186cf5b04,enrolled
6a74b0f7b9890d789584f123,6a71f25b56c0266186cf5b14,6a71f25a56c0266186cf5b04,enrolled
6a74b0f7b9890d789584f124,6a71f25b56c0266186cf5b17,6a71f25a56c0266186cf5b04,enrolled
6a74b0f7b9890d789584f125,6a71f25b56c0266186cf5b1a,6a71f25a56c0266186cf5b04,enrolled
6a74b0f7b9890d789584f126,6a71f25b56c0266186cf5b1d,6a71f25a56c0266186cf5b04,enrolled
6a74b0f7b9890d789584f127,6a71f25b56c0266186cf5b20,6a71f25a56c0266186cf5b04,enrolled
6a74b0f7b9890d789584f128,6a71f25b56c0266186cf5b23,6a71f25a56c0266186cf5b04,enrolled
6a74b0f7b9890d789584f129,6a71f25b56c0266186cf5b26,6a71f25a56c0266186cf5b04,enrolled
6a74b0f7b9890d789584f12a,6a71f25b56c0266186cf5b29,6a71f25a56c0266186cf5b04,enrolled
6a74b0f7b9890d789584f12b,6a71f25b56c0266186cf5b2c,6a71f25a56c0266186cf5b04,enrolled
6a74b0f7b9890d789584f12c,6a71f25b56c0266186cf5b2f,6a71f25a56c0266186cf5b04,enrolled
6a74b0f8b9890d789584f12d,6a71f25b56c0266186cf5b32,6a71f25a56c0266186cf5b04,enrolled
6a74b0f8b9890d789584f12e,6a71f25b56c0266186cf5b35,6a71f25a56c0266186cf5b04,enrolled
6a74b0f8b9890d789584f12f,6a71f25b56c0266186cf5b38,6a71f25a56c0266186cf5b04,enrolled
6a74b0f8b9890d789584f130,6a71f25b56c0266186cf5b3b,6a71f25a56c0266186cf5b04,enrolled
6a74b0f8b9890d789584f131,6a71f25b56c0266186cf5b3e,6a71f25a56c0266186cf5b04,enrolled
6a74b0f8b9890d789584f132,6a71f25b56c0266186cf5b41,6a71f25a56c0266186cf5b04,enrolled
6a74b0f8b9890d789584f133,6a71f25c56c0266186cf5b44,6a71f25a56c0266186cf5b04,enrolled
6a74b0f8b9890d789584f134,6a71f25c56c0266186cf5b47,6a71f25a56c0266186cf5b04,enrolled
6a74b0f8b9890d789584f135,6a71f25c56c0266186cf5b4a,6a71f25a56c0266186cf5b04,enrolled
6a74b0f8b9890d789584f136,6a71f25c56c0266186cf5b4d,6a71f25a56c0266186cf5b04,enrolled
6a74b0f8b9890d789584f137,6a71f25c56c0266186cf5b50,6a71f25a56c0266186cf5b04,enrolled
6a74b0f8b9890d789584f138,6a71f25c56c0266186cf5b53,6a71f25a56c0266186cf5b04,enrolled
6a74b0f8b9890d789584f139,6a71f25c56c0266186cf5b56,6a71f25a56c0266186cf5b04,enrolled
6a74b0f8b9890d789584f13a,6a71f25c56c0266186cf5b59,6a71f25a56c0266186cf5b04,enrolled
6a74b0f8b9890d789584f13b,6a71f25c56c0266186cf5b5c,6a71f25a56c0266186cf5b04,enrolled
6a74b0f8b9890d789584f13c,6a71f25c56c0266186cf5b5f,6a71f25a56c0266186cf5b04,enrolled
6a74b0f8b9890d789584f13d,6a71f25c56c0266186cf5b62,6a71f25a56c0266186cf5b04,enrolled
6a74b0f8b9890d789584f13e,6a71f25c56c0266186cf5b65,6a71f25a56c0266186cf5b04,enrolled
6a74b0f8b9890d789584f13f,6a71f25c56c0266186cf5b68,6a71f25a56c0266186cf5b04,enrolled
6a74b0f8b9890d789584f140,6a71f25c56c0266186cf5b6b,6a71f25a56c0266186cf5b04,enrolled
6a74b0f8b9890d789584f141,6a71f25c56c0266186cf5b6e,6a71f25a56c0266186cf5b04,enrolled
6a74b0f8b9890d789584f142,6a71f25c56c0266186cf5b71,6a71f25a56c0266186cf5b04,enrolled
6a74b0f8b9890d789584f143,6a71f25c56c0266186cf5b74,6a71f25a56c0266186cf5b04,enrolled
6a74b0f8b9890d789584f144,6a71f25c56c0266186cf5b77,6a71f25a56c0266186cf5b04,enrolled
6a74b0f8b9890d789584f145,6a71f25c56c0266186cf5b7a,6a71f25a56c0266186cf5b04,enrolled
6a74b0f8b9890d789584f146,6a71f25d56c0266186cf5b7d,6a71f25a56c0266186cf5b04,enrolled
6a74b0f8b9890d789584f147,6a71f25d56c0266186cf5b80,6a71f25a56c0266186cf5b04,enrolled
6a74b0f8b9890d789584f148,6a71f25d56c0266186cf5b83,6a71f25a56c0266186cf5b04,enrolled
6a74b0f8b9890d789584f149,6a71f25d56c0266186cf5b86,6a71f25a56c0266186cf5b04,enrolled
6a74b0f9b9890d789584f14a,6a71f25d56c0266186cf5b89,6a71f25a56c0266186cf5b04,enrolled
6a74b0f9b9890d789584f14b,6a71f25d56c0266186cf5b8c,6a71f25a56c0266186cf5b04,enrolled
6a74b0f9b9890d789584f14c,6a71f25d56c0266186cf5b8f,6a71f25a56c0266186cf5b04,enrolled
6a74b0f9b9890d789584f14d,6a71f25d56c0266186cf5b92,6a71f25a56c0266186cf5b04,enrolled
6a74b0f9b9890d789584f14e,6a71f25d56c0266186cf5b95,6a71f25a56c0266186cf5b04,enrolled
6a74b0f9b9890d789584f14f,6a71f25d56c0266186cf5b98,6a71f25a56c0266186cf5b04,enrolled
6a74b0f9b9890d789584f150,6a71f25d56c0266186cf5b9b,6a71f25a56c0266186cf5b04,enrolled
6a74b0f9b9890d789584f151,6a71f25d56c0266186cf5b9e,6a71f25a56c0266186cf5b04,enrolled
6a74b0f9b9890d789584f152,6a71f25d56c0266186cf5ba1,6a71f25a56c0266186cf5b04,enrolled
6a74b0f9b9890d789584f153,6a71f25d56c0266186cf5ba4,6a71f25a56c0266186cf5b04,enrolled
6a74b0fab9890d789584f154,6a71f25e56c0266186cf5bf2,6a71f25a56c0266186cf5b04,enrolled
6a74b0fab9890d789584f155,6a71f25f56c0266186cf5bf5,6a71f25a56c0266186cf5b04,enrolled
6a74b0fab9890d789584f156,6a71f25f56c0266186cf5bf8,6a71f25a56c0266186cf5b04,enrolled
6a74b0fab9890d789584f157,6a71f25f56c0266186cf5bfb,6a71f25a56c0266186cf5b04,enrolled
6a74b0fab9890d789584f158,6a71f25f56c0266186cf5bfe,6a71f25a56c0266186cf5b04,enrolled
6a74b0fab9890d789584f159,6a71f25f56c0266186cf5c01,6a71f25a56c0266186cf5b04,enrolled
6a74b0fab9890d789584f15a,6a71f25f56c0266186cf5c04,6a71f25a56c0266186cf5b04,enrolled
6a74b0fab9890d789584f15b,6a71f25f56c0266186cf5c07,6a71f25a56c0266186cf5b04,enrolled
6a74b0fab9890d789584f15c,6a71f25f56c0266186cf5c0a,6a71f25a56c0266186cf5b04,enrolled
6a74b0fab9890d789584f15d,6a71f25f56c0266186cf5c0d,6a71f25a56c0266186cf5b04,enrolled
6a74b0fab9890d789584f15e,6a71f25f56c0266186cf5c10,6a71f25a56c0266186cf5b04,enrolled
6a74b0fab9890d789584f15f,6a71f25f56c0266186cf5c13,6a71f25a56c0266186cf5b04,enrolled
6a74b0fab9890d789584f160,6a71f25f56c0266186cf5c16,6a71f25a56c0266186cf5b04,enrolled
6a74b0fab9890d789584f161,6a71f25f56c0266186cf5c19,6a71f25a56c0266186cf5b04,enrolled
6a74b0fab9890d789584f162,6a71f25f56c0266186cf5c1c,6a71f25a56c0266186cf5b04,enrolled
6a74b0fab9890d789584f163,6a71f25f56c0266186cf5c1f,6a71f25a56c0266186cf5b04,enrolled
6a74b0fab9890d789584f164,6a71f25f56c0266186cf5c22,6a71f25a56c0266186cf5b04,enrolled
6a74b0fab9890d789584f165,6a71f25f56c0266186cf5c25,6a71f25a56c0266186cf5b04,enrolled
6a74b0fab9890d789584f166,6a71f25f56c0266186cf5c28,6a71f25a56c0266186cf5b04,enrolled
6a74b0fab9890d789584f167,6a71f25f56c0266186cf5c2b,6a71f25a56c0266186cf5b04,enrolled
6a74b0fbb9890d789584f168,6a71f25f56c0266186cf5c2e,6a71f25a56c0266186cf5b04,enrolled
6a74b0fbb9890d789584f169,6a71f26056c0266186cf5c31,6a71f25a56c0266186cf5b04,enrolled
6a74b0fbb9890d789584f16a,6a71f26056c0266186cf5c34,6a71f25a56c0266186cf5b04,enrolled
6a74b0fbb9890d789584f16b,6a71f26056c0266186cf5c37,6a71f25a56c0266186cf5b04,enrolled
6a74b0fbb9890d789584f16c,6a71f26056c0266186cf5c3a,6a71f25a56c0266186cf5b04,enrolled
6a74b0fcb9890d789584f16d,6a71f26156c0266186cf5c88,6a71f25a56c0266186cf5b04,enrolled
6a74b0fcb9890d789584f16e,6a71f26156c0266186cf5c8b,6a71f25a56c0266186cf5b04,enrolled
6a74b0fcb9890d789584f16f,6a71f26156c0266186cf5c8e,6a71f25a56c0266186cf5b04,enrolled
6a74b0fcb9890d789584f170,6a71f26156c0266186cf5c91,6a71f25a56c0266186cf5b04,enrolled
6a74b0fcb9890d789584f171,6a71f26156c0266186cf5c94,6a71f25a56c0266186cf5b04,enrolled
6a74b0fcb9890d789584f172,6a71f26156c0266186cf5c97,6a71f25a56c0266186cf5b04,enrolled
6a74b0fcb9890d789584f173,6a71f26156c0266186cf5c9a,6a71f25a56c0266186cf5b04,enrolled
6a74b0fcb9890d789584f174,6a71f26156c0266186cf5c9d,6a71f25a56c0266186cf5b04,enrolled
6a74b0fcb9890d789584f175,6a71f26156c0266186cf5ca0,6a71f25a56c0266186cf5b04,enrolled
6a74b0fcb9890d789584f176,6a71f26156c0266186cf5ca3,6a71f25a56c0266186cf5b04,enrolled
6a74b0fcb9890d789584f177,6a71f26256c0266186cf5ca6,6a71f25a56c0266186cf5b04,enrolled
6a74b0fcb9890d789584f178,6a71f26256c0266186cf5ca9,6a71f25a56c0266186cf5b04,enrolled
6a74b0fcb9890d789584f179,6a71f26256c0266186cf5cac,6a71f25a56c0266186cf5b04,enrolled
6a74b0fcb9890d789584f17a,6a71f26256c0266186cf5caf,6a71f25a56c0266186cf5b04,enrolled
6a74b0fcb9890d789584f17b,6a71f26256c0266186cf5cb2,6a71f25a56c0266186cf5b04,enrolled
6a74b0fcb9890d789584f17c,6a71f26256c0266186cf5cb5,6a71f25a56c0266186cf5b04,enrolled
6a74b0fcb9890d789584f17d,6a71f26256c0266186cf5cb8,6a71f25a56c0266186cf5b04,enrolled
6a74b0fcb9890d789584f17e,6a71f26256c0266186cf5cbb,6a71f25a56c0266186cf5b04,enrolled
6a74b0fcb9890d789584f17f,6a71f26256c0266186cf5cbe,6a71f25a56c0266186cf5b04,enrolled
6a74b0fcb9890d789584f180,6a71f26256c0266186cf5cc1,6a71f25a56c0266186cf5b04,enrolled
6a74b0fcb9890d789584f181,6a71f26256c0266186cf5cc4,6a71f25a56c0266186cf5b04,enrolled
6a74b0fcb9890d789584f182,6a71f26256c0266186cf5cc7,6a71f25a56c0266186cf5b04,enrolled
6a74b0fcb9890d789584f183,6a71f26256c0266186cf5cca,6a71f25a56c0266186cf5b04,enrolled
6a74b0fcb9890d789584f184,6a71f26256c0266186cf5ccd,6a71f25a56c0266186cf5b04,enrolled
6a74b0fcb9890d789584f185,6a71f26256c0266186cf5cd0,6a71f25a56c0266186cf5b04,enrolled
6a74b0fcb9890d789584f186,6a71f25456c0266186cf59ad,6a71f25a56c0266186cf5b0a,enrolled
6a74b0fdb9890d789584f187,6a71f25456c0266186cf59b1,6a71f25a56c0266186cf5b0a,enrolled
6a74b0fdb9890d789584f188,6a71f25456c0266186cf59b5,6a71f25a56c0266186cf5b0a,enrolled
6a74b0fdb9890d789584f189,6a71f25456c0266186cf59b9,6a71f25a56c0266186cf5b0a,enrolled
6a74b0fdb9890d789584f18a,6a71f25556c0266186cf59bc,6a71f25a56c0266186cf5b0a,enrolled
6a74b0fdb9890d789584f18b,6a71f25556c0266186cf59bf,6a71f25a56c0266186cf5b0a,enrolled
6a74b0fdb9890d789584f18c,6a71f25556c0266186cf59c2,6a71f25a56c0266186cf5b0a,enrolled
6a74b0fdb9890d789584f18d,6a71f25556c0266186cf59c5,6a71f25a56c0266186cf5b0a,enrolled
6a74b0fdb9890d789584f18e,6a71f25556c0266186cf59c8,6a71f25a56c0266186cf5b0a,enrolled
6a74b0fdb9890d789584f18f,6a71f25556c0266186cf59cb,6a71f25a56c0266186cf5b0a,enrolled
6a74b0fdb9890d789584f190,6a71f25556c0266186cf59ce,6a71f25a56c0266186cf5b0a,enrolled
6a74b0fdb9890d789584f191,6a71f25556c0266186cf59d1,6a71f25a56c0266186cf5b0a,enrolled
6a74b0fdb9890d789584f192,6a71f25556c0266186cf59d4,6a71f25a56c0266186cf5b0a,enrolled
6a74b0fdb9890d789584f193,6a71f25b56c0266186cf5b11,6a71f25a56c0266186cf5b0a,enrolled
6a74b0fdb9890d789584f194,6a71f25b56c0266186cf5b14,6a71f25a56c0266186cf5b0a,enrolled
6a74b0fdb9890d789584f195,6a71f25b56c0266186cf5b17,6a71f25a56c0266186cf5b0a,enrolled
6a74b0fdb9890d789584f196,6a71f25b56c0266186cf5b1a,6a71f25a56c0266186cf5b0a,enrolled
6a74b0fdb9890d789584f197,6a71f25b56c0266186cf5b1d,6a71f25a56c0266186cf5b0a,enrolled
6a74b0fdb9890d789584f198,6a71f25b56c0266186cf5b20,6a71f25a56c0266186cf5b0a,enrolled
6a74b0fdb9890d789584f199,6a71f25b56c0266186cf5b23,6a71f25a56c0266186cf5b0a,enrolled
6a74b0fdb9890d789584f19a,6a71f25b56c0266186cf5b26,6a71f25a56c0266186cf5b0a,enrolled
6a74b0fdb9890d789584f19b,6a71f25b56c0266186cf5b29,6a71f25a56c0266186cf5b0a,enrolled
6a74b0fdb9890d789584f19c,6a71f25b56c0266186cf5b2c,6a71f25a56c0266186cf5b0a,enrolled
6a74b0fdb9890d789584f19d,6a71f25b56c0266186cf5b2f,6a71f25a56c0266186cf5b0a,enrolled
6a74b0fdb9890d789584f19e,6a71f25b56c0266186cf5b32,6a71f25a56c0266186cf5b0a,enrolled
6a74b0fdb9890d789584f19f,6a71f25b56c0266186cf5b35,6a71f25a56c0266186cf5b0a,enrolled
6a74b0fdb9890d789584f1a0,6a71f25b56c0266186cf5b38,6a71f25a56c0266186cf5b0a,enrolled
6a74b0fdb9890d789584f1a1,6a71f25b56c0266186cf5b3b,6a71f25a56c0266186cf5b0a,enrolled
6a74b0fdb9890d789584f1a2,6a71f25b56c0266186cf5b3e,6a71f25a56c0266186cf5b0a,enrolled
6a74b0feb9890d789584f1a3,6a71f25b56c0266186cf5b41,6a71f25a56c0266186cf5b0a,enrolled
6a74b0feb9890d789584f1a4,6a71f25c56c0266186cf5b44,6a71f25a56c0266186cf5b0a,enrolled
6a74b0feb9890d789584f1a5,6a71f25c56c0266186cf5b47,6a71f25a56c0266186cf5b0a,enrolled
6a74b0feb9890d789584f1a6,6a71f25c56c0266186cf5b4a,6a71f25a56c0266186cf5b0a,enrolled
6a74b0feb9890d789584f1a7,6a71f25c56c0266186cf5b4d,6a71f25a56c0266186cf5b0a,enrolled
6a74b0feb9890d789584f1a8,6a71f25c56c0266186cf5b50,6a71f25a56c0266186cf5b0a,enrolled
6a74b0feb9890d789584f1a9,6a71f25c56c0266186cf5b53,6a71f25a56c0266186cf5b0a,enrolled
6a74b0feb9890d789584f1aa,6a71f25c56c0266186cf5b56,6a71f25a56c0266186cf5b0a,enrolled
6a74b0feb9890d789584f1ab,6a71f25c56c0266186cf5b59,6a71f25a56c0266186cf5b0a,enrolled
6a74b0feb9890d789584f1ac,6a71f25c56c0266186cf5b5c,6a71f25a56c0266186cf5b0a,enrolled
6a74b0feb9890d789584f1ad,6a71f25c56c0266186cf5b5f,6a71f25a56c0266186cf5b0a,enrolled
6a74b0feb9890d789584f1ae,6a71f25c56c0266186cf5b62,6a71f25a56c0266186cf5b0a,enrolled
6a74b0feb9890d789584f1af,6a71f25c56c0266186cf5b65,6a71f25a56c0266186cf5b0a,enrolled
6a74b0feb9890d789584f1b0,6a71f25c56c0266186cf5b68,6a71f25a56c0266186cf5b0a,enrolled
6a74b0feb9890d789584f1b1,6a71f25c56c0266186cf5b6b,6a71f25a56c0266186cf5b0a,enrolled
6a74b0feb9890d789584f1b2,6a71f25c56c0266186cf5b6e,6a71f25a56c0266186cf5b0a,enrolled
6a74b0feb9890d789584f1b3,6a71f25c56c0266186cf5b71,6a71f25a56c0266186cf5b0a,enrolled
6a74b0feb9890d789584f1b4,6a71f25c56c0266186cf5b74,6a71f25a56c0266186cf5b0a,enrolled
6a74b0feb9890d789584f1b5,6a71f25c56c0266186cf5b77,6a71f25a56c0266186cf5b0a,enrolled
6a74b0feb9890d789584f1b6,6a71f25c56c0266186cf5b7a,6a71f25a56c0266186cf5b0a,enrolled
6a74b0feb9890d789584f1b7,6a71f25d56c0266186cf5b7d,6a71f25a56c0266186cf5b0a,enrolled
6a74b0feb9890d789584f1b8,6a71f25d56c0266186cf5b80,6a71f25a56c0266186cf5b0a,enrolled
6a74b0feb9890d789584f1b9,6a71f25d56c0266186cf5b83,6a71f25a56c0266186cf5b0a,enrolled
6a74b0feb9890d789584f1ba,6a71f25d56c0266186cf5b86,6a71f25a56c0266186cf5b0a,enrolled
6a74b0feb9890d789584f1bb,6a71f25d56c0266186cf5b89,6a71f25a56c0266186cf5b0a,enrolled
6a74b0feb9890d789584f1bc,6a71f25d56c0266186cf5b8c,6a71f25a56c0266186cf5b0a,enrolled
6a74b0feb9890d789584f1bd,6a71f25d56c0266186cf5b8f,6a71f25a56c0266186cf5b0a,enrolled
6a74b0feb9890d789584f1be,6a71f25d56c0266186cf5b92,6a71f25a56c0266186cf5b0a,enrolled
6a74b0ffb9890d789584f1bf,6a71f25d56c0266186cf5b95,6a71f25a56c0266186cf5b0a,enrolled
6a74b0ffb9890d789584f1c0,6a71f25d56c0266186cf5b98,6a71f25a56c0266186cf5b0a,enrolled
6a74b0ffb9890d789584f1c1,6a71f25d56c0266186cf5b9b,6a71f25a56c0266186cf5b0a,enrolled
6a74b0ffb9890d789584f1c2,6a71f25d56c0266186cf5b9e,6a71f25a56c0266186cf5b0a,enrolled
6a74b0ffb9890d789584f1c3,6a71f25d56c0266186cf5ba1,6a71f25a56c0266186cf5b0a,enrolled
6a74b0ffb9890d789584f1c4,6a71f25d56c0266186cf5ba4,6a71f25a56c0266186cf5b0a,enrolled
6a74b0ffb9890d789584f1c5,6a71f25d56c0266186cf5ba7,6a71f25a56c0266186cf5b0a,enrolled
6a74b0ffb9890d789584f1c6,6a71f25d56c0266186cf5baa,6a71f25a56c0266186cf5b0a,enrolled
6a74b0ffb9890d789584f1c7,6a71f25d56c0266186cf5bad,6a71f25a56c0266186cf5b0a,enrolled
6a74b0ffb9890d789584f1c8,6a71f25d56c0266186cf5bb0,6a71f25a56c0266186cf5b0a,enrolled
6a74b0ffb9890d789584f1c9,6a71f25d56c0266186cf5bb3,6a71f25a56c0266186cf5b0a,enrolled
6a74b0ffb9890d789584f1ca,6a71f25d56c0266186cf5bb6,6a71f25a56c0266186cf5b0a,enrolled
6a74b0ffb9890d789584f1cb,6a71f25e56c0266186cf5bb9,6a71f25a56c0266186cf5b0a,enrolled
6a74b0ffb9890d789584f1cc,6a71f25e56c0266186cf5bbc,6a71f25a56c0266186cf5b0a,enrolled
6a74b0ffb9890d789584f1cd,6a71f25e56c0266186cf5bbf,6a71f25a56c0266186cf5b0a,enrolled
6a74b0ffb9890d789584f1ce,6a71f25e56c0266186cf5bc2,6a71f25a56c0266186cf5b0a,enrolled
6a74b0ffb9890d789584f1cf,6a71f25e56c0266186cf5bc5,6a71f25a56c0266186cf5b0a,enrolled
6a74b0ffb9890d789584f1d0,6a71f25e56c0266186cf5bc8,6a71f25a56c0266186cf5b0a,enrolled
6a74b0ffb9890d789584f1d1,6a71f25e56c0266186cf5bcb,6a71f25a56c0266186cf5b0a,enrolled
6a74b0ffb9890d789584f1d2,6a71f25e56c0266186cf5bce,6a71f25a56c0266186cf5b0a,enrolled
6a74b0ffb9890d789584f1d3,6a71f25e56c0266186cf5bd1,6a71f25a56c0266186cf5b0a,enrolled
6a74b0ffb9890d789584f1d4,6a71f25e56c0266186cf5bd4,6a71f25a56c0266186cf5b0a,enrolled
6a74b0ffb9890d789584f1d5,6a71f25e56c0266186cf5bd7,6a71f25a56c0266186cf5b0a,enrolled
6a74b0ffb9890d789584f1d6,6a71f25e56c0266186cf5bda,6a71f25a56c0266186cf5b0a,enrolled
6a74b0ffb9890d789584f1d7,6a71f25e56c0266186cf5bdd,6a71f25a56c0266186cf5b0a,enrolled
6a74b0ffb9890d789584f1d8,6a71f25e56c0266186cf5be0,6a71f25a56c0266186cf5b0a,enrolled
6a74b0ffb9890d789584f1d9,6a71f25e56c0266186cf5be3,6a71f25a56c0266186cf5b0a,enrolled
6a74b0ffb9890d789584f1da,6a71f25e56c0266186cf5be6,6a71f25a56c0266186cf5b0a,enrolled
6a74b100b9890d789584f1db,6a71f25e56c0266186cf5be9,6a71f25a56c0266186cf5b0a,enrolled
6a74b100b9890d789584f1dc,6a71f25e56c0266186cf5bec,6a71f25a56c0266186cf5b0a,enrolled
6a74b100b9890d789584f1dd,6a71f25e56c0266186cf5bef,6a71f25a56c0266186cf5b0a,enrolled
6a74b101b9890d789584f1de,6a71f26056c0266186cf5c3d,6a71f25a56c0266186cf5b0a,enrolled
6a74b101b9890d789584f1df,6a71f26056c0266186cf5c40,6a71f25a56c0266186cf5b0a,enrolled
6a74b101b9890d789584f1e0,6a71f26056c0266186cf5c43,6a71f25a56c0266186cf5b0a,enrolled
6a74b101b9890d789584f1e1,6a71f26056c0266186cf5c46,6a71f25a56c0266186cf5b0a,enrolled
6a74b101b9890d789584f1e2,6a71f26056c0266186cf5c49,6a71f25a56c0266186cf5b0a,enrolled
6a74b101b9890d789584f1e3,6a71f26056c0266186cf5c4c,6a71f25a56c0266186cf5b0a,enrolled
6a74b101b9890d789584f1e4,6a71f26056c0266186cf5c4f,6a71f25a56c0266186cf5b0a,enrolled
6a74b101b9890d789584f1e5,6a71f26056c0266186cf5c52,6a71f25a56c0266186cf5b0a,enrolled
6a74b101b9890d789584f1e6,6a71f26056c0266186cf5c55,6a71f25a56c0266186cf5b0a,enrolled
6a74b101b9890d789584f1e7,6a71f26056c0266186cf5c58,6a71f25a56c0266186cf5b0a,enrolled
6a74b101b9890d789584f1e8,6a71f26056c0266186cf5c5b,6a71f25a56c0266186cf5b0a,enrolled
6a74b101b9890d789584f1e9,6a71f26056c0266186cf5c5e,6a71f25a56c0266186cf5b0a,enrolled
6a74b101b9890d789584f1ea,6a71f26056c0266186cf5c61,6a71f25a56c0266186cf5b0a,enrolled
6a74b101b9890d789584f1eb,6a71f26056c0266186cf5c64,6a71f25a56c0266186cf5b0a,enrolled
6a74b101b9890d789584f1ec,6a71f26056c0266186cf5c67,6a71f25a56c0266186cf5b0a,enrolled
6a74b101b9890d789584f1ed,6a71f26156c0266186cf5c6a,6a71f25a56c0266186cf5b0a,enrolled
6a74b101b9890d789584f1ee,6a71f26156c0266186cf5c6d,6a71f25a56c0266186cf5b0a,enrolled
6a74b101b9890d789584f1ef,6a71f26156c0266186cf5c70,6a71f25a56c0266186cf5b0a,enrolled
6a74b101b9890d789584f1f0,6a71f26156c0266186cf5c73,6a71f25a56c0266186cf5b0a,enrolled
6a74b101b9890d789584f1f1,6a71f26156c0266186cf5c76,6a71f25a56c0266186cf5b0a,enrolled
6a74b101b9890d789584f1f2,6a71f26156c0266186cf5c79,6a71f25a56c0266186cf5b0a,enrolled
6a74b101b9890d789584f1f3,6a71f26156c0266186cf5c7c,6a71f25a56c0266186cf5b0a,enrolled
6a74b101b9890d789584f1f4,6a71f26156c0266186cf5c7f,6a71f25a56c0266186cf5b0a,enrolled
6a74b101b9890d789584f1f5,6a71f26156c0266186cf5c82,6a71f25a56c0266186cf5b0a,enrolled
6a74b101b9890d789584f1f6,6a71f26156c0266186cf5c85,6a71f25a56c0266186cf5b0a,enrolled
