total_sessions,present_count,late_count,early_leave_count,excused_count,absent_count,attendance_rate,absence_rate,late_rate,recent_absence_rate,consecutive_absence,attendance_trend,student_id,course_section_id,full_course_sessions,observation_sessions,final_absence_rate,final_score,risk,is_synthetic
18.0,12.0,3.0,1.0,1.0,1.0,94.44,5.56,16.67,0.0,0.0,22.22,6a71f25456c0266186cf59ad,6a71f25956c0266186cf5ab6,30,18,6.67,3.0,1,0
18.0,12.0,4.0,0.0,1.0,1.0,94.44,5.56,22.22,0.0,0.0,-11.11,6a71f25456c0266186cf59ad,6a71f25956c0266186cf5abc,30,18,3.33,3.5,1,0
18.0,14.0,0.0,2.0,0.0,2.0,88.89,11.11,0.0,0.0,0.0,0.0,6a71f25456c0266186cf59ad,6a71f25956c0266186cf5ac2,30,18,10.0,2.5,1,0
18.0,13.0,0.0,3.0,0.0,2.0,88.89,11.11,0.0,0.0,0.0,-11.11,6a71f25456c0266186cf59ad,6a71f25956c0266186cf5ac8,30,18,13.33,0.0,1,0
18.0,10.0,4.0,2.0,1.0,1.0,94.44,5.56,22.22,0.0,0.0,-11.11,6a71f25456c0266186cf59ad,6a71f25956c0266186cf5ace,30,18,3.33,3.5,1,0
18.0,12.0,3.0,1.0,1.0,1.0,94.44,5.56,16.67,0.0,0.0,0.0,6a71f25456c0266186cf59ad,6a71f25a56c0266186cf5ad4,30,18,3.33,4.5,1,0
18.0,9.0,3.0,4.0,1.0,1.0,94.44,5.56,16.67,0.0,0.0,-11.11,6a71f25456c0266186cf59ad,6a71f25a56c0266186cf5ada,30,18,3.33,3.5,1,0
18.0,16.0,1.0,0.0,1.0,0.0,100.0,0.0,5.56,0.0,0.0,0.0,6a71f25456c0266186cf59ad,6a71f25a56c0266186cf5ae0,30,18,0.0,8.0,0,0
18.0,13.0,2.0,2.0,1.0,0.0,100.0,0.0,11.11,0.0,0.0,0.0,6a71f25456c0266186cf59ad,6a71f25a56c0266186cf5ae6,30,18,3.33,5.0,1,0
18.0,12.0,1.0,1.0,2.0,2.0,88.89,11.11,5.56,0.0,0.0,11.11,6a71f25456c0266186cf59ad,6a71f25a56c0266186cf5aec,30,18,10.0,2.5,1,0
18.0,12.0,2.0,1.0,1.0,2.0,88.89,11.11,11.11,33.33,0.0,-11.11,6a71f25456c0266186cf59ad,6a71f25a56c0266186cf5af2,30,18,6.67,3.5,1,0
18.0,11.0,4.0,2.0,0.0,1.0,94.44,5.56,22.22,0.0,0.0,11.11,6a71f25456c0266186cf59ad,6a71f25a56c0266186cf5af8,30,18,3.33,2.5,1,0
18.0,12.0,2.0,3.0,1.0,0.0,100.0,0.0,11.11,0.0,0.0,11.11,6a71f25456c0266186cf59ad,6a71f25a56c0266186cf5afe,30,18,6.67,3.0,1,0
18.0,13.0,1.0,3.0,0.0,1.0,94.44,5.56,5.56,33.33,1.0,-44.44,6a71f25456c0266186cf59ad,6a71f25a56c0266186cf5b04,30,18,6.67,1.5,1,0
18.0,11.0,6.0,0.0,0.0,1.0,94.44,5.56,33.33,0.0,0.0,11.11,6a71f25456c0266186cf59ad,6a71f25a56c0266186cf5b0a,30,18,3.33,4.0,1,0
19.0,15.0,3.0,1.0,0.0,0.0,100.0,0.0,15.79,0.0,0.0,-10.0,6a71f25456c0266186cf59ad,6a749bcdf6ccb57abf5e5d08,32,19,0.0,7.0,0,0
18.0,13.0,4.0,1.0,0.0,0.0,100.0,0.0,22.22,0.0,0.0,11.11,6a71f25456c0266186cf59b1,6a71f25956c0266186cf5ab6,30,18,0.0,7.0,0,0
18.0,15.0,1.0,1.0,1.0,0.0,100.0,0.0,5.56,0.0,0.0,11.11,6a71f25456c0266186cf59b1,6a71f25956c0266186cf5abc,30,18,6.67,4.5,1,0
18.0,11.0,2.0,2.0,2.0,1.0,94.44,5.56,11.11,0.0,0.0,11.11,6a71f25456c0266186cf59b1,6a71f25956c0266186cf5ac2,30,18,3.33,2.5,1,0
18.0,16.0,2.0,0.0,0.0,0.0,100.0,0.0,11.11,0.0,0.0,0.0,6a71f25456c0266186cf59b1,6a71f25956c0266186cf5ac8,30,18,3.33,4.5,1,0
18.0,11.0,5.0,1.0,0.0,1.0,94.44,5.56,27.78,0.0,0.0,0.0,6a71f25456c0266186cf59b1,6a71f25956c0266186cf5ace,30,18,3.33,3.5,1,0
18.0,15.0,0.0,2.0,0.0,1.0,94.44,5.56,0.0,0.0,0.0,33.33,6a71f25456c0266186cf59b1,6a71f25a56c0266186cf5ad4,30,18,3.33,4.5,1,0
18.0,12.0,2.0,3.0,1.0,0.0,100.0,0.0,11.11,0.0,0.0,-11.11,6a71f25456c0266186cf59b1,6a71f25a56c0266186cf5ada,30,18,0.0,5.5,1,0
18.0,11.0,5.0,2.0,0.0,0.0,100.0,0.0,27.78,0.0,0.0,-22.22,6a71f25456c0266186cf59b1,6a71f25a56c0266186cf5ae0,30,18,0.0,4.0,1,0
18.0,9.0,4.0,3.0,1.0,1.0,94.44,5.56,22.22,0.0,0.0,22.22,6a71f25456c0266186cf59b1,6a71f25a56c0266186cf5ae6,30,18,3.33,4.0,1,0
18.0,13.0,4.0,1.0,0.0,0.0,100.0,0.0,22.22,0.0,0.0,-11.11,6a71f25456c0266186cf59b1,6a71f25a56c0266186cf5aec,30,18,0.0,7.0,0,0
18.0,14.0,1.0,1.0,0.0,2.0,88.89,11.11,5.56,0.0,0.0,-33.33,6a71f25456c0266186cf59b1,6a71f25a56c0266186cf5af2,30,18,10.0,2.0,1,0
18.0,12.0,3.0,1.0,0.0,2.0,88.89,11.11,16.67,0.0,0.0,11.11,6a71f25456c0266186cf59b1,6a71f25a56c0266186cf5af8,30,18,6.67,1.5,1,0
18.0,15.0,0.0,2.0,1.0,0.0,100.0,0.0,0.0,0.0,0.0,0.0,6a71f25456c0266186cf59b1,6a71f25a56c0266186cf5afe,30,18,0.0,7.5,0,0
18.0,14.0,4.0,0.0,0.0,0.0,100.0,0.0,22.22,0.0,0.0,0.0,6a71f25456c0266186cf59b1,6a71f25a56c0266186cf5b04,30,18,0.0,5.5,1,0
18.0,11.0,6.0,0.0,0.0,1.0,94.44,5.56,33.33,0.0,0.0,-11.11,6a71f25456c0266186cf59b1,6a71f25a56c0266186cf5b0a,30,18,6.67,2.5,1,0
18.0,12.0,5.0,0.0,1.0,0.0,100.0,0.0,27.78,0.0,0.0,0.0,6a71f25456c0266186cf59b1,6a749bcdf6ccb57abf5e5d08,30,18,6.67,2.5,1,0
18.0,10.0,2.0,3.0,1.0,2.0,88.89,11.11,11.11,0.0,0.0,33.33,6a71f25456c0266186cf59b5,6a71f25956c0266186cf5ab6,30,18,6.67,3.0,1,0
18.0,13.0,4.0,0.0,1.0,0.0,100.0,0.0,22.22,0.0,0.0,0.0,6a71f25456c0266186cf59b5,6a71f25956c0266186cf5abc,30,18,0.0,6.5,1,0
18.0,11.0,2.0,3.0,1.0,1.0,94.44,5.56,11.11,33.33,0.0,-22.22,6a71f25456c0266186cf59b5,6a71f25956c0266186cf5ac2,30,18,6.67,1.0,1,0
18.0,12.0,2.0,1.0,1.0,2.0,88.89,11.11,11.11,0.0,0.0,11.11,6a71f25456c0266186cf59b5,6a71f25956c0266186cf5ace,30,18,10.0,1.5,1,0
18.0,13.0,2.0,1.0,1.0,1.0,94.44,5.56,11.11,0.0,0.0,-22.22,6a71f25456c0266186cf59b5,6a71f25a56c0266186cf5ada,30,18,10.0,0.0,1,0
18.0,15.0,1.0,2.0,0.0,0.0,100.0,0.0,5.56,0.0,0.0,22.22,6a71f25456c0266186cf59b5,6a71f25a56c0266186cf5ae0,30,18,6.67,3.5,1,0
18.0,10.0,3.0,3.0,1.0,1.0,94.44,5.56,16.67,0.0,0.0,0.0,6a71f25456c0266186cf59b5,6a71f25a56c0266186cf5ae6,30,18,6.67,1.0,1,0
18.0,13.0,3.0,1.0,1.0,0.0,100.0,0.0,16.67,0.0,0.0,11.11,6a71f25456c0266186cf59b5,6a71f25a56c0266186cf5aec,30,18,0.0,4.5,1,0
18.0,15.0,1.0,1.0,0.0,1.0,94.44,5.56,5.56,0.0,0.0,22.22,6a71f25456c0266186cf59b5,6a71f25a56c0266186cf5af2,30,18,3.33,6.0,1,0
18.0,16.0,0.0,2.0,0.0,0.0,100.0,0.0,0.0,0.0,0.0,-22.22,6a71f25456c0266186cf59b5,6a71f25a56c0266186cf5af8,30,18,0.0,8.5,0,0
18.0,14.0,1.0,3.0,0.0,0.0,100.0,0.0,5.56,0.0,0.0,-11.11,6a71f25456c0266186cf59b5,6a71f25a56c0266186cf5afe,30,18,0.0,8.0,0,0
18.0,14.0,2.0,2.0,0.0,0.0,100.0,0.0,11.11,0.0,0.0,0.0,6a71f25456c0266186cf59b5,6a71f25a56c0266186cf5b04,30,18,0.0,7.0,0,0
18.0,14.0,2.0,2.0,0.0,0.0,100.0,0.0,11.11,0.0,0.0,22.22,6a71f25456c0266186cf59b5,6a71f25a56c0266186cf5b0a,30,18,0.0,5.5,1,0
18.0,14.0,3.0,1.0,0.0,0.0,100.0,0.0,16.67,0.0,0.0,11.11,6a71f25456c0266186cf59b5,6a749bcdf6ccb57abf5e5d08,30,18,0.0,6.0,1,0
18.0,13.0,2.0,3.0,0.0,0.0,100.0,0.0,11.11,0.0,0.0,11.11,6a71f25456c0266186cf59b9,6a71f25956c0266186cf5ab6,30,18,0.0,6.0,1,0
18.0,11.0,3.0,2.0,1.0,1.0,94.44,5.56,16.67,0.0,0.0,-11.11,6a71f25456c0266186cf59b9,6a71f25956c0266186cf5abc,30,18,3.33,3.5,1,0
18.0,13.0,3.0,0.0,0.0,2.0,88.89,11.11,16.67,0.0,0.0,-22.22,6a71f25456c0266186cf59b9,6a71f25956c0266186cf5ac2,30,18,6.67,3.5,1,0
18.0,12.0,2.0,3.0,0.0,1.0,94.44,5.56,11.11,33.33,1.0,0.0,6a71f25456c0266186cf59b9,6a71f25956c0266186cf5ace,30,18,3.33,4.5,1,0
18.0,16.0,0.0,2.0,0.0,0.0,100.0,0.0,0.0,0.0,0.0,22.22,6a71f25456c0266186cf59b9,6a71f25a56c0266186cf5ae0,30,18,6.67,4.0,1,0
18.0,16.0,1.0,1.0,0.0,0.0,100.0,0.0,5.56,0.0,0.0,11.11,6a71f25456c0266186cf59b9,6a71f25a56c0266186cf5ae6,30,18,3.33,5.0,1,0
18.0,7.0,6.0,4.0,0.0,1.0,94.44,5.56,33.33,0.0,0.0,-33.33,6a71f25456c0266186cf59b9,6a71f25a56c0266186cf5aec,30,18,3.33,2.0,1,0
18.0,12.0,5.0,1.0,0.0,0.0,100.0,0.0,27.78,0.0,0.0,11.11,6a71f25456c0266186cf59b9,6a71f25a56c0266186cf5af8,30,18,0.0,5.5,1,0
18.0,15.0,1.0,1.0,1.0,0.0,100.0,0.0,5.56,0.0,0.0,-11.11,6a71f25456c0266186cf59b9,6a71f25a56c0266186cf5afe,30,18,0.0,7.0,0,0
18.0,13.0,2.0,1.0,1.0,1.0,94.44,5.56,11.11,0.0,0.0,22.22,6a71f25456c0266186cf59b9,6a71f25a56c0266186cf5b04,30,18,3.33,5.5,1,0
18.0,15.0,3.0,0.0,0.0,0.0,100.0,0.0,16.67,0.0,0.0,0.0,6a71f25456c0266186cf59b9,6a71f25a56c0266186cf5b0a,30,18,0.0,7.5,0,0
18.0,11.0,2.0,2.0,0.0,3.0,83.33,16.67,11.11,0.0,0.0,11.11,6a71f25456c0266186cf59b9,6a749bcdf6ccb57abf5e5d08,30,18,13.33,0.0,1,0
18.0,12.0,1.0,4.0,0.0,1.0,94.44,5.56,5.56,0.0,0.0,11.11,6a71f25556c0266186cf59bc,6a71f25956c0266186cf5ab6,30,18,3.33,5.5,1,0
18.0,9.0,6.0,2.0,1.0,0.0,100.0,0.0,33.33,0.0,0.0,0.0,6a71f25556c0266186cf59bc,6a71f25956c0266186cf5abc,30,18,0.0,4.0,1,0
18.0,15.0,2.0,1.0,0.0,0.0,100.0,0.0,11.11,0.0,0.0,-11.11,6a71f25556c0266186cf59bc,6a71f25956c0266186cf5ac2,30,18,0.0,6.5,1,0
18.0,16.0,1.0,0.0,0.0,1.0,94.44,5.56,5.56,0.0,0.0,11.11,6a71f25556c0266186cf59bc,6a71f25956c0266186cf5ace,30,18,6.67,4.0,1,0
18.0,11.0,3.0,3.0,1.0,0.0,100.0,0.0,16.67,0.0,0.0,-11.11,6a71f25556c0266186cf59bc,6a71f25a56c0266186cf5ad4,30,18,0.0,6.0,1,0
18.0,13.0,1.0,2.0,2.0,0.0,100.0,0.0,5.56,0.0,0.0,22.22,6a71f25556c0266186cf59bc,6a71f25a56c0266186cf5ada,30,18,0.0,8.5,0,0
18.0,12.0,4.0,0.0,1.0,1.0,94.44,5.56,22.22,0.0,0.0,11.11,6a71f25556c0266186cf59bc,6a71f25a56c0266186cf5ae0,30,18,3.33,5.0,1,0
18.0,10.0,2.0,2.0,2.0,2.0,88.89,11.11,11.11,0.0,0.0,-22.22,6a71f25556c0266186cf59bc,6a71f25a56c0266186cf5ae6,30,18,10.0,0.5,1,0
18.0,11.0,1.0,2.0,1.0,3.0,83.33,16.67,5.56,33.33,1.0,-11.11,6a71f25556c0266186cf59bc,6a71f25a56c0266186cf5aec,30,18,13.33,0.0,1,0
18.0,10.0,3.0,3.0,2.0,0.0,100.0,0.0,16.67,0.0,0.0,-11.11,6a71f25556c0266186cf59bc,6a71f25a56c0266186cf5af2,30,18,0.0,5.5,1,0
18.0,9.0,4.0,3.0,1.0,1.0,94.44,5.56,22.22,33.33,0.0,22.22,6a71f25556c0266186cf59bc,6a71f25a56c0266186cf5af8,30,18,10.0,0.5,1,0
18.0,12.0,3.0,2.0,1.0,0.0,100.0,0.0,16.67,0.0,0.0,0.0,6a71f25556c0266186cf59bc,6a71f25a56c0266186cf5b0a,30,18,3.33,3.0,1,0
18.0,14.0,3.0,0.0,1.0,0.0,100.0,0.0,16.67,0.0,0.0,0.0,6a71f25556c0266186cf59bc,6a749bcdf6ccb57abf5e5d08,30,18,0.0,7.5,0,0
18.0,14.0,2.0,1.0,1.0,0.0,100.0,0.0,11.11,0.0,0.0,-11.11,6a71f25556c0266186cf59bf,6a71f25956c0266186cf5ab6,30,18,0.0,7.5,0,0
18.0,15.0,0.0,2.0,1.0,0.0,100.0,0.0,0.0,0.0,0.0,-22.22,6a71f25556c0266186cf59bf,6a71f25956c0266186cf5abc,30,18,6.67,4.0,1,0
18.0,11.0,1.0,2.0,1.0,3.0,83.33,16.67,5.56,33.33,1.0,11.11,6a71f25556c0266186cf59bf,6a71f25956c0266186cf5ac8,30,18,10.0,1.5,1,0
18.0,11.0,5.0,1.0,0.0,1.0,94.44,5.56,27.78,0.0,0.0,-22.22,6a71f25556c0266186cf59bf,6a71f25956c0266186cf5ace,30,18,6.67,1.5,1,0
18.0,14.0,2.0,0.0,1.0,1.0,94.44,5.56,11.11,0.0,0.0,-11.11,6a71f25556c0266186cf59bf,6a71f25a56c0266186cf5ada,30,18,3.33,6.0,1,0
18.0,13.0,2.0,2.0,1.0,0.0,100.0,0.0,11.11,0.0,0.0,-22.22,6a71f25556c0266186cf59bf,6a71f25a56c0266186cf5ae0,30,18,0.0,6.5,1,0
18.0,12.0,4.0,1.0,1.0,0.0,100.0,0.0,22.22,0.0,0.0,-11.11,6a71f25556c0266186cf59bf,6a71f25a56c0266186cf5af2,30,18,0.0,6.0,1,0
18.0,10.0,7.0,0.0,0.0,1.0,94.44,5.56,38.89,0.0,0.0,11.11,6a71f25556c0266186cf59bf,6a71f25a56c0266186cf5af8,30,18,3.33,1.0,1,0
18.0,15.0,1.0,1.0,0.0,1.0,94.44,5.56,5.56,33.33,1.0,0.0,6a71f25556c0266186cf59bf,6a71f25a56c0266186cf5b04,30,18,6.67,3.5,1,0
18.0,13.0,3.0,1.0,0.0,1.0,94.44,5.56,16.67,0.0,0.0,22.22,6a71f25556c0266186cf59bf,6a749bcdf6ccb57abf5e5d08,30,18,6.67,2.5,1,0
18.0,13.0,2.0,0.0,0.0,3.0,83.33,16.67,11.11,0.0,0.0,11.11,6a71f25556c0266186cf59c2,6a71f25956c0266186cf5abc,30,18,13.33,1.0,1,0
18.0,15.0,1.0,0.0,1.0,1.0,94.44,5.56,5.56,0.0,0.0,11.11,6a71f25556c0266186cf59c2,6a71f25956c0266186cf5ac2,30,18,6.67,4.0,1,0
18.0,12.0,5.0,0.0,0.0,1.0,94.44,5.56,27.78,0.0,0.0,11.11,6a71f25556c0266186cf59c2,6a71f25956c0266186cf5ac8,30,18,3.33,4.0,1,0
18.0,12.0,2.0,1.0,2.0,1.0,94.44,5.56,11.11,0.0,0.0,0.0,6a71f25556c0266186cf59c2,6a71f25a56c0266186cf5ad4,30,18,3.33,5.0,1,0
18.0,17.0,0.0,1.0,0.0,0.0,100.0,0.0,0.0,0.0,0.0,-11.11,6a71f25556c0266186cf59c2,6a71f25a56c0266186cf5ada,30,18,6.67,2.5,1,0
18.0,9.0,6.0,0.0,1.0,2.0,88.89,11.11,33.33,0.0,0.0,22.22,6a71f25556c0266186cf59c2,6a71f25a56c0266186cf5ae0,30,18,10.0,0.0,1,0
18.0,15.0,1.0,1.0,0.0,1.0,94.44,5.56,5.56,0.0,0.0,0.0,6a71f25556c0266186cf59c2,6a71f25a56c0266186cf5aec,30,18,6.67,4.0,1,0
18.0,11.0,4.0,1.0,1.0,1.0,94.44,5.56,22.22,0.0,0.0,22.22,6a71f25556c0266186cf59c2,6a71f25a56c0266186cf5af2,30,18,3.33,4.0,1,0
18.0,15.0,1.0,2.0,0.0,0.0,100.0,0.0,5.56,0.0,0.0,0.0,6a71f25556c0266186cf59c2,6a71f25a56c0266186cf5afe,30,18,3.33,5.0,1,0
18.0,10.0,8.0,0.0,0.0,0.0,100.0,0.0,44.44,0.0,0.0,0.0,6a71f25556c0266186cf59c2,6a71f25a56c0266186cf5b04,30,18,0.0,4.0,1,0
18.0,12.0,4.0,2.0,0.0,0.0,100.0,0.0,22.22,0.0,0.0,-22.22,6a71f25556c0266186cf59c2,6a71f25a56c0266186cf5b0a,30,18,0.0,6.0,1,0
18.0,14.0,1.0,2.0,0.0,1.0,94.44,5.56,5.56,0.0,0.0,-11.11,6a71f25556c0266186cf59c5,6a71f25956c0266186cf5ab6,30,18,3.33,3.5,1,0
18.0,11.0,4.0,2.0,1.0,0.0,100.0,0.0,22.22,0.0,0.0,0.0,6a71f25556c0266186cf59c5,6a71f25956c0266186cf5ac2,30,18,3.33,4.0,1,0
18.0,14.0,3.0,0.0,0.0,1.0,94.44,5.56,16.67,0.0,0.0,-11.11,6a71f25556c0266186cf59c5,6a71f25956c0266186cf5ac8,30,18,10.0,1.5,1,0
18.0,13.0,1.0,2.0,1.0,1.0,94.44,5.56,5.56,0.0,0.0,-11.11,6a71f25556c0266186cf59c5,6a71f25a56c0266186cf5ad4,30,18,3.33,5.0,1,0
18.0,13.0,3.0,2.0,0.0,0.0,100.0,0.0,16.67,0.0,0.0,0.0,6a71f25556c0266186cf59c5,6a71f25a56c0266186cf5ada,30,18,0.0,6.0,1,0
18.0,13.0,2.0,1.0,1.0,1.0,94.44,5.56,11.11,0.0,0.0,0.0,6a71f25556c0266186cf59c5,6a71f25a56c0266186cf5ae0,30,18,3.33,6.0,1,0
18.0,13.0,2.0,1.0,0.0,2.0,88.89,11.11,11.11,0.0,0.0,-11.11,6a71f25556c0266186cf59c5,6a71f25a56c0266186cf5aec,30,18,6.67,3.5,1,0
18.0,14.0,3.0,1.0,0.0,0.0,100.0,0.0,16.67,0.0,0.0,-11.11,6a71f25556c0266186cf59c5,6a71f25a56c0266186cf5b04,30,18,0.0,7.0,0,0
18.0,9.0,2.0,2.0,2.0,3.0,83.33,16.67,11.11,33.33,0.0,11.11,6a71f25556c0266186cf59c5,6a71f25a56c0266186cf5b0a,30,18,10.0,1.5,1,0
18.0,11.0,3.0,3.0,0.0,1.0,94.44,5.56,16.67,0.0,0.0,0.0,6a71f25556c0266186cf59c5,6a749bcdf6ccb57abf5e5d08,30,18,6.67,2.5,1,0
18.0,7.0,4.0,4.0,1.0,2.0,88.89,11.11,22.22,0.0,0.0,0.0,6a71f25556c0266186cf59c8,6a71f25956c0266186cf5abc,30,18,6.67,1.5,1,0
18.0,11.0,3.0,3.0,1.0,0.0,100.0,0.0,16.67,0.0,0.0,33.33,6a71f25556c0266186cf59c8,6a71f25956c0266186cf5ace,30,18,0.0,5.0,1,0
18.0,8.0,5.0,2.0,2.0,1.0,94.44,5.56,27.78,0.0,0.0,11.11,6a71f25556c0266186cf59c8,6a71f25a56c0266186cf5ad4,30,18,10.0,0.0,1,0
18.0,17.0,1.0,0.0,0.0,0.0,100.0,0.0,5.56,0.0,0.0,0.0,6a71f25556c0266186cf59c8,6a71f25a56c0266186cf5ada,30,18,0.0,6.5,1,0
18.0,17.0,0.0,0.0,0.0,1.0,94.44,5.56,0.0,0.0,0.0,-11.11,6a71f25556c0266186cf59c8,6a71f25a56c0266186cf5aec,30,18,3.33,8.0,0,0
18.0,12.0,3.0,2.0,0.0,1.0,94.44,5.56,16.67,33.33,0.0,-33.33,6a71f25556c0266186cf59c8,6a71f25a56c0266186cf5af2,30,18,3.33,3.5,1,0
18.0,10.0,5.0,2.0,0.0,1.0,94.44,5.56,27.78,0.0,0.0,11.11,6a71f25556c0266186cf59c8,6a71f25a56c0266186cf5af8,30,18,3.33,4.5,1,0
18.0,11.0,1.0,2.0,2.0,2.0,88.89,11.11,5.56,33.33,0.0,-22.22,6a71f25556c0266186cf59c8,6a71f25a56c0266186cf5afe,30,18,6.67,3.5,1,0
18.0,12.0,1.0,2.0,2.0,1.0,94.44,5.56,5.56,0.0,0.0,-11.11,6a71f25556c0266186cf59c8,6a71f25a56c0266186cf5b0a,30,18,6.67,3.5,1,0
18.0,10.0,3.0,4.0,0.0,1.0,94.44,5.56,16.67,0.0,0.0,-11.11,6a71f25556c0266186cf59c8,6a749bcdf6ccb57abf5e5d08,30,18,3.33,2.5,1,0
18.0,15.0,1.0,0.0,2.0,0.0,100.0,0.0,5.56,0.0,0.0,0.0,6a71f25556c0266186cf59cb,6a71f25956c0266186cf5abc,30,18,0.0,9.5,0,0
18.0,13.0,2.0,2.0,1.0,0.0,100.0,0.0,11.11,0.0,0.0,22.22,6a71f25556c0266186cf59cb,6a71f25956c0266186cf5ac8,30,18,3.33,5.0,1,0
18.0,10.0,5.0,1.0,1.0,1.0,94.44,5.56,27.78,0.0,0.0,0.0,6a71f25556c0266186cf59cb,6a71f25a56c0266186cf5ad4,30,18,3.33,2.5,1,0
18.0,12.0,2.0,3.0,1.0,0.0,100.0,0.0,11.11,0.0,0.0,33.33,6a71f25556c0266186cf59cb,6a71f25a56c0266186cf5ada,30,18,0.0,6.5,1,0
18.0,12.0,2.0,2.0,0.0,2.0,88.89,11.11,11.11,33.33,1.0,0.0,6a71f25556c0266186cf59cb,6a71f25a56c0266186cf5ae6,30,18,6.67,3.0,1,0
18.0,14.0,1.0,2.0,0.0,1.0,94.44,5.56,5.56,0.0,0.0,11.11,6a71f25556c0266186cf59cb,6a71f25a56c0266186cf5af2,30,18,3.33,5.5,1,0
18.0,13.0,2.0,3.0,0.0,0.0,100.0,0.0,11.11,0.0,0.0,-11.11,6a71f25556c0266186cf59cb,6a71f25a56c0266186cf5af8,30,18,6.67,2.0,1,0
18.0,12.0,3.0,2.0,1.0,0.0,100.0,0.0,16.67,0.0,0.0,22.22,6a71f25556c0266186cf59cb,6a71f25a56c0266186cf5afe,30,18,0.0,6.0,1,0
18.0,13.0,2.0,1.0,2.0,0.0,100.0,0.0,11.11,0.0,0.0,11.11,6a71f25556c0266186cf59cb,6a71f25a56c0266186cf5b04,30,18,3.33,6.0,1,0
18.0,13.0,2.0,2.0,0.0,1.0,94.44,5.56,11.11,0.0,0.0,-11.11,6a71f25556c0266186cf59cb,6a71f25a56c0266186cf5b0a,30,18,6.67,2.5,1,0
18.0,10.0,5.0,0.0,2.0,1.0,94.44,5.56,27.78,0.0,0.0,11.11,6a71f25556c0266186cf59cb,6a749bcdf6ccb57abf5e5d08,30,18,3.33,3.5,1,0
18.0,13.0,2.0,1.0,2.0,0.0,100.0,0.0,11.11,0.0,0.0,-11.11,6a71f25556c0266186cf59ce,6a71f25956c0266186cf5abc,30,18,3.33,5.5,1,0
18.0,9.0,3.0,4.0,2.0,0.0,100.0,0.0,16.67,0.0,0.0,-22.22,6a71f25556c0266186cf59ce,6a71f25956c0266186cf5ac2,30,18,3.33,3.0,1,0
18.0,10.0,4.0,1.0,1.0,2.0,88.89,11.11,22.22,0.0,0.0,11.11,6a71f25556c0266186cf59ce,6a71f25956c0266186cf5ac8,30,18,6.67,2.5,1,0
18.0,12.0,2.0,2.0,2.0,0.0,100.0,0.0,11.11,0.0,0.0,22.22,6a71f25556c0266186cf59ce,6a71f25956c0266186cf5ace,30,18,0.0,8.0,0,0
18.0,10.0,3.0,1.0,1.0,3.0,83.33,16.67,16.67,0.0,0.0,-22.22,6a71f25556c0266186cf59ce,6a71f25a56c0266186cf5ad4,30,18,10.0,0.0,1,0
18.0,12.0,6.0,0.0,0.0,0.0,100.0,0.0,33.33,0.0,0.0,0.0,6a71f25556c0266186cf59ce,6a71f25a56c0266186cf5aec,30,18,3.33,3.5,1,0
18.0,13.0,3.0,1.0,0.0,1.0,94.44,5.56,16.67,0.0,0.0,0.0,6a71f25556c0266186cf59ce,6a71f25a56c0266186cf5af2,30,18,3.33,5.0,1,0
18.0,14.0,2.0,2.0,0.0,0.0,100.0,0.0,11.11,0.0,0.0,-22.22,6a71f25556c0266186cf59ce,6a71f25a56c0266186cf5af8,30,18,0.0,6.5,1,0
18.0,12.0,1.0,2.0,2.0,1.0,94.44,5.56,5.56,33.33,0.0,-33.33,6a71f25556c0266186cf59d1,6a71f25956c0266186cf5abc,30,18,3.33,6.5,1,0
18.0,11.0,1.0,4.0,0.0,2.0,88.89,11.11,5.56,0.0,0.0,-22.22,6a71f25556c0266186cf59d1,6a71f25956c0266186cf5ac2,30,18,6.67,1.5,1,0
18.0,13.0,1.0,4.0,0.0,0.0,100.0,0.0,5.56,0.0,0.0,-44.44,6a71f25556c0266186cf59d1,6a71f25956c0266186cf5ac8,30,18,3.33,4.0,1,0
18.0,12.0,2.0,4.0,0.0,0.0,100.0,0.0,11.11,0.0,0.0,-22.22,6a71f25556c0266186cf59d1,6a71f25956c0266186cf5ace,30,18,3.33,4.5,1,0
18.0,11.0,4.0,1.0,0.0,2.0,88.89,11.11,22.22,0.0,0.0,-11.11,6a71f25556c0266186cf59d1,6a71f25a56c0266186cf5ae0,30,18,6.67,1.5,1,0
18.0,15.0,0.0,2.0,0.0,1.0,94.44,5.56,0.0,0.0,0.0,-11.11,6a71f25556c0266186cf59d1,6a71f25a56c0266186cf5ae6,30,18,3.33,5.5,1,0
18.0,12.0,4.0,1.0,0.0,1.0,94.44,5.56,22.22,0.0,0.0,0.0,6a71f25556c0266186cf59d1,6a71f25a56c0266186cf5af8,30,18,3.33,4.0,1,0
18.0,10.0,5.0,2.0,1.0,0.0,100.0,0.0,27.78,0.0,0.0,22.22,6a71f25556c0266186cf59d1,6a71f25a56c0266186cf5afe,30,18,0.0,5.0,1,0
18.0,12.0,4.0,1.0,0.0,1.0,94.44,5.56,22.22,0.0,0.0,-22.22,6a71f25556c0266186cf59d1,6a71f25a56c0266186cf5b04,30,18,6.67,2.0,1,0
18.0,12.0,5.0,0.0,0.0,1.0,94.44,5.56,27.78,0.0,0.0,-11.11,6a71f25556c0266186cf59d4,6a71f25956c0266186cf5ac8,30,18,10.0,1.0,1,0
18.0,11.0,3.0,2.0,2.0,0.0,100.0,0.0,16.67,0.0,0.0,0.0,6a71f25556c0266186cf59d4,6a71f25a56c0266186cf5ada,30,18,0.0,7.0,0,0
18.0,15.0,1.0,1.0,0.0,1.0,94.44,5.56,5.56,0.0,0.0,-22.22,6a71f25556c0266186cf59d4,6a71f25a56c0266186cf5ae0,30,18,3.33,6.5,1,0
18.0,13.0,2.0,2.0,0.0,1.0,94.44,5.56,11.11,0.0,0.0,11.11,6a71f25556c0266186cf59d4,6a71f25a56c0266186cf5ae6,30,18,3.33,4.0,1,0
18.0,13.0,4.0,0.0,0.0,1.0,94.44,5.56,22.22,33.33,0.0,-11.11,6a71f25556c0266186cf59d4,6a71f25a56c0266186cf5af2,30,18,3.33,5.0,1,0
18.0,11.0,5.0,0.0,2.0,0.0,100.0,0.0,27.78,0.0,0.0,0.0,6a71f25556c0266186cf59d4,6a71f25a56c0266186cf5af8,30,18,3.33,4.5,1,0
18.0,15.0,2.0,1.0,0.0,0.0,100.0,0.0,11.11,0.0,0.0,11.11,6a71f25b56c0266186cf5b11,6a71f25956c0266186cf5ab6,30,18,0.0,7.0,0,0
18.0,13.0,3.0,2.0,0.0,0.0,100.0,0.0,16.67,0.0,0.0,22.22,6a71f25b56c0266186cf5b11,6a71f25956c0266186cf5abc,30,18,0.0,6.5,1,0
18.0,13.0,3.0,0.0,1.0,1.0,94.44,5.56,16.67,33.33,1.0,-11.11,6a71f25b56c0266186cf5b11,6a71f25956c0266186cf5ac2,30,18,3.33,5.0,1,0
18.0,12.0,4.0,2.0,0.0,0.0,100.0,0.0,22.22,0.0,0.0,0.0,6a71f25b56c0266186cf5b11,6a71f25956c0266186cf5ac8,30,18,3.33,4.0,1,0
18.0,11.0,2.0,3.0,0.0,2.0,88.89,11.11,11.11,0.0,0.0,-11.11,6a71f25b56c0266186cf5b11,6a71f25956c0266186cf5ace,30,18,6.67,2.5,1,0
18.0,12.0,5.0,1.0,0.0,0.0,100.0,0.0,27.78,0.0,0.0,-11.11,6a71f25b56c0266186cf5b11,6a71f25a56c0266186cf5ae0,30,18,6.67,2.0,1,0
18.0,14.0,2.0,1.0,0.0,1.0,94.44,5.56,11.11,33.33,0.0,-22.22,6a71f25b56c0266186cf5b11,6a71f25a56c0266186cf5ae6,30,18,3.33,4.5,1,0
18.0,12.0,2.0,3.0,0.0,1.0,94.44,5.56,11.11,0.0,0.0,-22.22,6a71f25b56c0266186cf5b11,6a71f25a56c0266186cf5aec,30,18,3.33,4.0,1,0
18.0,13.0,1.0,2.0,1.0,1.0,94.44,5.56,5.56,0.0,0.0,33.33,6a71f25b56c0266186cf5b11,6a71f25a56c0266186cf5af2,30,18,3.33,6.0,1,0
18.0,14.0,1.0,3.0,0.0,0.0,100.0,0.0,5.56,0.0,0.0,11.11,6a71f25b56c0266186cf5b11,6a71f25a56c0266186cf5afe,30,18,0.0,6.5,1,0
18.0,10.0,5.0,1.0,0.0,2.0,88.89,11.11,27.78,0.0,0.0,11.11,6a71f25b56c0266186cf5b11,6a71f25a56c0266186cf5b04,30,18,6.67,1.0,1,0
18.0,10.0,4.0,1.0,0.0,3.0,83.33,16.67,22.22,33.33,1.0,-22.22,6a71f25b56c0266186cf5b11,6a749bcdf6ccb57abf5e5d08,30,18,16.67,0.0,1,0
18.0,15.0,2.0,0.0,1.0,0.0,100.0,0.0,11.11,0.0,0.0,0.0,6a71f25b56c0266186cf5b14,6a71f25956c0266186cf5ac8,30,18,0.0,8.0,0,0
18.0,9.0,5.0,1.0,1.0,2.0,88.89,11.11,27.78,0.0,0.0,33.33,6a71f25b56c0266186cf5b14,6a71f25a56c0266186cf5ada,30,18,13.33,0.0,1,0
18.0,13.0,3.0,0.0,1.0,1.0,94.44,5.56,16.67,0.0,0.0,11.11,6a71f25b56c0266186cf5b14,6a71f25a56c0266186cf5ae0,30,18,3.33,6.5,1,0
18.0,9.0,3.0,2.0,2.0,2.0,88.89,11.11,16.67,0.0,0.0,0.0,6a71f25b56c0266186cf5b14,6a71f25a56c0266186cf5ae6,30,18,10.0,0.0,1,0
18.0,8.0,5.0,3.0,1.0,1.0,94.44,5.56,27.78,0.0,0.0,22.22,6a71f25b56c0266186cf5b14,6a71f25a56c0266186cf5af2,30,18,3.33,3.5,1,0
18.0,13.0,3.0,2.0,0.0,0.0,100.0,0.0,16.67,0.0,0.0,-22.22,6a71f25b56c0266186cf5b14,6a71f25a56c0266186cf5afe,30,18,0.0,6.0,1,0
18.0,9.0,3.0,2.0,1.0,3.0,83.33,16.67,16.67,33.33,0.0,11.11,6a71f25b56c0266186cf5b14,6a71f25a56c0266186cf5b04,30,18,10.0,0.0,1,0
18.0,13.0,5.0,0.0,0.0,0.0,100.0,0.0,27.78,0.0,0.0,0.0,6a71f25b56c0266186cf5b14,6a71f25a56c0266186cf5b0a,30,18,0.0,6.0,1,0
18.0,11.0,4.0,2.0,1.0,0.0,100.0,0.0,22.22,0.0,0.0,-22.22,6a71f25b56c0266186cf5b17,6a71f25956c0266186cf5ac2,30,18,0.0,5.0,1,0
18.0,13.0,1.0,1.0,1.0,2.0,88.89,11.11,5.56,0.0,0.0,11.11,6a71f25b56c0266186cf5b17,6a71f25956c0266186cf5ac8,30,18,13.33,0.0,1,0
18.0,14.0,2.0,0.0,0.0,2.0,88.89,11.11,11.11,0.0,0.0,0.0,6a71f25b56c0266186cf5b17,6a71f25956c0266186cf5ace,30,18,10.0,1.5,1,0
18.0,16.0,0.0,2.0,0.0,0.0,100.0,0.0,0.0,0.0,0.0,0.0,6a71f25b56c0266186cf5b17,6a71f25a56c0266186cf5ada,30,18,0.0,8.0,0,0
18.0,14.0,1.0,2.0,0.0,1.0,94.44,5.56,5.56,0.0,0.0,-33.33,6a71f25b56c0266186cf5b17,6a71f25a56c0266186cf5ae6,30,18,3.33,3.0,1,0
18.0,11.0,4.0,1.0,1.0,1.0,94.44,5.56,22.22,33.33,0.0,-22.22,6a71f25b56c0266186cf5b17,6a71f25a56c0266186cf5aec,30,18,3.33,3.0,1,0
18.0,14.0,2.0,1.0,0.0,1.0,94.44,5.56,11.11,33.33,1.0,-22.22,6a71f25b56c0266186cf5b17,6a71f25a56c0266186cf5af2,30,18,3.33,6.0,1,0
18.0,8.0,7.0,0.0,3.0,0.0,100.0,0.0,38.89,0.0,0.0,0.0,6a71f25b56c0266186cf5b17,6a71f25a56c0266186cf5af8,30,18,0.0,4.5,1,0
18.0,14.0,2.0,0.0,0.0,2.0,88.89,11.11,11.11,0.0,0.0,-22.22,6a71f25b56c0266186cf5b17,6a749bcdf6ccb57abf5e5d08,30,18,10.0,2.5,1,0
18.0,12.0,3.0,2.0,0.0,1.0,94.44,5.56,16.67,0.0,0.0,11.11,6a71f25b56c0266186cf5b1a,6a71f25956c0266186cf5ab6,30,18,10.0,0.5,1,0
18.0,13.0,1.0,2.0,2.0,0.0,100.0,0.0,5.56,0.0,0.0,0.0,6a71f25b56c0266186cf5b1a,6a71f25956c0266186cf5abc,30,18,0.0,6.0,1,0
18.0,10.0,3.0,3.0,1.0,1.0,94.44,5.56,16.67,33.33,0.0,-44.44,6a71f25b56c0266186cf5b1a,6a71f25956c0266186cf5ac2,30,18,6.67,1.0,1,0
18.0,10.0,6.0,2.0,0.0,0.0,100.0,0.0,33.33,0.0,0.0,0.0,6a71f25b56c0266186cf5b1a,6a71f25956c0266186cf5ac8,30,18,0.0,5.5,1,0
18.0,14.0,2.0,0.0,2.0,0.0,100.0,0.0,11.11,0.0,0.0,0.0,6a71f25b56c0266186cf5b1a,6a71f25956c0266186cf5ace,30,18,0.0,7.5,0,0
18.0,16.0,0.0,1.0,0.0,1.0,94.44,5.56,0.0,0.0,0.0,22.22,6a71f25b56c0266186cf5b1a,6a71f25a56c0266186cf5ad4,30,18,3.33,6.0,1,0
18.0,11.0,2.0,2.0,2.0,1.0,94.44,5.56,11.11,0.0,0.0,33.33,6a71f25b56c0266186cf5b1a,6a71f25a56c0266186cf5ada,30,18,6.67,3.0,1,0
18.0,13.0,4.0,0.0,0.0,1.0,94.44,5.56,22.22,0.0,0.0,-11.11,6a71f25b56c0266186cf5b1a,6a71f25a56c0266186cf5ae0,30,18,3.33,4.5,1,0
18.0,13.0,1.0,2.0,0.0,2.0,88.89,11.11,5.56,0.0,0.0,0.0,6a71f25b56c0266186cf5b1a,6a71f25a56c0266186cf5ae6,30,18,10.0,2.0,1,0
18.0,14.0,2.0,1.0,1.0,0.0,100.0,0.0,11.11,0.0,0.0,11.11,6a71f25b56c0266186cf5b1a,6a71f25a56c0266186cf5aec,30,18,0.0,6.0,1,0
18.0,12.0,2.0,2.0,2.0,0.0,100.0,0.0,11.11,0.0,0.0,0.0,6a71f25b56c0266186cf5b1a,6a71f25a56c0266186cf5af2,30,18,0.0,7.5,0,0
18.0,10.0,3.0,1.0,1.0,3.0,83.33,16.67,16.67,0.0,0.0,22.22,6a71f25b56c0266186cf5b1a,6a71f25a56c0266186cf5af8,30,18,10.0,1.5,1,0
18.0,10.0,5.0,2.0,1.0,0.0,100.0,0.0,27.78,0.0,0.0,0.0,6a71f25b56c0266186cf5b1a,6a71f25a56c0266186cf5afe,30,18,0.0,4.5,1,0
18.0,11.0,3.0,3.0,0.0,1.0,94.44,5.56,16.67,0.0,0.0,-22.22,6a71f25b56c0266186cf5b1a,6a71f25a56c0266186cf5b04,30,18,3.33,5.0,1,0
18.0,9.0,2.0,3.0,3.0,1.0,94.44,5.56,11.11,0.0,0.0,-22.22,6a71f25b56c0266186cf5b1a,6a71f25a56c0266186cf5b0a,30,18,3.33,4.5,1,0
18.0,13.0,2.0,0.0,0.0,3.0,83.33,16.67,11.11,66.67,2.0,-11.11,6a71f25b56c0266186cf5b1a,6a749bcdf6ccb57abf5e5d08,30,18,13.33,0.0,1,0
18.0,12.0,2.0,1.0,2.0,1.0,94.44,5.56,11.11,0.0,0.0,22.22,6a71f25b56c0266186cf5b1d,6a71f25956c0266186cf5ab6,30,18,3.33,4.0,1,0
18.0,14.0,1.0,2.0,1.0,0.0,100.0,0.0,5.56,0.0,0.0,22.22,6a71f25b56c0266186cf5b1d,6a71f25956c0266186cf5ac2,30,18,3.33,4.5,1,0
18.0,9.0,6.0,0.0,2.0,1.0,94.44,5.56,33.33,0.0,0.0,-11.11,6a71f25b56c0266186cf5b1d,6a71f25956c0266186cf5ac8,30,18,6.67,1.5,1,0
18.0,9.0,3.0,2.0,0.0,4.0,77.78,22.22,16.67,66.67,1.0,0.0,6a71f25b56c0266186cf5b1d,6a71f25a56c0266186cf5ad4,30,18,16.67,0.0,1,0
18.0,12.0,1.0,4.0,0.0,1.0,94.44,5.56,5.56,0.0,0.0,-33.33,6a71f25b56c0266186cf5b1d,6a71f25a56c0266186cf5ae6,30,18,3.33,4.0,1,0
18.0,14.0,2.0,1.0,0.0,1.0,94.44,5.56,11.11,0.0,0.0,0.0,6a71f25b56c0266186cf5b1d,6a71f25a56c0266186cf5aec,30,18,3.33,4.5,1,0
18.0,12.0,4.0,1.0,1.0,0.0,100.0,0.0,22.22,0.0,0.0,11.11,6a71f25b56c0266186cf5b1d,6a71f25a56c0266186cf5afe,30,18,0.0,6.0,1,0
18.0,10.0,1.0,3.0,3.0,1.0,94.44,5.56,5.56,33.33,1.0,0.0,6a71f25b56c0266186cf5b1d,6a71f25a56c0266186cf5b04,30,18,6.67,2.5,1,0
18.0,12.0,2.0,3.0,0.0,1.0,94.44,5.56,11.11,0.0,0.0,22.22,6a71f25b56c0266186cf5b1d,6a749bcdf6ccb57abf5e5d08,30,18,3.33,4.5,1,0
18.0,10.0,7.0,1.0,0.0,0.0,100.0,0.0,38.89,0.0,0.0,-11.11,6a71f25b56c0266186cf5b20,6a71f25956c0266186cf5ab6,30,18,3.33,2.5,1,0
18.0,12.0,2.0,2.0,1.0,1.0,94.44,5.56,11.11,33.33,0.0,-33.33,6a71f25b56c0266186cf5b20,6a71f25956c0266186cf5abc,30,18,3.33,5.0,1,0
18.0,10.0,4.0,2.0,0.0,2.0,88.89,11.11,22.22,0.0,0.0,0.0,6a71f25b56c0266186cf5b20,6a71f25956c0266186cf5ac2,30,18,10.0,1.0,1,0
18.0,13.0,3.0,1.0,1.0,0.0,100.0,0.0,16.67,0.0,0.0,-11.11,6a71f25b56c0266186cf5b20,6a71f25956c0266186cf5ace,30,18,0.0,6.0,1,0
18.0,16.0,1.0,1.0,0.0,0.0,100.0,0.0,5.56,0.0,0.0,-11.11,6a71f25b56c0266186cf5b20,6a71f25a56c0266186cf5ada,30,18,0.0,7.0,0,0
18.0,11.0,3.0,3.0,0.0,1.0,94.44,5.56,16.67,0.0,0.0,22.22,6a71f25b56c0266186cf5b20,6a71f25a56c0266186cf5ae0,30,18,10.0,0.5,1,0
18.0,12.0,2.0,3.0,0.0,1.0,94.44,5.56,11.11,33.33,0.0,-22.22,6a71f25b56c0266186cf5b20,6a71f25a56c0266186cf5ae6,30,18,6.67,0.5,1,0
18.0,11.0,3.0,2.0,2.0,0.0,100.0,0.0,16.67,0.0,0.0,-22.22,6a71f25b56c0266186cf5b23,6a71f25956c0266186cf5ace,30,18,0.0,6.0,1,0
18.0,9.0,5.0,0.0,2.0,2.0,88.89,11.11,27.78,33.33,1.0,-22.22,6a71f25b56c0266186cf5b23,6a71f25a56c0266186cf5ada,30,18,6.67,2.5,1,0
18.0,14.0,0.0,2.0,1.0,1.0,94.44,5.56,0.0,0.0,0.0,11.11,6a71f25b56c0266186cf5b23,6a71f25a56c0266186cf5ae6,30,18,3.33,5.5,1,0
18.0,12.0,5.0,0.0,0.0,1.0,94.44,5.56,27.78,33.33,0.0,-11.11,6a71f25b56c0266186cf5b23,6a71f25a56c0266186cf5af2,30,18,3.33,4.5,1,0
18.0,15.0,0.0,1.0,1.0,1.0,94.44,5.56,0.0,0.0,0.0,0.0,6a71f25b56c0266186cf5b23,6a71f25a56c0266186cf5afe,30,18,3.33,7.0,0,0
18.0,11.0,3.0,3.0,0.0,1.0,94.44,5.56,16.67,33.33,1.0,0.0,6a71f25b56c0266186cf5b23,6a71f25a56c0266186cf5b04,30,18,6.67,1.5,1,0
18.0,13.0,3.0,0.0,1.0,1.0,94.44,5.56,16.67,0.0,0.0,-11.11,6a71f25b56c0266186cf5b23,6a71f25a56c0266186cf5b0a,30,18,6.67,2.5,1,0
18.0,12.0,2.0,4.0,0.0,0.0,100.0,0.0,11.11,0.0,0.0,-44.44,6a71f25b56c0266186cf5b26,6a71f25956c0266186cf5ab6,30,18,0.0,6.0,1,0
18.0,10.0,2.0,4.0,1.0,1.0,94.44,5.56,11.11,0.0,0.0,-11.11,6a71f25b56c0266186cf5b26,6a71f25956c0266186cf5abc,30,18,6.67,0.5,1,0
18.0,12.0,2.0,2.0,0.0,2.0,88.89,11.11,11.11,33.33,1.0,-22.22,6a71f25b56c0266186cf5b26,6a71f25956c0266186cf5ac2,30,18,6.67,2.5,1,0
18.0,10.0,4.0,3.0,1.0,0.0,100.0,0.0,22.22,0.0,0.0,-11.11,6a71f25b56c0266186cf5b26,6a71f25956c0266186cf5ac8,30,18,3.33,4.0,1,0
18.0,12.0,3.0,1.0,1.0,1.0,94.44,5.56,16.67,33.33,0.0,0.0,6a71f25b56c0266186cf5b26,6a71f25956c0266186cf5ace,30,18,6.67,3.5,1,0
18.0,12.0,2.0,2.0,1.0,1.0,94.44,5.56,11.11,0.0,0.0,-33.33,6a71f25b56c0266186cf5b26,6a71f25a56c0266186cf5ae0,30,18,3.33,4.5,1,0
18.0,13.0,1.0,2.0,1.0,1.0,94.44,5.56,5.56,0.0,0.0,11.11,6a71f25b56c0266186cf5b26,6a71f25a56c0266186cf5ae6,30,18,3.33,6.0,1,0
18.0,10.0,4.0,1.0,1.0,2.0,88.89,11.11,22.22,0.0,0.0,33.33,6a71f25b56c0266186cf5b26,6a71f25a56c0266186cf5afe,30,18,6.67,2.5,1,0
18.0,10.0,3.0,4.0,1.0,0.0,100.0,0.0,16.67,0.0,0.0,22.22,6a71f25b56c0266186cf5b26,6a71f25a56c0266186cf5b0a,30,18,0.0,4.0,1,0
18.0,12.0,3.0,2.0,0.0,1.0,94.44,5.56,16.67,0.0,0.0,33.33,6a71f25b56c0266186cf5b26,6a749bcdf6ccb57abf5e5d08,30,18,3.33,4.0,1,0
18.0,11.0,3.0,1.0,2.0,1.0,94.44,5.56,16.67,0.0,0.0,-22.22,6a71f25b56c0266186cf5b29,6a71f25956c0266186cf5ab6,30,18,3.33,4.0,1,0
18.0,14.0,2.0,1.0,0.0,1.0,94.44,5.56,11.11,0.0,0.0,22.22,6a71f25b56c0266186cf5b29,6a71f25956c0266186cf5ac2,30,18,6.67,3.5,1,0
18.0,10.0,6.0,1.0,1.0,0.0,100.0,0.0,33.33,0.0,0.0,11.11,6a71f25b56c0266186cf5b29,6a71f25a56c0266186cf5ada,30,18,3.33,3.5,1,0
18.0,13.0,0.0,5.0,0.0,0.0,100.0,0.0,0.0,0.0,0.0,-11.11,6a71f25b56c0266186cf5b29,6a71f25a56c0266186cf5ae6,30,18,0.0,6.5,1,0
18.0,11.0,2.0,5.0,0.0,0.0,100.0,0.0,11.11,0.0,0.0,-11.11,6a71f25b56c0266186cf5b29,6a71f25a56c0266186cf5af2,30,18,0.0,3.0,1,0
18.0,15.0,0.0,3.0,0.0,0.0,100.0,0.0,0.0,0.0,0.0,-33.33,6a71f25b56c0266186cf5b29,6a71f25a56c0266186cf5b04,30,18,3.33,4.5,1,0
18.0,11.0,3.0,0.0,2.0,2.0,88.89,11.11,16.67,33.33,1.0,-22.22,6a71f25b56c0266186cf5b29,6a71f25a56c0266186cf5b0a,30,18,10.0,0.5,1,0
18.0,10.0,3.0,1.0,3.0,1.0,94.44,5.56,16.67,0.0,0.0,-22.22,6a71f25b56c0266186cf5b29,6a749bcdf6ccb57abf5e5d08,30,18,6.67,2.5,1,0
18.0,11.0,3.0,2.0,0.0,2.0,88.89,11.11,16.67,0.0,0.0,-22.22,6a71f25b56c0266186cf5b2c,6a71f25956c0266186cf5ac8,30,18,10.0,0.5,1,0
18.0,11.0,3.0,2.0,2.0,0.0,100.0,0.0,16.67,0.0,0.0,22.22,6a71f25b56c0266186cf5b2c,6a71f25a56c0266186cf5ad4,30,18,3.33,4.5,1,0
18.0,12.0,2.0,2.0,1.0,1.0,94.44,5.56,11.11,33.33,0.0,11.11,6a71f25b56c0266186cf5b2c,6a71f25a56c0266186cf5ae0,30,18,6.67,1.5,1,0
18.0,10.0,4.0,0.0,2.0,2.0,88.89,11.11,22.22,0.0,0.0,0.0,6a71f25b56c0266186cf5b2c,6a71f25a56c0266186cf5af2,30,18,6.67,3.0,1,0
18.0,12.0,2.0,3.0,0.0,1.0,94.44,5.56,11.11,0.0,0.0,44.44,6a71f25b56c0266186cf5b2c,6a71f25a56c0266186cf5af8,30,18,3.33,3.5,1,0
18.0,15.0,2.0,0.0,0.0,1.0,94.44,5.56,11.11,0.0,0.0,-11.11,6a71f25b56c0266186cf5b2c,6a71f25a56c0266186cf5afe,30,18,3.33,4.5,1,0
18.0,11.0,3.0,2.0,1.0,1.0,94.44,5.56,16.67,0.0,0.0,-33.33,6a71f25b56c0266186cf5b2c,6a71f25a56c0266186cf5b04,30,18,3.33,5.0,1,0
18.0,12.0,2.0,2.0,0.0,2.0,88.89,11.11,11.11,0.0,0.0,0.0,6a71f25b56c0266186cf5b2c,6a749bcdf6ccb57abf5e5d08,30,18,6.67,1.5,1,0
18.0,9.0,6.0,1.0,1.0,1.0,94.44,5.56,33.33,0.0,0.0,22.22,6a71f25b56c0266186cf5b2f,6a71f25956c0266186cf5ab6,30,18,6.67,1.5,1,0
18.0,10.0,3.0,3.0,0.0,2.0,88.89,11.11,16.67,0.0,0.0,-11.11,6a71f25b56c0266186cf5b2f,6a71f25956c0266186cf5ac2,30,18,10.0,0.0,1,0
18.0,12.0,2.0,0.0,2.0,2.0,88.89,11.11,11.11,0.0,0.0,0.0,6a71f25b56c0266186cf5b2f,6a71f25a56c0266186cf5ad4,30,18,6.67,3.5,1,0
18.0,11.0,2.0,3.0,0.0,2.0,88.89,11.11,11.11,0.0,0.0,-33.33,6a71f25b56c0266186cf5b2f,6a71f25a56c0266186cf5ae0,30,18,6.67,3.5,1,0
18.0,12.0,2.0,1.0,1.0,2.0,88.89,11.11,11.11,0.0,0.0,-11.11,6a71f25b56c0266186cf5b2f,6a71f25a56c0266186cf5ae6,30,18,6.67,2.0,1,0
18.0,11.0,3.0,4.0,0.0,0.0,100.0,0.0,16.67,0.0,0.0,44.44,6a71f25b56c0266186cf5b2f,6a71f25a56c0266186cf5af8,30,18,3.33,2.5,1,0
18.0,10.0,3.0,5.0,0.0,0.0,100.0,0.0,16.67,0.0,0.0,-11.11,6a71f25b56c0266186cf5b2f,6a71f25a56c0266186cf5afe,30,18,0.0,4.5,1,0
18.0,12.0,3.0,1.0,0.0,2.0,88.89,11.11,16.67,0.0,0.0,-11.11,6a71f25b56c0266186cf5b2f,6a71f25a56c0266186cf5b04,30,18,10.0,1.5,1,0
18.0,11.0,2.0,2.0,0.0,3.0,83.33,16.67,11.11,0.0,0.0,-11.11,6a71f25b56c0266186cf5b32,6a71f25956c0266186cf5ab6,30,18,16.67,0.0,1,0
18.0,10.0,6.0,0.0,1.0,1.0,94.44,5.56,33.33,0.0,0.0,11.11,6a71f25b56c0266186cf5b32,6a71f25956c0266186cf5ace,30,18,6.67,2.0,1,0
18.0,14.0,1.0,1.0,1.0,1.0,94.44,5.56,5.56,0.0,0.0,22.22,6a71f25b56c0266186cf5b32,6a71f25a56c0266186cf5ada,30,18,3.33,6.5,1,0
18.0,11.0,6.0,1.0,0.0,0.0,100.0,0.0,33.33,0.0,0.0,11.11,6a71f25b56c0266186cf5b32,6a71f25a56c0266186cf5aec,30,18,3.33,3.5,1,0
18.0,10.0,4.0,3.0,0.0,1.0,94.44,5.56,22.22,0.0,0.0,22.22,6a71f25b56c0266186cf5b32,6a71f25a56c0266186cf5af2,30,18,6.67,1.5,1,0
18.0,14.0,1.0,1.0,0.0,2.0,88.89,11.11,5.56,0.0,0.0,33.33,6a71f25b56c0266186cf5b32,6a71f25a56c0266186cf5afe,30,18,6.67,3.5,1,0
18.0,11.0,3.0,4.0,0.0,0.0,100.0,0.0,16.67,0.0,0.0,22.22,6a71f25b56c0266186cf5b32,6a71f25a56c0266186cf5b04,30,18,0.0,5.5,1,0
18.0,11.0,4.0,1.0,0.0,2.0,88.89,11.11,22.22,0.0,0.0,33.33,6a71f25b56c0266186cf5b35,6a71f25956c0266186cf5ab6,30,18,6.67,1.5,1,0
18.0,12.0,3.0,1.0,2.0,0.0,100.0,0.0,16.67,0.0,0.0,11.11,6a71f25b56c0266186cf5b35,6a71f25956c0266186cf5ac2,30,18,0.0,6.5,1,0
18.0,15.0,1.0,1.0,0.0,1.0,94.44,5.56,5.56,33.33,1.0,-22.22,6a71f25b56c0266186cf5b35,6a71f25956c0266186cf5ac8,30,18,6.67,3.0,1,0
18.0,10.0,4.0,4.0,0.0,0.0,100.0,0.0,22.22,0.0,0.0,0.0,6a71f25b56c0266186cf5b35,6a71f25a56c0266186cf5ae0,30,18,3.33,3.5,1,0
18.0,12.0,4.0,1.0,0.0,1.0,94.44,5.56,22.22,0.0,0.0,22.22,6a71f25b56c0266186cf5b35,6a71f25a56c0266186cf5af8,30,18,3.33,3.0,1,0
18.0,12.0,4.0,0.0,1.0,1.0,94.44,5.56,22.22,33.33,0.0,-11.11,6a71f25b56c0266186cf5b35,6a71f25a56c0266186cf5b0a,30,18,3.33,4.5,1,0
18.0,11.0,3.0,4.0,0.0,0.0,100.0,0.0,16.67,0.0,0.0,-22.22,6a71f25b56c0266186cf5b38,6a71f25956c0266186cf5abc,30,18,0.0,5.0,1,0
18.0,11.0,6.0,0.0,1.0,0.0,100.0,0.0,33.33,0.0,0.0,0.0,6a71f25b56c0266186cf5b38,6a71f25956c0266186cf5ac2,30,18,6.67,2.0,1,0
18.0,13.0,2.0,1.0,0.0,2.0,88.89,11.11,11.11,0.0,0.0,11.11,6a71f25b56c0266186cf5b38,6a71f25956c0266186cf5ace,30,18,20.0,0.0,1,0
18.0,11.0,5.0,2.0,0.0,0.0,100.0,0.0,27.78,0.0,0.0,0.0,6a71f25b56c0266186cf5b38,6a71f25a56c0266186cf5ad4,30,18,0.0,4.0,1,0
18.0,8.0,2.0,5.0,1.0,2.0,88.89,11.11,11.11,0.0,0.0,-33.33,6a71f25b56c0266186cf5b38,6a71f25a56c0266186cf5ae0,30,18,10.0,0.0,1,0
18.0,13.0,2.0,0.0,1.0,2.0,88.89,11.11,11.11,0.0,0.0,0.0,6a71f25b56c0266186cf5b38,6a71f25a56c0266186cf5af2,30,18,10.0,2.0,1,0
18.0,11.0,4.0,1.0,1.0,1.0,94.44,5.56,22.22,0.0,0.0,0.0,6a71f25b56c0266186cf5b38,6a71f25a56c0266186cf5b04,30,18,10.0,0.5,1,0
18.0,11.0,2.0,1.0,1.0,3.0,83.33,16.67,11.11,33.33,1.0,22.22,6a71f25b56c0266186cf5b3b,6a71f25956c0266186cf5ab6,30,18,10.0,1.5,1,0
18.0,12.0,4.0,2.0,0.0,0.0,100.0,0.0,22.22,0.0,0.0,22.22,6a71f25b56c0266186cf5b3b,6a71f25956c0266186cf5ac8,30,18,3.33,4.0,1,0
18.0,12.0,3.0,2.0,1.0,0.0,100.0,0.0,16.67,0.0,0.0,-22.22,6a71f25b56c0266186cf5b3b,6a71f25a56c0266186cf5ad4,30,18,0.0,7.0,0,0
18.0,12.0,2.0,2.0,0.0,2.0,88.89,11.11,11.11,0.0,0.0,-22.22,6a71f25b56c0266186cf5b3b,6a71f25a56c0266186cf5ada,30,18,10.0,1.5,1,0
18.0,12.0,1.0,3.0,1.0,1.0,94.44,5.56,5.56,0.0,0.0,-22.22,6a71f25b56c0266186cf5b3b,6a71f25a56c0266186cf5ae6,30,18,3.33,4.0,1,0
18.0,9.0,5.0,3.0,1.0,0.0,100.0,0.0,27.78,0.0,0.0,-11.11,6a71f25b56c0266186cf5b3b,6a71f25a56c0266186cf5aec,30,18,3.33,2.0,1,0
18.0,11.0,1.0,3.0,2.0,1.0,94.44,5.56,5.56,0.0,0.0,44.44,6a71f25b56c0266186cf5b3b,6a71f25a56c0266186cf5afe,30,18,6.67,2.5,1,0
18.0,12.0,3.0,2.0,0.0,1.0,94.44,5.56,16.67,33.33,0.0,-11.11,6a71f25b56c0266186cf5b3b,6a71f25a56c0266186cf5b04,30,18,3.33,4.5,1,0
18.0,11.0,4.0,1.0,2.0,0.0,100.0,0.0,22.22,0.0,0.0,-11.11,6a71f25b56c0266186cf5b3e,6a71f25956c0266186cf5ab6,30,18,0.0,6.5,1,0
18.0,11.0,5.0,1.0,0.0,1.0,94.44,5.56,27.78,0.0,0.0,22.22,6a71f25b56c0266186cf5b3e,6a71f25956c0266186cf5ac2,30,18,10.0,0.0,1,0
18.0,8.0,5.0,4.0,1.0,0.0,100.0,0.0,27.78,0.0,0.0,0.0,6a71f25b56c0266186cf5b3e,6a71f25956c0266186cf5ac8,30,18,0.0,4.0,1,0
18.0,15.0,1.0,0.0,1.0,1.0,94.44,5.56,5.56,0.0,0.0,-11.11,6a71f25b56c0266186cf5b3e,6a71f25a56c0266186cf5ada,30,18,6.67,4.5,1,0
18.0,11.0,2.0,3.0,1.0,1.0,94.44,5.56,11.11,0.0,0.0,0.0,6a71f25b56c0266186cf5b3e,6a71f25a56c0266186cf5ae0,30,18,6.67,3.0,1,0
18.0,15.0,1.0,0.0,1.0,1.0,94.44,5.56,5.56,33.33,1.0,-11.11,6a71f25b56c0266186cf5b3e,6a71f25a56c0266186cf5ae6,30,18,3.33,5.5,1,0
18.0,10.0,2.0,4.0,0.0,2.0,88.89,11.11,11.11,0.0,0.0,0.0,6a71f25b56c0266186cf5b3e,6a71f25a56c0266186cf5af2,30,18,6.67,2.5,1,0
18.0,17.0,0.0,0.0,0.0,1.0,94.44,5.56,0.0,33.33,0.0,-11.11,6a71f25b56c0266186cf5b3e,6a71f25a56c0266186cf5afe,30,18,6.67,4.0,1,0
18.0,13.0,3.0,0.0,2.0,0.0,100.0,0.0,16.67,0.0,0.0,0.0,6a71f25b56c0266186cf5b3e,6a71f25a56c0266186cf5b04,30,18,0.0,7.5,0,0
18.0,10.0,3.0,1.0,2.0,2.0,88.89,11.11,16.67,0.0,0.0,11.11,6a71f25b56c0266186cf5b3e,6a71f25a56c0266186cf5b0a,30,18,10.0,1.5,1,0
18.0,11.0,2.0,2.0,1.0,2.0,88.89,11.11,11.11,33.33,1.0,0.0,6a71f25b56c0266186cf5b41,6a71f25956c0266186cf5ace,30,18,6.67,2.5,1,0
18.0,11.0,4.0,2.0,0.0,1.0,94.44,5.56,22.22,0.0,0.0,-11.11,6a71f25b56c0266186cf5b41,6a71f25a56c0266186cf5ad4,30,18,6.67,2.0,1,0
18.0,15.0,1.0,2.0,0.0,0.0,100.0,0.0,5.56,0.0,0.0,-22.22,6a71f25b56c0266186cf5b41,6a71f25a56c0266186cf5afe,30,18,0.0,8.0,0,0
18.0,14.0,1.0,0.0,1.0,2.0,88.89,11.11,5.56,0.0,0.0,0.0,6a71f25b56c0266186cf5b41,6a71f25a56c0266186cf5b04,30,18,10.0,1.5,1,0
18.0,12.0,3.0,2.0,0.0,1.0,94.44,5.56,16.67,33.33,1.0,11.11,6a71f25b56c0266186cf5b41,6a749bcdf6ccb57abf5e5d08,30,18,6.67,3.0,1,0
18.0,10.0,2.0,4.0,0.0,2.0,88.89,11.11,11.11,33.33,0.0,22.22,6a71f25c56c0266186cf5b44,6a71f25956c0266186cf5ab6,30,18,6.67,2.0,1,0
18.0,13.0,1.0,3.0,0.0,1.0,94.44,5.56,5.56,33.33,0.0,0.0,6a71f25c56c0266186cf5b44,6a71f25956c0266186cf5ace,30,18,6.67,2.5,1,0
18.0,13.0,1.0,1.0,2.0,1.0,94.44,5.56,5.56,0.0,0.0,22.22,6a71f25c56c0266186cf5b44,6a71f25a56c0266186cf5ada,30,18,10.0,2.0,1,0
18.0,8.0,7.0,2.0,0.0,1.0,94.44,5.56,38.89,0.0,0.0,11.11,6a71f25c56c0266186cf5b44,6a71f25a56c0266186cf5ae0,30,18,3.33,1.5,1,0
18.0,9.0,6.0,2.0,0.0,1.0,94.44,5.56,33.33,0.0,0.0,11.11,6a71f25c56c0266186cf5b44,6a71f25a56c0266186cf5aec,30,18,3.33,3.5,1,0
18.0,10.0,5.0,2.0,0.0,1.0,94.44,5.56,27.78,0.0,0.0,-11.11,6a71f25c56c0266186cf5b44,6a71f25a56c0266186cf5af8,30,18,10.0,0.0,1,0
18.0,13.0,4.0,0.0,0.0,1.0,94.44,5.56,22.22,0.0,0.0,11.11,6a71f25c56c0266186cf5b44,6a71f25a56c0266186cf5afe,30,18,6.67,2.5,1,0
18.0,14.0,3.0,0.0,0.0,1.0,94.44,5.56,16.67,33.33,0.0,-11.11,6a71f25c56c0266186cf5b44,6a71f25a56c0266186cf5b04,30,18,3.33,6.0,1,0
18.0,9.0,3.0,3.0,2.0,1.0,94.44,5.56,16.67,33.33,1.0,-22.22,6a71f25c56c0266186cf5b44,6a71f25a56c0266186cf5b0a,30,18,6.67,0.5,1,0
18.0,10.0,5.0,1.0,1.0,1.0,94.44,5.56,27.78,0.0,0.0,-22.22,6a71f25c56c0266186cf5b47,6a71f25956c0266186cf5ab6,30,18,3.33,2.5,1,0
18.0,16.0,0.0,1.0,1.0,0.0,100.0,0.0,0.0,0.0,0.0,11.11,6a71f25c56c0266186cf5b47,6a71f25956c0266186cf5abc,30,18,0.0,8.0,0,0
18.0,14.0,1.0,2.0,0.0,1.0,94.44,5.56,5.56,33.33,1.0,-11.11,6a71f25c56c0266186cf5b47,6a71f25956c0266186cf5ac8,30,18,3.33,3.5,1,0
18.0,13.0,2.0,0.0,2.0,1.0,94.44,5.56,11.11,0.0,0.0,11.11,6a71f25c56c0266186cf5b47,6a71f25956c0266186cf5ace,30,18,6.67,4.0,1,0
18.0,9.0,3.0,1.0,1.0,4.0,77.78,22.22,16.67,0.0,0.0,11.11,6a71f25c56c0266186cf5b47,6a71f25a56c0266186cf5ae0,30,18,13.33,0.0,1,0
18.0,8.0,6.0,2.0,1.0,1.0,94.44,5.56,33.33,0.0,0.0,33.33,6a71f25c56c0266186cf5b47,6a71f25a56c0266186cf5af2,30,18,3.33,3.0,1,0
18.0,13.0,1.0,2.0,0.0,2.0,88.89,11.11,5.56,33.33,0.0,-22.22,6a71f25c56c0266186cf5b47,6a71f25a56c0266186cf5af8,30,18,6.67,2.5,1,0
18.0,10.0,6.0,2.0,0.0,0.0,100.0,0.0,33.33,0.0,0.0,22.22,6a71f25c56c0266186cf5b47,6a71f25a56c0266186cf5afe,30,18,0.0,4.5,1,0
18.0,11.0,1.0,5.0,1.0,0.0,100.0,0.0,5.56,0.0,0.0,11.11,6a71f25c56c0266186cf5b4a,6a71f25956c0266186cf5ac2,30,18,0.0,6.0,1,0
18.0,12.0,3.0,3.0,0.0,0.0,100.0,0.0,16.67,0.0,0.0,11.11,6a71f25c56c0266186cf5b4a,6a71f25956c0266186cf5ac8,30,18,0.0,4.0,1,0
18.0,11.0,4.0,0.0,2.0,1.0,94.44,5.56,22.22,33.33,1.0,-11.11,6a71f25c56c0266186cf5b4a,6a71f25a56c0266186cf5ae6,30,18,3.33,4.0,1,0
18.0,12.0,2.0,1.0,0.0,3.0,83.33,16.67,11.11,33.33,0.0,0.0,6a71f25c56c0266186cf5b4a,6a71f25a56c0266186cf5aec,30,18,10.0,0.0,1,0
18.0,12.0,2.0,2.0,1.0,1.0,94.44,5.56,11.11,0.0,0.0,-11.11,6a71f25c56c0266186cf5b4a,6a71f25a56c0266186cf5af8,30,18,6.67,2.5,1,0
18.0,12.0,4.0,0.0,0.0,2.0,88.89,11.11,22.22,33.33,0.0,0.0,6a71f25c56c0266186cf5b4a,6a71f25a56c0266186cf5afe,30,18,6.67,3.0,1,0
18.0,9.0,7.0,2.0,0.0,0.0,100.0,0.0,38.89,0.0,0.0,0.0,6a71f25c56c0266186cf5b4a,6a71f25a56c0266186cf5b04,30,18,0.0,4.0,1,0
18.0,13.0,1.0,1.0,1.0,2.0,88.89,11.11,5.56,33.33,0.0,11.11,6a71f25c56c0266186cf5b4a,6a71f25a56c0266186cf5b0a,30,18,10.0,1.5,1,0
18.0,12.0,2.0,3.0,0.0,1.0,94.44,5.56,11.11,33.33,0.0,0.0,6a71f25c56c0266186cf5b4d,6a71f25956c0266186cf5ace,30,18,3.33,5.0,1,0
18.0,10.0,3.0,3.0,2.0,0.0,100.0,0.0,16.67,0.0,0.0,33.33,6a71f25c56c0266186cf5b4d,6a71f25a56c0266186cf5ad4,30,18,6.67,2.0,1,0
18.0,14.0,0.0,1.0,1.0,2.0,88.89,11.11,0.0,33.33,1.0,11.11,6a71f25c56c0266186cf5b4d,6a71f25a56c0266186cf5ada,30,18,10.0,3.5,1,0
18.0,10.0,3.0,1.0,2.0,2.0,88.89,11.11,16.67,33.33,1.0,-11.11,6a71f25c56c0266186cf5b4d,6a71f25a56c0266186cf5ae0,30,18,6.67,3.0,1,0
18.0,11.0,3.0,2.0,0.0,2.0,88.89,11.11,16.67,33.33,0.0,-44.44,6a71f25c56c0266186cf5b4d,6a749bcdf6ccb57abf5e5d08,30,18,6.67,2.5,1,0
18.0,9.0,4.0,4.0,1.0,0.0,100.0,0.0,22.22,0.0,0.0,0.0,6a71f25c56c0266186cf5b50,6a71f25956c0266186cf5ab6,30,18,3.33,3.5,1,0
18.0,10.0,4.0,1.0,1.0,2.0,88.89,11.11,22.22,33.33,0.0,11.11,6a71f25c56c0266186cf5b50,6a71f25956c0266186cf5abc,30,18,6.67,1.0,1,0
18.0,11.0,1.0,3.0,1.0,2.0,88.89,11.11,5.56,0.0,0.0,-11.11,6a71f25c56c0266186cf5b50,6a71f25a56c0266186cf5ada,30,18,6.67,2.5,1,0
18.0,9.0,5.0,3.0,0.0,1.0,94.44,5.56,27.78,0.0,0.0,0.0,6a71f25c56c0266186cf5b50,6a71f25a56c0266186cf5ae0,30,18,6.67,0.0,1,0
18.0,11.0,2.0,5.0,0.0,0.0,100.0,0.0,11.11,0.0,0.0,11.11,6a71f25c56c0266186cf5b50,6a71f25a56c0266186cf5af2,30,18,0.0,5.5,1,0
18.0,10.0,1.0,4.0,1.0,2.0,88.89,11.11,5.56,33.33,0.0,22.22,6a71f25c56c0266186cf5b50,6a71f25a56c0266186cf5af8,30,18,6.67,1.0,1,0
18.0,13.0,1.0,2.0,1.0,1.0,94.44,5.56,5.56,33.33,0.0,11.11,6a71f25c56c0266186cf5b50,6a749bcdf6ccb57abf5e5d08,30,18,3.33,5.0,1,0
18.0,15.0,1.0,0.0,0.0,2.0,88.89,11.11,5.56,0.0,0.0,22.22,6a71f25c56c0266186cf5b53,6a71f25a56c0266186cf5ad4,30,18,13.33,0.5,1,0
18.0,15.0,0.0,2.0,1.0,0.0,100.0,0.0,0.0,0.0,0.0,22.22,6a71f25c56c0266186cf5b53,6a71f25a56c0266186cf5ada,30,18,0.0,7.5,0,0
18.0,11.0,3.0,2.0,0.0,2.0,88.89,11.11,16.67,0.0,0.0,0.0,6a71f25c56c0266186cf5b53,6a71f25a56c0266186cf5ae0,30,18,6.67,1.5,1,0
18.0,9.0,3.0,3.0,1.0,2.0,88.89,11.11,16.67,0.0,0.0,-11.11,6a71f25c56c0266186cf5b53,6a71f25a56c0266186cf5ae6,30,18,6.67,3.0,1,0
18.0,12.0,3.0,2.0,0.0,1.0,94.44,5.56,16.67,0.0,0.0,-11.11,6a71f25c56c0266186cf5b53,6a71f25a56c0266186cf5af2,30,18,3.33,5.0,1,0
18.0,11.0,5.0,1.0,1.0,0.0,100.0,0.0,27.78,0.0,0.0,-11.11,6a71f25c56c0266186cf5b53,6a71f25a56c0266186cf5b04,30,18,6.67,1.0,1,0
18.0,14.0,1.0,1.0,2.0,0.0,100.0,0.0,5.56,0.0,0.0,11.11,6a71f25c56c0266186cf5b53,6a71f25a56c0266186cf5b0a,30,18,0.0,6.5,1,0
18.0,14.0,1.0,2.0,1.0,0.0,100.0,0.0,5.56,0.0,0.0,0.0,6a71f25c56c0266186cf5b56,6a71f25a56c0266186cf5ad4,30,18,0.0,6.0,1,0
18.0,10.0,2.0,2.0,1.0,3.0,83.33,16.67,11.11,0.0,0.0,11.11,6a71f25c56c0266186cf5b56,6a71f25a56c0266186cf5aec,30,18,16.67,0.0,1,0
18.0,11.0,4.0,0.0,1.0,2.0,88.89,11.11,22.22,0.0,0.0,22.22,6a71f25c56c0266186cf5b56,6a71f25a56c0266186cf5af2,30,18,16.67,0.0,1,0
18.0,9.0,6.0,0.0,3.0,0.0,100.0,0.0,33.33,0.0,0.0,0.0,6a71f25c56c0266186cf5b56,6a71f25a56c0266186cf5b04,30,18,13.33,0.0,1,0
18.0,12.0,0.0,4.0,1.0,1.0,94.44,5.56,0.0,33.33,0.0,-11.11,6a71f25c56c0266186cf5b56,6a749bcdf6ccb57abf5e5d08,30,18,6.67,1.5,1,0
18.0,15.0,2.0,0.0,0.0,1.0,94.44,5.56,11.11,0.0,0.0,11.11,6a71f25c56c0266186cf5b59,6a71f25956c0266186cf5abc,30,18,3.33,5.0,1,0
18.0,10.0,6.0,0.0,2.0,0.0,100.0,0.0,33.33,0.0,0.0,0.0,6a71f25c56c0266186cf5b59,6a71f25956c0266186cf5ac8,30,18,0.0,5.0,1,0
18.0,10.0,2.0,4.0,1.0,1.0,94.44,5.56,11.11,0.0,0.0,33.33,6a71f25c56c0266186cf5b59,6a71f25956c0266186cf5ace,30,18,6.67,1.5,1,0
18.0,11.0,1.0,4.0,1.0,1.0,94.44,5.56,5.56,0.0,0.0,-11.11,6a71f25c56c0266186cf5b59,6a71f25a56c0266186cf5ad4,30,18,10.0,0.0,1,0
18.0,9.0,4.0,1.0,1.0,3.0,83.33,16.67,22.22,0.0,0.0,0.0,6a71f25c56c0266186cf5b59,6a71f25a56c0266186cf5aec,30,18,13.33,0.0,1,0
18.0,10.0,4.0,2.0,1.0,1.0,94.44,5.56,22.22,0.0,0.0,33.33,6a71f25c56c0266186cf5b59,6a71f25a56c0266186cf5af8,30,18,3.33,3.0,1,0
18.0,11.0,3.0,1.0,0.0,3.0,83.33,16.67,16.67,33.33,0.0,0.0,6a71f25c56c0266186cf5b59,6a71f25a56c0266186cf5afe,30,18,10.0,0.5,1,0
18.0,14.0,2.0,1.0,0.0,1.0,94.44,5.56,11.11,33.33,0.0,0.0,6a71f25c56c0266186cf5b59,6a71f25a56c0266186cf5b0a,30,18,6.67,3.5,1,0
18.0,11.0,5.0,0.0,1.0,1.0,94.44,5.56,27.78,0.0,0.0,-11.11,6a71f25c56c0266186cf5b5c,6a71f25956c0266186cf5abc,30,18,3.33,4.5,1,0
18.0,11.0,4.0,0.0,2.0,1.0,94.44,5.56,22.22,0.0,0.0,11.11,6a71f25c56c0266186cf5b5c,6a71f25956c0266186cf5ace,30,18,3.33,4.0,1,0
18.0,12.0,3.0,0.0,2.0,1.0,94.44,5.56,16.67,0.0,0.0,11.11,6a71f25c56c0266186cf5b5c,6a71f25a56c0266186cf5ada,30,18,3.33,4.0,1,0
18.0,13.0,0.0,1.0,0.0,4.0,77.78,22.22,0.0,33.33,0.0,-33.33,6a71f25c56c0266186cf5b5c,6a71f25a56c0266186cf5ae6,30,18,16.67,0.0,1,0
18.0,12.0,3.0,3.0,0.0,0.0,100.0,0.0,16.67,0.0,0.0,-11.11,6a71f25c56c0266186cf5b5c,6a71f25a56c0266186cf5aec,30,18,0.0,5.5,1,0
18.0,11.0,5.0,1.0,1.0,0.0,100.0,0.0,27.78,0.0,0.0,11.11,6a71f25c56c0266186cf5b5c,6a71f25a56c0266186cf5afe,30,18,0.0,6.0,1,0
18.0,11.0,3.0,0.0,3.0,1.0,94.44,5.56,16.67,0.0,0.0,11.11,6a71f25c56c0266186cf5b5c,6a71f25a56c0266186cf5b04,30,18,3.33,4.5,1,0
18.0,10.0,4.0,2.0,1.0,1.0,94.44,5.56,22.22,0.0,0.0,11.11,6a71f25c56c0266186cf5b5f,6a71f25956c0266186cf5ac8,30,18,6.67,1.5,1,0
18.0,11.0,3.0,1.0,2.0,1.0,94.44,5.56,16.67,0.0,0.0,0.0,6a71f25c56c0266186cf5b5f,6a71f25a56c0266186cf5b04,30,18,6.67,3.5,1,0
18.0,7.0,6.0,1.0,0.0,4.0,77.78,22.22,33.33,0.0,0.0,11.11,6a71f25c56c0266186cf5b62,6a71f25a56c0266186cf5ad4,30,18,13.33,0.0,1,0
18.0,12.0,2.0,4.0,0.0,0.0,100.0,0.0,11.11,0.0,0.0,22.22,6a71f25c56c0266186cf5b62,6a71f25a56c0266186cf5ae0,30,18,0.0,5.0,1,0
18.0,10.0,5.0,0.0,1.0,2.0,88.89,11.11,27.78,0.0,0.0,0.0,6a71f25c56c0266186cf5b62,6a71f25a56c0266186cf5ae6,30,18,10.0,0.0,1,0
18.0,12.0,3.0,0.0,1.0,2.0,88.89,11.11,16.67,66.67,2.0,-22.22,6a71f25c56c0266186cf5b62,6a71f25a56c0266186cf5afe,30,18,10.0,2.0,1,0
18.0,11.0,4.0,0.0,1.0,2.0,88.89,11.11,22.22,33.33,1.0,0.0,6a71f25c56c0266186cf5b62,6a71f25a56c0266186cf5b04,30,18,6.67,1.0,1,0
18.0,10.0,5.0,1.0,1.0,1.0,94.44,5.56,27.78,0.0,0.0,22.22,6a71f25c56c0266186cf5b65,6a71f25956c0266186cf5ab6,30,18,3.33,3.0,1,0
18.0,14.0,1.0,1.0,1.0,1.0,94.44,5.56,5.56,0.0,0.0,-22.22,6a71f25c56c0266186cf5b65,6a71f25a56c0266186cf5ada,30,18,3.33,5.5,1,0
18.0,13.0,2.0,0.0,2.0,1.0,94.44,5.56,11.11,33.33,0.0,-11.11,6a71f25c56c0266186cf5b65,6a71f25a56c0266186cf5ae6,30,18,3.33,5.0,1,0
18.0,6.0,8.0,2.0,2.0,0.0,100.0,0.0,44.44,0.0,0.0,0.0,6a71f25c56c0266186cf5b65,6a71f25a56c0266186cf5af8,30,18,0.0,3.0,1,0
18.0,13.0,1.0,4.0,0.0,0.0,100.0,0.0,5.56,0.0,0.0,0.0,6a71f25c56c0266186cf5b65,6a71f25a56c0266186cf5b0a,30,18,0.0,6.5,1,0
18.0,12.0,2.0,1.0,0.0,3.0,83.33,16.67,11.11,33.33,0.0,22.22,6a71f25c56c0266186cf5b68,6a71f25956c0266186cf5ab6,30,18,10.0,0.5,1,0
18.0,16.0,0.0,1.0,0.0,1.0,94.44,5.56,0.0,0.0,0.0,-22.22,6a71f25c56c0266186cf5b68,6a71f25a56c0266186cf5ad4,30,18,6.67,5.0,1,0
18.0,14.0,3.0,0.0,0.0,1.0,94.44,5.56,16.67,33.33,1.0,-11.11,6a71f25c56c0266186cf5b68,6a71f25a56c0266186cf5ae0,30,18,3.33,5.0,1,0
18.0,9.0,5.0,3.0,1.0,0.0,100.0,0.0,27.78,0.0,0.0,-33.33,6a71f25c56c0266186cf5b68,6a71f25a56c0266186cf5aec,30,18,3.33,1.0,1,0
18.0,13.0,3.0,0.0,0.0,2.0,88.89,11.11,16.67,33.33,1.0,-22.22,6a71f25c56c0266186cf5b68,6a71f25a56c0266186cf5afe,30,18,6.67,1.5,1,0
18.0,14.0,0.0,1.0,0.0,3.0,83.33,16.67,0.0,0.0,0.0,44.44,6a71f25c56c0266186cf5b68,6a749bcdf6ccb57abf5e5d08,30,18,13.33,0.0,1,0
18.0,14.0,3.0,0.0,0.0,1.0,94.44,5.56,16.67,0.0,0.0,11.11,6a71f25c56c0266186cf5b6b,6a71f25956c0266186cf5ab6,30,18,10.0,0.0,1,0
18.0,13.0,2.0,2.0,0.0,1.0,94.44,5.56,11.11,33.33,0.0,11.11,6a71f25c56c0266186cf5b6b,6a71f25956c0266186cf5ace,30,18,3.33,4.0,1,0
18.0,13.0,1.0,3.0,1.0,0.0,100.0,0.0,5.56,0.0,0.0,-11.11,6a71f25c56c0266186cf5b6b,6a71f25a56c0266186cf5ae6,30,18,0.0,7.0,0,0
18.0,9.0,5.0,0.0,2.0,2.0,88.89,11.11,27.78,66.67,0.0,-22.22,6a71f25c56c0266186cf5b6b,6a71f25a56c0266186cf5aec,30,18,6.67,2.0,1,0
18.0,13.0,2.0,1.0,0.0,2.0,88.89,11.11,11.11,33.33,1.0,11.11,6a71f25c56c0266186cf5b6b,6a71f25a56c0266186cf5b04,30,18,16.67,0.0,1,0
18.0,8.0,6.0,3.0,1.0,0.0,100.0,0.0,33.33,0.0,0.0,33.33,6a71f25c56c0266186cf5b6e,6a71f25956c0266186cf5ab6,30,18,3.33,2.0,1,0
18.0,9.0,4.0,2.0,1.0,2.0,88.89,11.11,22.22,0.0,0.0,0.0,6a71f25c56c0266186cf5b6e,6a71f25a56c0266186cf5ada,30,18,6.67,2.5,1,0
18.0,17.0,0.0,1.0,0.0,0.0,100.0,0.0,0.0,0.0,0.0,11.11,6a71f25c56c0266186cf5b6e,6a71f25a56c0266186cf5aec,30,18,0.0,8.0,0,0
18.0,12.0,2.0,2.0,1.0,1.0,94.44,5.56,11.11,0.0,0.0,11.11,6a71f25c56c0266186cf5b6e,6a71f25a56c0266186cf5af8,30,18,10.0,2.0,1,0
18.0,12.0,1.0,2.0,0.0,3.0,83.33,16.67,5.56,0.0,0.0,-33.33,6a71f25c56c0266186cf5b6e,6a71f25a56c0266186cf5afe,30,18,10.0,1.0,1,0
18.0,14.0,1.0,0.0,0.0,3.0,83.33,16.67,5.56,33.33,1.0,-33.33,6a71f25c56c0266186cf5b71,6a71f25956c0266186cf5ab6,30,18,13.33,0.5,1,0
18.0,11.0,2.0,1.0,1.0,3.0,83.33,16.67,11.11,0.0,0.0,-22.22,6a71f25c56c0266186cf5b71,6a71f25956c0266186cf5abc,30,18,13.33,0.0,1,0
18.0,12.0,3.0,2.0,0.0,1.0,94.44,5.56,16.67,33.33,1.0,-11.11,6a71f25c56c0266186cf5b71,6a71f25956c0266186cf5ac2,30,18,3.33,3.5,1,0
18.0,14.0,2.0,0.0,0.0,2.0,88.89,11.11,11.11,33.33,0.0,0.0,6a71f25c56c0266186cf5b71,6a71f25956c0266186cf5ace,30,18,10.0,0.5,1,0
18.0,14.0,1.0,1.0,1.0,1.0,94.44,5.56,5.56,33.33,0.0,-22.22,6a71f25c56c0266186cf5b71,6a71f25a56c0266186cf5b04,30,18,6.67,4.0,1,0
18.0,15.0,1.0,1.0,0.0,1.0,94.44,5.56,5.56,33.33,0.0,-22.22,6a71f25c56c0266186cf5b74,6a71f25956c0266186cf5ac2,30,18,3.33,6.0,1,0
18.0,11.0,3.0,3.0,1.0,0.0,100.0,0.0,16.67,0.0,0.0,-33.33,6a71f25c56c0266186cf5b74,6a71f25a56c0266186cf5ada,30,18,3.33,4.5,1,0
18.0,11.0,2.0,2.0,2.0,1.0,94.44,5.56,11.11,0.0,0.0,-11.11,6a71f25c56c0266186cf5b74,6a71f25a56c0266186cf5ae0,30,18,6.67,2.5,1,0
18.0,13.0,0.0,3.0,1.0,1.0,94.44,5.56,0.0,0.0,0.0,44.44,6a71f25c56c0266186cf5b74,6a71f25a56c0266186cf5af8,30,18,3.33,5.5,1,0
18.0,11.0,1.0,4.0,1.0,1.0,94.44,5.56,5.56,0.0,0.0,11.11,6a71f25c56c0266186cf5b77,6a71f25956c0266186cf5abc,30,18,6.67,1.5,1,0
18.0,13.0,3.0,0.0,1.0,1.0,94.44,5.56,16.67,33.33,0.0,-11.11,6a71f25c56c0266186cf5b77,6a71f25956c0266186cf5ace,30,18,3.33,5.5,1,0
18.0,11.0,3.0,1.0,1.0,2.0,88.89,11.11,16.67,0.0,0.0,33.33,6a71f25c56c0266186cf5b77,6a71f25a56c0266186cf5ae0,30,18,6.67,2.0,1,0
18.0,13.0,3.0,0.0,0.0,2.0,88.89,11.11,16.67,0.0,0.0,22.22,6a71f25c56c0266186cf5b77,6a71f25a56c0266186cf5aec,30,18,6.67,3.5,1,0
18.0,11.0,4.0,0.0,1.0,2.0,88.89,11.11,22.22,0.0,0.0,0.0,6a71f25c56c0266186cf5b77,6a71f25a56c0266186cf5af2,30,18,10.0,0.0,1,0
18.0,11.0,1.0,4.0,0.0,2.0,88.89,11.11,5.56,0.0,0.0,22.22,6a71f25c56c0266186cf5b77,6a71f25a56c0266186cf5af8,30,18,6.67,1.5,1,0
18.0,15.0,0.0,1.0,2.0,0.0,100.0,0.0,0.0,0.0,0.0,-11.11,6a71f25c56c0266186cf5b77,6a71f25a56c0266186cf5afe,30,18,0.0,8.5,0,0
18.0,9.0,6.0,2.0,0.0,1.0,94.44,5.56,33.33,0.0,0.0,33.33,6a71f25c56c0266186cf5b77,6a71f25a56c0266186cf5b04,30,18,6.67,1.0,1,0
18.0,10.0,3.0,3.0,1.0,1.0,94.44,5.56,16.67,0.0,0.0,44.44,6a71f25c56c0266186cf5b7a,6a71f25956c0266186cf5abc,30,18,3.33,4.0,1,0
18.0,13.0,0.0,1.0,1.0,3.0,83.33,16.67,0.0,33.33,0.0,22.22,6a71f25c56c0266186cf5b7a,6a71f25956c0266186cf5ac2,30,18,10.0,2.5,1,0
18.0,10.0,4.0,1.0,0.0,3.0,83.33,16.67,22.22,33.33,1.0,22.22,6a71f25c56c0266186cf5b7a,6a71f25956c0266186cf5ace,30,18,10.0,0.5,1,0
18.0,11.0,1.0,2.0,3.0,1.0,94.44,5.56,5.56,0.0,0.0,11.11,6a71f25c56c0266186cf5b7a,6a71f25a56c0266186cf5ad4,30,18,3.33,5.5,1,0
18.0,10.0,4.0,2.0,0.0,2.0,88.89,11.11,22.22,0.0,0.0,44.44,6a71f25d56c0266186cf5b7d,6a71f25956c0266186cf5abc,30,18,10.0,0.5,1,0
18.0,11.0,2.0,2.0,1.0,2.0,88.89,11.11,11.11,0.0,0.0,22.22,6a71f25d56c0266186cf5b7d,6a71f25956c0266186cf5ac2,30,18,10.0,0.5,1,0
18.0,12.0,2.0,1.0,2.0,1.0,94.44,5.56,11.11,0.0,0.0,-22.22,6a71f25d56c0266186cf5b7d,6a71f25a56c0266186cf5afe,30,18,3.33,3.5,1,0
18.0,12.0,2.0,3.0,0.0,1.0,94.44,5.56,11.11,0.0,0.0,0.0,6a71f25d56c0266186cf5b80,6a71f25956c0266186cf5ace,30,18,3.33,4.0,1,0
18.0,11.0,3.0,0.0,1.0,3.0,83.33,16.67,16.67,0.0,0.0,11.11,6a71f25d56c0266186cf5b80,6a71f25a56c0266186cf5ada,30,18,10.0,1.5,1,0
18.0,12.0,3.0,1.0,0.0,2.0,88.89,11.11,16.67,66.67,1.0,-33.33,6a71f25d56c0266186cf5b80,6a71f25a56c0266186cf5af8,30,18,10.0,1.0,1,0
18.0,9.0,4.0,1.0,1.0,3.0,83.33,16.67,22.22,33.33,0.0,0.0,6a71f25d56c0266186cf5b83,6a71f25956c0266186cf5ac2,30,18,13.33,0.0,1,0
18.0,10.0,5.0,2.0,1.0,0.0,100.0,0.0,27.78,0.0,0.0,-22.22,6a71f25d56c0266186cf5b83,6a71f25a56c0266186cf5ada,30,18,3.33,4.0,1,0
18.0,9.0,5.0,2.0,0.0,2.0,88.89,11.11,27.78,0.0,0.0,0.0,6a71f25d56c0266186cf5b83,6a71f25a56c0266186cf5ae6,30,18,10.0,0.0,1,0
18.0,8.0,6.0,3.0,0.0,1.0,94.44,5.56,33.33,0.0,0.0,-22.22,6a71f25d56c0266186cf5b83,6a71f25a56c0266186cf5aec,30,18,10.0,0.0,1,0
18.0,8.0,4.0,3.0,1.0,2.0,88.89,11.11,22.22,33.33,0.0,-11.11,6a71f25d56c0266186cf5b83,6a71f25a56c0266186cf5afe,30,18,10.0,0.0,1,0
18.0,9.0,6.0,1.0,0.0,2.0,88.89,11.11,33.33,33.33,0.0,11.11,6a71f25d56c0266186cf5b86,6a71f25956c0266186cf5abc,30,18,10.0,0.0,1,0
18.0,11.0,4.0,3.0,0.0,0.0,100.0,0.0,22.22,0.0,0.0,33.33,6a71f25d56c0266186cf5b86,6a71f25a56c0266186cf5ae6,30,18,0.0,6.5,1,0
18.0,11.0,2.0,2.0,1.0,2.0,88.89,11.11,11.11,0.0,0.0,0.0,6a71f25d56c0266186cf5b86,6a71f25a56c0266186cf5af8,30,18,10.0,0.0,1,0
18.0,12.0,2.0,2.0,0.0,2.0,88.89,11.11,11.11,0.0,0.0,22.22,6a71f25d56c0266186cf5b86,6a71f25a56c0266186cf5afe,30,18,10.0,0.0,1,0
18.0,12.0,1.0,5.0,0.0,0.0,100.0,0.0,5.56,0.0,0.0,33.33,6a71f25d56c0266186cf5b89,6a71f25a56c0266186cf5ae0,30,18,3.33,4.0,1,0
18.0,13.0,2.0,2.0,0.0,1.0,94.44,5.56,11.11,0.0,0.0,33.33,6a71f25d56c0266186cf5b89,6a71f25a56c0266186cf5af2,30,18,3.33,3.5,1,0
18.0,8.0,4.0,3.0,1.0,2.0,88.89,11.11,22.22,33.33,0.0,11.11,6a71f25d56c0266186cf5b89,6a71f25a56c0266186cf5b0a,30,18,10.0,0.0,1,0
18.0,13.0,2.0,0.0,3.0,0.0,100.0,0.0,11.11,0.0,0.0,0.0,6a71f25d56c0266186cf5b8c,6a71f25956c0266186cf5ace,30,18,0.0,6.5,1,0
18.0,12.0,3.0,1.0,1.0,1.0,94.44,5.56,16.67,0.0,0.0,-22.22,6a71f25d56c0266186cf5b8c,6a71f25a56c0266186cf5ad4,30,18,3.33,4.0,1,0
18.0,9.0,3.0,3.0,1.0,2.0,88.89,11.11,16.67,0.0,0.0,-33.33,6a71f25d56c0266186cf5b8c,6a71f25a56c0266186cf5af2,30,18,10.0,0.0,1,0
18.0,9.0,7.0,1.0,1.0,0.0,100.0,0.0,38.89,0.0,0.0,11.11,6a71f25d56c0266186cf5b8c,6a71f25a56c0266186cf5af8,30,18,3.33,3.0,1,0
18.0,9.0,2.0,4.0,2.0,1.0,94.44,5.56,11.11,0.0,0.0,33.33,6a71f25d56c0266186cf5b8f,6a71f25956c0266186cf5ac2,30,18,6.67,1.0,1,0
18.0,8.0,7.0,1.0,1.0,1.0,94.44,5.56,38.89,0.0,0.0,22.22,6a71f25d56c0266186cf5b8f,6a71f25a56c0266186cf5ad4,30,18,3.33,3.5,1,0
18.0,10.0,4.0,3.0,1.0,0.0,100.0,0.0,22.22,0.0,0.0,33.33,6a71f25d56c0266186cf5b8f,6a71f25a56c0266186cf5ae0,30,18,0.0,6.0,1,0
18.0,11.0,6.0,1.0,0.0,0.0,100.0,0.0,33.33,0.0,0.0,-11.11,6a71f25d56c0266186cf5b8f,6a71f25a56c0266186cf5aec,30,18,3.33,3.0,1,0
18.0,11.0,2.0,5.0,0.0,0.0,100.0,0.0,11.11,0.0,0.0,33.33,6a71f25d56c0266186cf5b8f,6a71f25a56c0266186cf5b04,30,18,0.0,5.5,1,0
18.0,12.0,2.0,2.0,1.0,1.0,94.44,5.56,11.11,33.33,0.0,-11.11,6a71f25d56c0266186cf5b8f,6a71f25a56c0266186cf5b0a,30,18,6.67,2.0,1,0
18.0,10.0,4.0,3.0,1.0,0.0,100.0,0.0,22.22,0.0,0.0,-33.33,6a71f25d56c0266186cf5b8f,6a749bcdf6ccb57abf5e5d08,30,18,3.33,4.5,1,0
18.0,11.0,3.0,4.0,0.0,0.0,100.0,0.0,16.67,0.0,0.0,0.0,6a71f25d56c0266186cf5b92,6a71f25956c0266186cf5ac8,30,18,3.33,3.5,1,0
18.0,11.0,1.0,5.0,0.0,1.0,94.44,5.56,5.56,0.0,0.0,-22.22,6a71f25d56c0266186cf5b92,6a71f25a56c0266186cf5ad4,30,18,3.33,3.0,1,0
18.0,12.0,2.0,2.0,1.0,1.0,94.44,5.56,11.11,33.33,1.0,11.11,6a71f25d56c0266186cf5b92,6a71f25a56c0266186cf5ae6,30,18,3.33,5.5,1,0
18.0,10.0,3.0,4.0,0.0,1.0,94.44,5.56,16.67,0.0,0.0,11.11,6a71f25d56c0266186cf5b92,6a71f25a56c0266186cf5af8,30,18,3.33,4.0,1,0
18.0,14.0,1.0,1.0,1.0,1.0,94.44,5.56,5.56,0.0,0.0,0.0,6a71f25d56c0266186cf5b95,6a71f25956c0266186cf5abc,30,18,3.33,5.5,1,0
18.0,12.0,4.0,0.0,0.0,2.0,88.89,11.11,22.22,0.0,0.0,22.22,6a71f25d56c0266186cf5b95,6a71f25a56c0266186cf5ad4,30,18,13.33,0.0,1,0
18.0,14.0,1.0,1.0,0.0,2.0,88.89,11.11,5.56,33.33,1.0,-33.33,6a71f25d56c0266186cf5b95,6a71f25a56c0266186cf5ae6,30,18,6.67,4.0,1,0
18.0,11.0,3.0,2.0,0.0,2.0,88.89,11.11,16.67,33.33,1.0,-22.22,6a71f25d56c0266186cf5b98,6a71f25956c0266186cf5ab6,30,18,10.0,0.0,1,0
18.0,9.0,1.0,6.0,1.0,1.0,94.44,5.56,5.56,0.0,0.0,33.33,6a71f25d56c0266186cf5b98,6a71f25a56c0266186cf5ada,30,18,3.33,3.5,1,0
18.0,14.0,2.0,0.0,1.0,1.0,94.44,5.56,11.11,33.33,1.0,-11.11,6a71f25d56c0266186cf5b98,6a71f25a56c0266186cf5ae0,30,18,3.33,5.5,1,0
18.0,13.0,2.0,0.0,1.0,2.0,88.89,11.11,11.11,0.0,0.0,22.22,6a71f25d56c0266186cf5b98,6a71f25a56c0266186cf5aec,30,18,6.67,3.0,1,0
18.0,7.0,5.0,2.0,2.0,2.0,88.89,11.11,27.78,0.0,0.0,22.22,6a71f25d56c0266186cf5b98,6a71f25a56c0266186cf5af8,30,18,6.67,1.5,1,0
18.0,13.0,2.0,1.0,0.0,2.0,88.89,11.11,11.11,33.33,0.0,-33.33,6a71f25d56c0266186cf5b9b,6a71f25956c0266186cf5ac8,30,18,6.67,3.0,1,0
18.0,9.0,5.0,2.0,0.0,2.0,88.89,11.11,27.78,33.33,1.0,-44.44,6a71f25d56c0266186cf5b9b,6a71f25956c0266186cf5ace,30,18,6.67,2.0,1,0
18.0,10.0,6.0,1.0,1.0,0.0,100.0,0.0,33.33,0.0,0.0,-11.11,6a71f25d56c0266186cf5b9b,6a71f25a56c0266186cf5ae6,30,18,6.67,0.5,1,0
18.0,12.0,1.0,4.0,1.0,0.0,100.0,0.0,5.56,0.0,0.0,0.0,6a71f25d56c0266186cf5b9b,6a71f25a56c0266186cf5aec,30,18,3.33,5.5,1,0
18.0,11.0,4.0,2.0,0.0,1.0,94.44,5.56,22.22,0.0,0.0,-33.33,6a71f25d56c0266186cf5b9b,6a71f25a56c0266186cf5af2,30,18,3.33,2.5,1,0
18.0,13.0,3.0,1.0,0.0,1.0,94.44,5.56,16.67,33.33,1.0,-22.22,6a71f25d56c0266186cf5b9b,6a71f25a56c0266186cf5af8,30,18,3.33,4.5,1,0
18.0,11.0,3.0,1.0,3.0,0.0,100.0,0.0,16.67,0.0,0.0,-11.11,6a71f25d56c0266186cf5b9b,6a71f25a56c0266186cf5b0a,30,18,0.0,6.5,1,0
18.0,13.0,1.0,1.0,0.0,3.0,83.33,16.67,5.56,0.0,0.0,22.22,6a71f25d56c0266186cf5b9e,6a71f25956c0266186cf5ab6,30,18,10.0,3.0,1,0
18.0,14.0,2.0,1.0,0.0,1.0,94.44,5.56,11.11,0.0,0.0,-22.22,6a71f25d56c0266186cf5b9e,6a71f25956c0266186cf5abc,30,18,6.67,3.0,1,0
18.0,16.0,1.0,0.0,0.0,1.0,94.44,5.56,5.56,0.0,0.0,-11.11,6a71f25d56c0266186cf5b9e,6a71f25956c0266186cf5ac8,30,18,3.33,5.5,1,0
18.0,15.0,0.0,1.0,0.0,2.0,88.89,11.11,0.0,0.0,0.0,11.11,6a71f25d56c0266186cf5b9e,6a71f25a56c0266186cf5ae0,30,18,13.33,0.5,1,0
18.0,10.0,4.0,1.0,2.0,1.0,94.44,5.56,22.22,0.0,0.0,0.0,6a71f25d56c0266186cf5b9e,6a71f25a56c0266186cf5aec,30,18,3.33,5.0,1,0
18.0,9.0,6.0,1.0,2.0,0.0,100.0,0.0,33.33,0.0,0.0,11.11,6a71f25d56c0266186cf5b9e,6a71f25a56c0266186cf5af2,30,18,0.0,5.0,1,0
18.0,11.0,3.0,3.0,0.0,1.0,94.44,5.56,16.67,0.0,0.0,44.44,6a71f25d56c0266186cf5b9e,6a71f25a56c0266186cf5b04,30,18,6.67,3.0,1,0
18.0,9.0,4.0,2.0,2.0,1.0,94.44,5.56,22.22,0.0,0.0,-11.11,6a71f25d56c0266186cf5ba1,6a71f25956c0266186cf5ab6,30,18,3.33,5.0,1,0
18.0,9.0,5.0,4.0,0.0,0.0,100.0,0.0,27.78,0.0,0.0,-22.22,6a71f25d56c0266186cf5ba1,6a71f25956c0266186cf5ace,30,18,0.0,4.5,1,0
18.0,11.0,2.0,3.0,2.0,0.0,100.0,0.0,11.11,0.0,0.0,-11.11,6a71f25d56c0266186cf5ba1,6a71f25a56c0266186cf5ada,30,18,3.33,5.0,1,0
18.0,12.0,1.0,1.0,2.0,2.0,88.89,11.11,5.56,0.0,0.0,-11.11,6a71f25d56c0266186cf5ba1,6a71f25a56c0266186cf5ae0,30,18,6.67,4.0,1,0
18.0,15.0,1.0,0.0,0.0,2.0,88.89,11.11,5.56,0.0,0.0,0.0,6a71f25d56c0266186cf5ba1,6a71f25a56c0266186cf5ae6,30,18,10.0,1.5,1,0
18.0,12.0,3.0,0.0,0.0,3.0,83.33,16.67,16.67,0.0,0.0,33.33,6a71f25d56c0266186cf5ba1,6a71f25a56c0266186cf5af2,30,18,10.0,1.0,1,0
18.0,12.0,3.0,0.0,2.0,1.0,94.44,5.56,16.67,0.0,0.0,-11.11,6a71f25d56c0266186cf5ba4,6a71f25956c0266186cf5ac2,30,18,10.0,0.0,1,0
18.0,11.0,4.0,3.0,0.0,0.0,100.0,0.0,22.22,0.0,0.0,-11.11,6a71f25d56c0266186cf5ba4,6a71f25956c0266186cf5ac8,30,18,0.0,5.5,1,0
18.0,11.0,3.0,1.0,1.0,2.0,88.89,11.11,16.67,33.33,0.0,11.11,6a71f25d56c0266186cf5ba4,6a71f25a56c0266186cf5ae0,30,18,13.33,0.0,1,0
18.0,9.0,4.0,4.0,0.0,1.0,94.44,5.56,22.22,33.33,0.0,33.33,6a71f25d56c0266186cf5ba4,6a71f25a56c0266186cf5ae6,30,18,3.33,2.5,1,0
18.0,16.0,0.0,1.0,0.0,1.0,94.44,5.56,0.0,33.33,0.0,-22.22,6a71f25d56c0266186cf5ba4,6a71f25a56c0266186cf5aec,30,18,6.67,4.5,1,0
18.0,12.0,3.0,1.0,2.0,0.0,100.0,0.0,16.67,0.0,0.0,-11.11,6a71f25d56c0266186cf5ba7,6a71f25956c0266186cf5ace,30,18,0.0,7.0,0,0
18.0,15.0,0.0,2.0,0.0,1.0,94.44,5.56,0.0,0.0,0.0,11.11,6a71f25d56c0266186cf5ba7,6a71f25a56c0266186cf5ad4,30,18,6.67,3.5,1,0
18.0,10.0,3.0,3.0,0.0,2.0,88.89,11.11,16.67,0.0,0.0,11.11,6a71f25d56c0266186cf5ba7,6a71f25a56c0266186cf5ae0,30,18,6.67,2.0,1,0
18.0,11.0,4.0,1.0,0.0,2.0,88.89,11.11,22.22,33.33,0.0,-33.33,6a71f25d56c0266186cf5ba7,6a71f25a56c0266186cf5aec,30,18,6.67,1.5,1,0
18.0,13.0,1.0,2.0,2.0,0.0,100.0,0.0,5.56,0.0,0.0,-22.22,6a71f25d56c0266186cf5ba7,6a71f25a56c0266186cf5af2,30,18,3.33,5.5,1,0
18.0,14.0,0.0,1.0,0.0,3.0,83.33,16.67,0.0,0.0,0.0,22.22,6a71f25d56c0266186cf5ba7,6a71f25a56c0266186cf5b04,30,18,10.0,1.5,1,0
18.0,9.0,3.0,2.0,3.0,1.0,94.44,5.56,16.67,0.0,0.0,11.11,6a71f25d56c0266186cf5baa,6a71f25956c0266186cf5ac2,30,18,3.33,4.5,1,0
18.0,14.0,1.0,2.0,1.0,0.0,100.0,0.0,5.56,0.0,0.0,-22.22,6a71f25d56c0266186cf5baa,6a71f25956c0266186cf5ace,30,18,0.0,8.0,0,0
18.0,11.0,2.0,0.0,2.0,3.0,83.33,16.67,11.11,33.33,1.0,-11.11,6a71f25d56c0266186cf5baa,6a71f25a56c0266186cf5ada,30,18,10.0,0.5,1,0
18.0,9.0,6.0,2.0,0.0,1.0,94.44,5.56,33.33,33.33,1.0,-11.11,6a71f25d56c0266186cf5bad,6a71f25956c0266186cf5ab6,30,18,6.67,0.5,1,0
18.0,11.0,3.0,1.0,0.0,3.0,83.33,16.67,16.67,33.33,1.0,-22.22,6a71f25d56c0266186cf5bad,6a71f25956c0266186cf5ac8,30,18,10.0,0.0,1,0
18.0,10.0,2.0,1.0,5.0,0.0,100.0,0.0,11.11,0.0,0.0,-11.11,6a71f25d56c0266186cf5bad,6a71f25956c0266186cf5ace,30,18,0.0,6.5,1,0
18.0,13.0,0.0,4.0,1.0,0.0,100.0,0.0,0.0,0.0,0.0,0.0,6a71f25d56c0266186cf5bad,6a71f25a56c0266186cf5ad4,30,18,3.33,4.0,1,0
18.0,12.0,1.0,3.0,0.0,2.0,88.89,11.11,5.56,0.0,0.0,11.11,6a71f25d56c0266186cf5bad,6a71f25a56c0266186cf5ae6,30,18,10.0,1.0,1,0
18.0,12.0,1.0,3.0,1.0,1.0,94.44,5.56,5.56,0.0,0.0,0.0,6a71f25d56c0266186cf5bad,6a71f25a56c0266186cf5aec,30,18,6.67,3.0,1,0
18.0,17.0,0.0,0.0,1.0,0.0,100.0,0.0,0.0,0.0,0.0,0.0,6a71f25d56c0266186cf5bad,6a71f25a56c0266186cf5af2,30,18,3.33,8.0,0,0
18.0,11.0,2.0,3.0,1.0,1.0,94.44,5.56,11.11,0.0,0.0,-22.22,6a71f25d56c0266186cf5bb0,6a71f25956c0266186cf5ab6,30,18,3.33,4.5,1,0
18.0,12.0,1.0,3.0,2.0,0.0,100.0,0.0,5.56,0.0,0.0,-11.11,6a71f25d56c0266186cf5bb0,6a71f25956c0266186cf5ac2,30,18,3.33,4.0,1,0
18.0,16.0,1.0,0.0,0.0,1.0,94.44,5.56,5.56,33.33,1.0,-11.11,6a71f25d56c0266186cf5bb0,6a71f25a56c0266186cf5ad4,30,18,3.33,4.5,1,0
18.0,15.0,0.0,0.0,2.0,1.0,94.44,5.56,0.0,0.0,0.0,11.11,6a71f25d56c0266186cf5bb0,6a71f25a56c0266186cf5ada,30,18,6.67,4.5,1,0
18.0,9.0,4.0,3.0,2.0,0.0,100.0,0.0,22.22,0.0,0.0,-11.11,6a71f25d56c0266186cf5bb0,6a71f25a56c0266186cf5b0a,30,18,0.0,5.0,1,0
18.0,13.0,2.0,2.0,0.0,1.0,94.44,5.56,11.11,33.33,0.0,-11.11,6a71f25d56c0266186cf5bb0,6a749bcdf6ccb57abf5e5d08,30,18,3.33,5.5,1,0
18.0,8.0,5.0,3.0,2.0,0.0,100.0,0.0,27.78,0.0,0.0,-11.11,6a71f25d56c0266186cf5bb3,6a71f25956c0266186cf5ab6,30,18,3.33,3.5,1,0
18.0,12.0,2.0,3.0,1.0,0.0,100.0,0.0,11.11,0.0,0.0,-33.33,6a71f25d56c0266186cf5bb3,6a71f25956c0266186cf5abc,30,18,3.33,3.5,1,0
18.0,12.0,2.0,1.0,0.0,3.0,83.33,16.67,11.11,33.33,1.0,-22.22,6a71f25d56c0266186cf5bb3,6a71f25956c0266186cf5ac8,30,18,10.0,1.5,1,0
18.0,9.0,5.0,2.0,1.0,1.0,94.44,5.56,27.78,0.0,0.0,11.11,6a71f25d56c0266186cf5bb3,6a71f25a56c0266186cf5ad4,30,18,6.67,1.0,1,0
18.0,11.0,4.0,1.0,0.0,2.0,88.89,11.11,22.22,0.0,0.0,11.11,6a71f25d56c0266186cf5bb3,6a749bcdf6ccb57abf5e5d08,30,18,10.0,0.0,1,0
18.0,9.0,5.0,2.0,0.0,2.0,88.89,11.11,27.78,33.33,1.0,-22.22,6a71f25d56c0266186cf5bb6,6a71f25a56c0266186cf5ad4,30,18,10.0,0.0,1,0
18.0,11.0,3.0,1.0,0.0,3.0,83.33,16.67,16.67,0.0,0.0,22.22,6a71f25d56c0266186cf5bb6,6a71f25a56c0266186cf5aec,30,18,10.0,1.0,1,0
18.0,10.0,3.0,2.0,1.0,2.0,88.89,11.11,16.67,33.33,0.0,0.0,6a71f25d56c0266186cf5bb6,6a71f25a56c0266186cf5afe,30,18,6.67,2.0,1,0
18.0,11.0,3.0,0.0,0.0,4.0,77.78,22.22,16.67,33.33,0.0,0.0,6a71f25e56c0266186cf5bb9,6a71f25956c0266186cf5ac2,30,18,13.33,0.0,1,0
18.0,10.0,4.0,3.0,0.0,1.0,94.44,5.56,22.22,0.0,0.0,0.0,6a71f25e56c0266186cf5bb9,6a71f25956c0266186cf5ace,30,18,3.33,3.5,1,0
18.0,10.0,2.0,5.0,0.0,1.0,94.44,5.56,11.11,0.0,0.0,22.22,6a71f25e56c0266186cf5bb9,6a71f25a56c0266186cf5b04,30,18,6.67,2.0,1,0
18.0,7.0,5.0,3.0,2.0,1.0,94.44,5.56,27.78,0.0,0.0,0.0,6a71f25e56c0266186cf5bb9,6a71f25a56c0266186cf5b0a,30,18,3.33,3.0,1,0
18.0,14.0,1.0,1.0,0.0,2.0,88.89,11.11,5.56,0.0,0.0,-11.11,6a71f25e56c0266186cf5bb9,6a749bcdf6ccb57abf5e5d08,30,18,6.67,3.5,1,0
18.0,10.0,3.0,3.0,1.0,1.0,94.44,5.56,16.67,0.0,0.0,22.22,6a71f25e56c0266186cf5bbc,6a71f25956c0266186cf5ab6,30,18,3.33,3.5,1,0
18.0,13.0,1.0,3.0,0.0,1.0,94.44,5.56,5.56,0.0,0.0,44.44,6a71f25e56c0266186cf5bbc,6a71f25956c0266186cf5abc,30,18,3.33,4.0,1,0
18.0,12.0,4.0,1.0,0.0,1.0,94.44,5.56,22.22,33.33,1.0,-22.22,6a71f25e56c0266186cf5bbc,6a71f25a56c0266186cf5ada,30,18,6.67,2.5,1,0
18.0,11.0,0.0,4.0,0.0,3.0,83.33,16.67,0.0,33.33,0.0,-11.11,6a71f25e56c0266186cf5bbc,6a71f25a56c0266186cf5af2,30,18,16.67,0.0,1,0
18.0,9.0,3.0,4.0,1.0,1.0,94.44,5.56,16.67,0.0,0.0,55.56,6a71f25e56c0266186cf5bbc,6a71f25a56c0266186cf5af8,30,18,6.67,1.0,1,0
18.0,10.0,4.0,2.0,0.0,2.0,88.89,11.11,22.22,66.67,2.0,-22.22,6a71f25e56c0266186cf5bbf,6a71f25956c0266186cf5ab6,30,18,13.33,0.0,1,0
18.0,8.0,2.0,5.0,1.0,2.0,88.89,11.11,11.11,33.33,1.0,-11.11,6a71f25e56c0266186cf5bbf,6a71f25956c0266186cf5abc,30,18,6.67,0.0,1,0
18.0,11.0,2.0,3.0,1.0,1.0,94.44,5.56,11.11,0.0,0.0,22.22,6a71f25e56c0266186cf5bbf,6a71f25956c0266186cf5ac2,30,18,3.33,3.0,1,0
18.0,13.0,2.0,0.0,0.0,3.0,83.33,16.67,11.11,33.33,1.0,11.11,6a71f25e56c0266186cf5bbf,6a71f25956c0266186cf5ace,30,18,10.0,1.5,1,0
18.0,12.0,1.0,4.0,0.0,1.0,94.44,5.56,5.56,0.0,0.0,-11.11,6a71f25e56c0266186cf5bbf,6a71f25a56c0266186cf5ad4,30,18,6.67,0.5,1,0
18.0,11.0,5.0,1.0,0.0,1.0,94.44,5.56,27.78,33.33,0.0,0.0,6a71f25e56c0266186cf5bbf,6a71f25a56c0266186cf5ae0,30,18,10.0,0.0,1,0
18.0,10.0,4.0,2.0,2.0,0.0,100.0,0.0,22.22,0.0,0.0,22.22,6a71f25e56c0266186cf5bbf,6a71f25a56c0266186cf5aec,30,18,6.67,1.0,1,0
18.0,10.0,7.0,1.0,0.0,0.0,100.0,0.0,38.89,0.0,0.0,11.11,6a71f25e56c0266186cf5bbf,6a71f25a56c0266186cf5af2,30,18,3.33,2.5,1,0
18.0,13.0,2.0,1.0,0.0,2.0,88.89,11.11,11.11,33.33,0.0,11.11,6a71f25e56c0266186cf5bbf,6a71f25a56c0266186cf5af8,30,18,6.67,2.5,1,0
18.0,9.0,4.0,0.0,2.0,3.0,83.33,16.67,22.22,0.0,0.0,11.11,6a71f25e56c0266186cf5bbf,6a749bcdf6ccb57abf5e5d08,30,18,10.0,0.5,1,0
18.0,13.0,1.0,3.0,1.0,0.0,100.0,0.0,5.56,0.0,0.0,11.11,6a71f25e56c0266186cf5bc2,6a71f25956c0266186cf5abc,30,18,0.0,5.5,1,0
18.0,11.0,4.0,2.0,0.0,1.0,94.44,5.56,22.22,33.33,0.0,-11.11,6a71f25e56c0266186cf5bc2,6a71f25a56c0266186cf5ae6,30,18,6.67,2.0,1,0
18.0,10.0,3.0,2.0,1.0,2.0,88.89,11.11,16.67,0.0,0.0,-22.22,6a71f25e56c0266186cf5bc2,6a71f25a56c0266186cf5af8,30,18,6.67,2.5,1,0
18.0,9.0,4.0,4.0,0.0,1.0,94.44,5.56,22.22,0.0,0.0,11.11,6a71f25e56c0266186cf5bc2,6a71f25a56c0266186cf5b04,30,18,3.33,2.5,1,0
18.0,9.0,5.0,2.0,2.0,0.0,100.0,0.0,27.78,0.0,0.0,0.0,6a71f25e56c0266186cf5bc5,6a71f25a56c0266186cf5afe,30,18,3.33,3.5,1,0
18.0,8.0,6.0,3.0,0.0,1.0,94.44,5.56,33.33,33.33,1.0,-22.22,6a71f25e56c0266186cf5bc5,6a71f25a56c0266186cf5b0a,30,18,3.33,3.0,1,0
18.0,13.0,2.0,3.0,0.0,0.0,100.0,0.0,11.11,0.0,0.0,33.33,6a71f25e56c0266186cf5bc8,6a71f25956c0266186cf5ab6,30,18,3.33,4.0,1,0
18.0,11.0,5.0,0.0,0.0,2.0,88.89,11.11,27.78,0.0,0.0,0.0,6a71f25e56c0266186cf5bc8,6a71f25956c0266186cf5ace,30,18,6.67,2.5,1,0
18.0,12.0,3.0,1.0,0.0,2.0,88.89,11.11,16.67,33.33,0.0,11.11,6a71f25e56c0266186cf5bc8,6a71f25a56c0266186cf5ada,30,18,10.0,0.5,1,0
18.0,12.0,1.0,4.0,0.0,1.0,94.44,5.56,5.56,33.33,1.0,-11.11,6a71f25e56c0266186cf5bc8,6a71f25a56c0266186cf5af2,30,18,10.0,1.0,1,0
18.0,14.0,1.0,1.0,0.0,2.0,88.89,11.11,5.56,0.0,0.0,11.11,6a71f25e56c0266186cf5bc8,6a71f25a56c0266186cf5b04,30,18,6.67,4.5,1,0
18.0,12.0,1.0,2.0,1.0,2.0,88.89,11.11,5.56,0.0,0.0,0.0,6a71f25e56c0266186cf5bcb,6a71f25956c0266186cf5ace,30,18,6.67,3.0,1,0
18.0,13.0,3.0,0.0,0.0,2.0,88.89,11.11,16.67,33.33,0.0,-22.22,6a71f25e56c0266186cf5bcb,6a71f25a56c0266186cf5ada,30,18,13.33,0.0,1,0
18.0,11.0,4.0,2.0,1.0,0.0,100.0,0.0,22.22,0.0,0.0,22.22,6a71f25e56c0266186cf5bce,6a71f25956c0266186cf5ab6,30,18,0.0,5.5,1,0
18.0,14.0,1.0,1.0,1.0,1.0,94.44,5.56,5.56,33.33,1.0,-22.22,6a71f25e56c0266186cf5bce,6a71f25a56c0266186cf5af8,30,18,3.33,6.0,1,0
18.0,9.0,4.0,3.0,0.0,2.0,88.89,11.11,22.22,0.0,0.0,-11.11,6a71f25e56c0266186cf5bd1,6a71f25956c0266186cf5ab6,30,18,6.67,1.0,1,0
18.0,11.0,3.0,1.0,1.0,2.0,88.89,11.11,16.67,0.0,0.0,11.11,6a71f25e56c0266186cf5bd1,6a71f25a56c0266186cf5ae0,30,18,10.0,1.5,1,0
18.0,14.0,0.0,1.0,1.0,2.0,88.89,11.11,0.0,0.0,0.0,33.33,6a71f25e56c0266186cf5bd1,6a71f25a56c0266186cf5afe,30,18,10.0,1.0,1,0
18.0,12.0,4.0,0.0,0.0,2.0,88.89,11.11,22.22,0.0,0.0,0.0,6a71f25e56c0266186cf5bd1,6a71f25a56c0266186cf5b0a,30,18,6.67,3.0,1,0
18.0,12.0,3.0,3.0,0.0,0.0,100.0,0.0,16.67,0.0,0.0,-33.33,6a71f25e56c0266186cf5bd4,6a71f25956c0266186cf5abc,30,18,0.0,4.5,1,0
18.0,13.0,1.0,4.0,0.0,0.0,100.0,0.0,5.56,0.0,0.0,22.22,6a71f25e56c0266186cf5bd4,6a71f25a56c0266186cf5ada,30,18,0.0,5.5,1,0
18.0,14.0,2.0,0.0,0.0,2.0,88.89,11.11,11.11,66.67,2.0,-22.22,6a71f25e56c0266186cf5bd4,6a71f25a56c0266186cf5ae6,30,18,10.0,2.0,1,0
18.0,9.0,6.0,1.0,0.0,2.0,88.89,11.11,33.33,33.33,0.0,-11.11,6a71f25e56c0266186cf5bd4,6a71f25a56c0266186cf5af8,30,18,6.67,1.5,1,0
18.0,11.0,2.0,2.0,1.0,2.0,88.89,11.11,11.11,0.0,0.0,-22.22,6a71f25e56c0266186cf5bd4,6a749bcdf6ccb57abf5e5d08,30,18,6.67,3.0,1,0
18.0,13.0,3.0,0.0,0.0,2.0,88.89,11.11,16.67,0.0,0.0,0.0,6a71f25e56c0266186cf5bd7,6a71f25956c0266186cf5abc,30,18,6.67,3.5,1,0
18.0,9.0,3.0,3.0,1.0,2.0,88.89,11.11,16.67,33.33,1.0,11.11,6a71f25e56c0266186cf5bd7,6a71f25a56c0266186cf5ae0,30,18,6.67,1.5,1,0
18.0,12.0,1.0,1.0,3.0,1.0,94.44,5.56,5.56,33.33,0.0,-22.22,6a71f25e56c0266186cf5bd7,6a71f25a56c0266186cf5ae6,30,18,3.33,7.0,0,0
18.0,9.0,4.0,3.0,2.0,0.0,100.0,0.0,22.22,0.0,0.0,33.33,6a71f25e56c0266186cf5bd7,6a71f25a56c0266186cf5af8,30,18,0.0,5.0,1,0
18.0,8.0,5.0,0.0,1.0,4.0,77.78,22.22,27.78,33.33,1.0,-22.22,6a71f25e56c0266186cf5bd7,6a71f25a56c0266186cf5b0a,30,18,13.33,0.0,1,0
18.0,10.0,5.0,3.0,0.0,0.0,100.0,0.0,27.78,0.0,0.0,33.33,6a71f25e56c0266186cf5bdd,6a71f25956c0266186cf5ab6,30,18,0.0,5.0,1,0
18.0,10.0,4.0,2.0,2.0,0.0,100.0,0.0,22.22,0.0,0.0,-22.22,6a71f25e56c0266186cf5bdd,6a71f25956c0266186cf5ac8,30,18,0.0,5.0,1,0
18.0,10.0,3.0,1.0,2.0,2.0,88.89,11.11,16.67,0.0,0.0,-11.11,6a71f25e56c0266186cf5bdd,6a71f25a56c0266186cf5ae0,30,18,6.67,2.0,1,0
18.0,9.0,4.0,2.0,3.0,0.0,100.0,0.0,22.22,0.0,0.0,0.0,6a71f25e56c0266186cf5bdd,6a71f25a56c0266186cf5ae6,30,18,0.0,6.0,1,0
18.0,12.0,3.0,0.0,1.0,2.0,88.89,11.11,16.67,0.0,0.0,0.0,6a71f25e56c0266186cf5bdd,6a71f25a56c0266186cf5aec,30,18,6.67,2.5,1,0
18.0,15.0,0.0,1.0,1.0,1.0,94.44,5.56,0.0,33.33,0.0,0.0,6a71f25e56c0266186cf5bdd,6a71f25a56c0266186cf5b04,30,18,10.0,3.0,1,0
18.0,8.0,5.0,3.0,1.0,1.0,94.44,5.56,27.78,0.0,0.0,-22.22,6a71f25e56c0266186cf5be0,6a71f25956c0266186cf5ac2,30,18,3.33,2.5,1,0
18.0,10.0,5.0,3.0,0.0,0.0,100.0,0.0,27.78,0.0,0.0,11.11,6a71f25e56c0266186cf5be0,6a71f25a56c0266186cf5aec,30,18,0.0,4.5,1,0
18.0,16.0,0.0,0.0,1.0,1.0,94.44,5.56,0.0,0.0,0.0,11.11,6a71f25e56c0266186cf5be0,6a71f25a56c0266186cf5b0a,30,18,3.33,7.0,0,0
18.0,11.0,2.0,1.0,1.0,3.0,83.33,16.67,11.11,0.0,0.0,0.0,6a71f25e56c0266186cf5be3,6a71f25956c0266186cf5abc,30,18,10.0,1.0,1,0
18.0,11.0,4.0,1.0,1.0,1.0,94.44,5.56,22.22,33.33,0.0,0.0,6a71f25e56c0266186cf5be3,6a71f25a56c0266186cf5ae6,30,18,6.67,3.0,1,0
18.0,11.0,4.0,1.0,0.0,2.0,88.89,11.11,22.22,33.33,0.0,-11.11,6a71f25e56c0266186cf5be6,6a71f25a56c0266186cf5ae0,30,18,13.33,0.0,1,0
18.0,14.0,2.0,0.0,1.0,1.0,94.44,5.56,11.11,0.0,0.0,11.11,6a71f25e56c0266186cf5be6,6a71f25a56c0266186cf5b0a,30,18,10.0,2.0,1,0
18.0,11.0,1.0,2.0,2.0,2.0,88.89,11.11,5.56,0.0,0.0,22.22,6a71f25e56c0266186cf5be9,6a71f25a56c0266186cf5ae0,30,18,10.0,1.0,1,0
18.0,13.0,1.0,2.0,0.0,2.0,88.89,11.11,5.56,0.0,0.0,44.44,6a71f25e56c0266186cf5bec,6a71f25956c0266186cf5ac8,30,18,10.0,2.5,1,0
18.0,11.0,2.0,4.0,1.0,0.0,100.0,0.0,11.11,0.0,0.0,0.0,6a71f25e56c0266186cf5bec,6a71f25a56c0266186cf5af8,30,18,0.0,6.0,1,0
18.0,14.0,1.0,0.0,2.0,1.0,94.44,5.56,5.56,33.33,0.0,-11.11,6a71f25e56c0266186cf5bef,6a71f25956c0266186cf5abc,30,18,3.33,6.0,1,0
18.0,13.0,3.0,1.0,0.0,1.0,94.44,5.56,16.67,33.33,0.0,-22.22,6a71f25e56c0266186cf5bef,6a71f25a56c0266186cf5ad4,30,18,13.33,0.0,1,0
18.0,11.0,2.0,3.0,2.0,0.0,100.0,0.0,11.11,0.0,0.0,11.11,6a71f25e56c0266186cf5bef,6a71f25a56c0266186cf5ada,30,18,0.0,7.0,0,0
18.0,10.0,4.0,0.0,2.0,2.0,88.89,11.11,22.22,33.33,0.0,0.0,6a71f25e56c0266186cf5bef,6a71f25a56c0266186cf5ae0,30,18,13.33,0.0,1,0
18.0,8.0,3.0,3.0,2.0,2.0,88.89,11.11,16.67,0.0,0.0,33.33,6a71f25e56c0266186cf5bef,6a71f25a56c0266186cf5b04,30,18,6.67,1.0,1,0
18.0,12.0,2.0,1.0,2.0,1.0,94.44,5.56,11.11,33.33,1.0,-22.22,6a71f25e56c0266186cf5bf2,6a71f25956c0266186cf5ab6,30,18,10.0,2.0,1,0
18.0,8.0,4.0,5.0,0.0,1.0,94.44,5.56,22.22,0.0,0.0,0.0,6a71f25e56c0266186cf5bf2,6a71f25956c0266186cf5ace,30,18,3.33,1.5,1,0
18.0,8.0,6.0,0.0,2.0,2.0,88.89,11.11,33.33,0.0,0.0,0.0,6a71f25e56c0266186cf5bf2,6a71f25a56c0266186cf5ada,30,18,6.67,0.5,1,0
18.0,16.0,0.0,1.0,0.0,1.0,94.44,5.56,0.0,0.0,0.0,0.0,6a71f25e56c0266186cf5bf2,6a71f25a56c0266186cf5ae6,30,18,10.0,1.5,1,0
18.0,12.0,2.0,1.0,0.0,3.0,83.33,16.67,11.11,0.0,0.0,0.0,6a71f25e56c0266186cf5bf2,6a71f25a56c0266186cf5afe,30,18,10.0,2.0,1,0
18.0,11.0,2.0,4.0,1.0,0.0,100.0,0.0,11.11,0.0,0.0,-22.22,6a71f25f56c0266186cf5bf5,6a71f25956c0266186cf5abc,30,18,0.0,5.0,1,0
18.0,9.0,4.0,2.0,1.0,2.0,88.89,11.11,22.22,0.0,0.0,44.44,6a71f25f56c0266186cf5bf5,6a71f25956c0266186cf5ac8,30,18,6.67,1.0,1,0
18.0,14.0,0.0,0.0,1.0,3.0,83.33,16.67,0.0,66.67,1.0,-11.11,6a71f25f56c0266186cf5bf5,6a71f25a56c0266186cf5af8,30,18,13.33,0.0,1,0
18.0,13.0,1.0,2.0,0.0,2.0,88.89,11.11,5.56,33.33,1.0,-22.22,6a71f25f56c0266186cf5bf8,6a71f25956c0266186cf5ac2,30,18,6.67,3.5,1,0
18.0,10.0,5.0,2.0,0.0,1.0,94.44,5.56,27.78,0.0,0.0,33.33,6a71f25f56c0266186cf5bf8,6a71f25a56c0266186cf5b04,30,18,3.33,3.0,1,0
18.0,9.0,2.0,4.0,1.0,2.0,88.89,11.11,11.11,0.0,0.0,0.0,6a71f25f56c0266186cf5bf8,6a749bcdf6ccb57abf5e5d08,30,18,6.67,1.5,1,0
18.0,9.0,6.0,1.0,1.0,1.0,94.44,5.56,33.33,0.0,0.0,0.0,6a71f25f56c0266186cf5bfb,6a71f25956c0266186cf5ac2,30,18,6.67,0.5,1,0
18.0,9.0,4.0,4.0,1.0,0.0,100.0,0.0,22.22,0.0,0.0,-44.44,6a71f25f56c0266186cf5bfb,6a71f25a56c0266186cf5ada,30,18,0.0,5.0,1,0
18.0,11.0,1.0,3.0,1.0,2.0,88.89,11.11,5.56,33.33,0.0,-33.33,6a71f25f56c0266186cf5bfb,6a71f25a56c0266186cf5ae0,30,18,6.67,3.0,1,0
18.0,12.0,3.0,1.0,0.0,2.0,88.89,11.11,16.67,33.33,1.0,11.11,6a71f25f56c0266186cf5bfb,6a71f25a56c0266186cf5ae6,30,18,13.33,0.0,1,0
18.0,13.0,3.0,1.0,0.0,1.0,94.44,5.56,16.67,0.0,0.0,-22.22,6a71f25f56c0266186cf5bfb,6a71f25a56c0266186cf5b04,30,18,6.67,2.5,1,0
18.0,9.0,5.0,3.0,0.0,1.0,94.44,5.56,27.78,0.0,0.0,-22.22,6a71f25f56c0266186cf5bfb,6a749bcdf6ccb57abf5e5d08,30,18,16.67,0.0,1,0
18.0,10.0,3.0,2.0,0.0,3.0,83.33,16.67,16.67,0.0,0.0,33.33,6a71f25f56c0266186cf5bfe,6a71f25956c0266186cf5ab6,30,18,16.67,0.0,1,0
18.0,13.0,2.0,1.0,0.0,2.0,88.89,11.11,11.11,33.33,1.0,-11.11,6a71f25f56c0266186cf5bfe,6a71f25956c0266186cf5ace,30,18,6.67,4.0,1,0
18.0,6.0,4.0,3.0,2.0,3.0,83.33,16.67,22.22,0.0,0.0,-22.22,6a71f25f56c0266186cf5bfe,6a71f25a56c0266186cf5ae0,30,18,13.33,0.0,1,0
18.0,13.0,1.0,3.0,1.0,0.0,100.0,0.0,5.56,0.0,0.0,33.33,6a71f25f56c0266186cf5bfe,6a71f25a56c0266186cf5aec,30,18,3.33,4.5,1,0
18.0,11.0,3.0,2.0,1.0,1.0,94.44,5.56,16.67,33.33,0.0,-33.33,6a71f25f56c0266186cf5bfe,6a71f25a56c0266186cf5b04,30,18,3.33,2.5,1,0
18.0,13.0,2.0,1.0,0.0,2.0,88.89,11.11,11.11,0.0,0.0,33.33,6a71f25f56c0266186cf5c01,6a71f25956c0266186cf5ab6,30,18,6.67,3.5,1,0
18.0,10.0,4.0,2.0,2.0,0.0,100.0,0.0,22.22,0.0,0.0,0.0,6a71f25f56c0266186cf5c01,6a71f25956c0266186cf5ac8,30,18,0.0,4.5,1,0
18.0,10.0,4.0,1.0,2.0,1.0,94.44,5.56,22.22,0.0,0.0,22.22,6a71f25f56c0266186cf5c01,6a71f25a56c0266186cf5ad4,30,18,3.33,2.5,1,0
18.0,10.0,4.0,3.0,1.0,0.0,100.0,0.0,22.22,0.0,0.0,11.11,6a71f25f56c0266186cf5c01,6a71f25a56c0266186cf5b04,30,18,3.33,2.5,1,0
18.0,9.0,5.0,4.0,0.0,0.0,100.0,0.0,27.78,0.0,0.0,22.22,6a71f25f56c0266186cf5c04,6a71f25a56c0266186cf5ae6,30,18,0.0,2.0,1,0
18.0,14.0,0.0,1.0,0.0,3.0,83.33,16.67,0.0,33.33,0.0,0.0,6a71f25f56c0266186cf5c04,6a71f25a56c0266186cf5aec,30,18,10.0,1.0,1,0
18.0,12.0,2.0,2.0,1.0,1.0,94.44,5.56,11.11,33.33,1.0,-11.11,6a71f25f56c0266186cf5c04,6a749bcdf6ccb57abf5e5d08,30,18,10.0,1.5,1,0
18.0,12.0,2.0,1.0,0.0,3.0,83.33,16.67,11.11,0.0,0.0,-22.22,6a71f25f56c0266186cf5c07,6a71f25a56c0266186cf5ada,30,18,10.0,1.0,1,0
18.0,9.0,8.0,0.0,1.0,0.0,100.0,0.0,44.44,0.0,0.0,0.0,6a71f25f56c0266186cf5c07,6a71f25a56c0266186cf5af2,30,18,0.0,5.5,1,0
18.0,12.0,1.0,2.0,1.0,2.0,88.89,11.11,5.56,0.0,0.0,22.22,6a71f25f56c0266186cf5c0a,6a71f25956c0266186cf5ab6,30,18,6.67,1.5,1,0
18.0,16.0,0.0,0.0,0.0,2.0,88.89,11.11,0.0,0.0,0.0,22.22,6a71f25f56c0266186cf5c0a,6a71f25956c0266186cf5ac2,30,18,6.67,4.5,1,0
18.0,12.0,2.0,1.0,1.0,2.0,88.89,11.11,11.11,33.33,0.0,-33.33,6a71f25f56c0266186cf5c0a,6a71f25956c0266186cf5ac8,30,18,6.67,3.0,1,0
18.0,13.0,1.0,4.0,0.0,0.0,100.0,0.0,5.56,0.0,0.0,-22.22,6a71f25f56c0266186cf5c0a,6a71f25a56c0266186cf5aec,30,18,3.33,4.5,1,0
18.0,10.0,5.0,2.0,0.0,1.0,94.44,5.56,27.78,33.33,0.0,-11.11,6a71f25f56c0266186cf5c0a,6a71f25a56c0266186cf5af2,30,18,13.33,0.0,1,0
18.0,10.0,6.0,1.0,0.0,1.0,94.44,5.56,33.33,0.0,0.0,-22.22,6a71f25f56c0266186cf5c0a,6a71f25a56c0266186cf5af8,30,18,3.33,2.5,1,0
18.0,13.0,1.0,3.0,0.0,1.0,94.44,5.56,5.56,0.0,0.0,22.22,6a71f25f56c0266186cf5c0a,6a71f25a56c0266186cf5afe,30,18,3.33,4.0,1,0
18.0,14.0,0.0,2.0,0.0,2.0,88.89,11.11,0.0,33.33,1.0,-22.22,6a71f25f56c0266186cf5c0a,6a71f25a56c0266186cf5b04,30,18,13.33,0.0,1,0
18.0,10.0,5.0,1.0,0.0,2.0,88.89,11.11,27.78,33.33,1.0,11.11,6a71f25f56c0266186cf5c0d,6a71f25956c0266186cf5ab6,30,18,13.33,0.0,1,0
18.0,13.0,1.0,1.0,2.0,1.0,94.44,5.56,5.56,33.33,0.0,0.0,6a71f25f56c0266186cf5c0d,6a71f25a56c0266186cf5ae0,30,18,6.67,4.0,1,0
18.0,8.0,6.0,3.0,0.0,1.0,94.44,5.56,33.33,33.33,0.0,0.0,6a71f25f56c0266186cf5c0d,6a71f25a56c0266186cf5b0a,30,18,6.67,1.0,1,0
18.0,13.0,1.0,2.0,0.0,2.0,88.89,11.11,5.56,0.0,0.0,22.22,6a71f25f56c0266186cf5c10,6a71f25956c0266186cf5ab6,30,18,10.0,1.5,1,0
18.0,13.0,1.0,0.0,2.0,2.0,88.89,11.11,5.56,33.33,0.0,0.0,6a71f25f56c0266186cf5c10,6a71f25956c0266186cf5abc,30,18,6.67,3.5,1,0
18.0,11.0,1.0,3.0,2.0,1.0,94.44,5.56,5.56,0.0,0.0,-44.44,6a71f25f56c0266186cf5c10,6a71f25956c0266186cf5ac8,30,18,3.33,5.0,1,0
18.0,9.0,5.0,2.0,1.0,1.0,94.44,5.56,27.78,0.0,0.0,-11.11,6a71f25f56c0266186cf5c10,6a71f25a56c0266186cf5ae0,30,18,3.33,4.0,1,0
18.0,10.0,5.0,0.0,1.0,2.0,88.89,11.11,27.78,0.0,0.0,22.22,6a71f25f56c0266186cf5c13,6a71f25956c0266186cf5abc,30,18,6.67,1.0,1,0
18.0,15.0,2.0,0.0,0.0,1.0,94.44,5.56,11.11,33.33,0.0,-11.11,6a71f25f56c0266186cf5c13,6a71f25a56c0266186cf5ada,30,18,3.33,4.5,1,0
18.0,8.0,6.0,3.0,1.0,0.0,100.0,0.0,33.33,0.0,0.0,-11.11,6a71f25f56c0266186cf5c13,6a71f25a56c0266186cf5af2,30,18,0.0,4.0,1,0
18.0,16.0,0.0,0.0,0.0,2.0,88.89,11.11,0.0,33.33,0.0,-22.22,6a71f25f56c0266186cf5c13,6a749bcdf6ccb57abf5e5d08,30,18,10.0,2.5,1,0
18.0,13.0,2.0,2.0,0.0,1.0,94.44,5.56,11.11,33.33,1.0,11.11,6a71f25f56c0266186cf5c16,6a71f25956c0266186cf5abc,30,18,3.33,5.0,1,0
18.0,12.0,3.0,1.0,0.0,2.0,88.89,11.11,16.67,33.33,1.0,-11.11,6a71f25f56c0266186cf5c16,6a71f25956c0266186cf5ac2,30,18,6.67,3.0,1,0
18.0,14.0,2.0,0.0,0.0,2.0,88.89,11.11,11.11,0.0,0.0,22.22,6a71f25f56c0266186cf5c16,6a71f25956c0266186cf5ace,30,18,6.67,5.0,1,0
18.0,8.0,6.0,1.0,3.0,0.0,100.0,0.0,33.33,0.0,0.0,11.11,6a71f25f56c0266186cf5c16,6a71f25a56c0266186cf5ad4,30,18,0.0,6.0,1,0
18.0,11.0,3.0,2.0,1.0,1.0,94.44,5.56,16.67,0.0,0.0,11.11,6a71f25f56c0266186cf5c16,6a71f25a56c0266186cf5ae0,30,18,3.33,4.5,1,0
18.0,8.0,4.0,4.0,1.0,1.0,94.44,5.56,22.22,0.0,0.0,-11.11,6a71f25f56c0266186cf5c16,6a71f25a56c0266186cf5af2,30,18,3.33,2.0,1,0
18.0,11.0,7.0,0.0,0.0,0.0,100.0,0.0,38.89,0.0,0.0,0.0,6a71f25f56c0266186cf5c16,6a749bcdf6ccb57abf5e5d08,30,18,0.0,5.5,1,0
18.0,9.0,4.0,2.0,1.0,2.0,88.89,11.11,22.22,33.33,1.0,0.0,6a71f25f56c0266186cf5c19,6a71f25a56c0266186cf5aec,30,18,13.33,0.0,1,0
18.0,14.0,0.0,1.0,1.0,2.0,88.89,11.11,0.0,0.0,0.0,-11.11,6a71f25f56c0266186cf5c19,6a71f25a56c0266186cf5af2,30,18,6.67,4.0,1,0
18.0,14.0,0.0,2.0,1.0,1.0,94.44,5.56,0.0,0.0,0.0,33.33,6a71f25f56c0266186cf5c19,6a749bcdf6ccb57abf5e5d08,30,18,16.67,0.0,1,0
18.0,13.0,1.0,0.0,4.0,0.0,100.0,0.0,5.56,0.0,0.0,0.0,6a71f25f56c0266186cf5c1c,6a71f25956c0266186cf5ab6,30,18,0.0,8.0,0,0
18.0,10.0,1.0,1.0,3.0,3.0,83.33,16.67,5.56,0.0,0.0,0.0,6a71f25f56c0266186cf5c1c,6a71f25956c0266186cf5ac2,30,18,10.0,1.0,1,0
18.0,9.0,4.0,5.0,0.0,0.0,100.0,0.0,22.22,0.0,0.0,-11.11,6a71f25f56c0266186cf5c1c,6a71f25956c0266186cf5ac8,30,18,6.67,1.0,1,0
18.0,11.0,3.0,2.0,0.0,2.0,88.89,11.11,16.67,33.33,0.0,-22.22,6a71f25f56c0266186cf5c1c,6a71f25a56c0266186cf5af2,30,18,10.0,0.0,1,0
18.0,15.0,0.0,0.0,0.0,3.0,83.33,16.67,0.0,66.67,1.0,-11.11,6a71f25f56c0266186cf5c1f,6a71f25956c0266186cf5ac8,30,18,10.0,3.0,1,0
18.0,11.0,4.0,3.0,0.0,0.0,100.0,0.0,22.22,0.0,0.0,11.11,6a71f25f56c0266186cf5c1f,6a71f25956c0266186cf5ace,30,18,3.33,3.5,1,0
18.0,10.0,3.0,2.0,1.0,2.0,88.89,11.11,16.67,0.0,0.0,0.0,6a71f25f56c0266186cf5c1f,6a71f25a56c0266186cf5ae0,30,18,10.0,0.5,1,0
18.0,8.0,4.0,6.0,0.0,0.0,100.0,0.0,22.22,0.0,0.0,22.22,6a71f25f56c0266186cf5c1f,6a71f25a56c0266186cf5af8,30,18,0.0,4.5,1,0
18.0,11.0,2.0,4.0,1.0,0.0,100.0,0.0,11.11,0.0,0.0,22.22,6a71f25f56c0266186cf5c1f,6a71f25a56c0266186cf5afe,30,18,0.0,5.0,1,0
18.0,10.0,5.0,1.0,0.0,2.0,88.89,11.11,27.78,0.0,0.0,-11.11,6a71f25f56c0266186cf5c1f,6a71f25a56c0266186cf5b04,30,18,6.67,2.5,1,0
18.0,11.0,5.0,2.0,0.0,0.0,100.0,0.0,27.78,0.0,0.0,22.22,6a71f25f56c0266186cf5c1f,6a71f25a56c0266186cf5b0a,30,18,0.0,4.5,1,0
18.0,11.0,2.0,1.0,2.0,2.0,88.89,11.11,11.11,0.0,0.0,11.11,6a71f25f56c0266186cf5c22,6a71f25a56c0266186cf5ada,30,18,10.0,1.0,1,0
18.0,8.0,4.0,4.0,0.0,2.0,88.89,11.11,22.22,0.0,0.0,-44.44,6a71f25f56c0266186cf5c22,6a71f25a56c0266186cf5ae0,30,18,6.67,0.0,1,0
18.0,12.0,1.0,5.0,0.0,0.0,100.0,0.0,5.56,0.0,0.0,-33.33,6a71f25f56c0266186cf5c22,6a71f25a56c0266186cf5af2,30,18,0.0,6.0,1,0
18.0,13.0,1.0,2.0,0.0,2.0,88.89,11.11,5.56,0.0,0.0,-22.22,6a71f25f56c0266186cf5c22,6a71f25a56c0266186cf5af8,30,18,6.67,2.0,1,0
18.0,11.0,4.0,0.0,2.0,1.0,94.44,5.56,22.22,0.0,0.0,-11.11,6a71f25f56c0266186cf5c22,6a71f25a56c0266186cf5b0a,30,18,3.33,4.0,1,0
18.0,11.0,5.0,0.0,1.0,1.0,94.44,5.56,27.78,0.0,0.0,11.11,6a71f25f56c0266186cf5c25,6a71f25956c0266186cf5ac2,30,18,6.67,2.5,1,0
18.0,11.0,6.0,0.0,0.0,1.0,94.44,5.56,33.33,33.33,1.0,-11.11,6a71f25f56c0266186cf5c25,6a71f25a56c0266186cf5ada,30,18,3.33,2.5,1,0
18.0,15.0,0.0,1.0,0.0,2.0,88.89,11.11,0.0,0.0,0.0,-11.11,6a71f25f56c0266186cf5c25,6a71f25a56c0266186cf5af2,30,18,10.0,3.0,1,0
18.0,14.0,0.0,1.0,1.0,2.0,88.89,11.11,0.0,0.0,0.0,11.11,6a71f25f56c0266186cf5c25,6a71f25a56c0266186cf5afe,30,18,10.0,2.0,1,0
18.0,10.0,3.0,4.0,0.0,1.0,94.44,5.56,16.67,33.33,1.0,-11.11,6a71f25f56c0266186cf5c25,6a71f25a56c0266186cf5b04,30,18,3.33,2.5,1,0
18.0,13.0,3.0,1.0,0.0,1.0,94.44,5.56,16.67,33.33,1.0,0.0,6a71f25f56c0266186cf5c28,6a71f25956c0266186cf5ace,30,18,3.33,4.5,1,0
18.0,12.0,1.0,4.0,1.0,0.0,100.0,0.0,5.56,0.0,0.0,22.22,6a71f25f56c0266186cf5c28,6a71f25a56c0266186cf5ad4,30,18,0.0,6.5,1,0
18.0,11.0,3.0,2.0,1.0,1.0,94.44,5.56,16.67,0.0,0.0,33.33,6a71f25f56c0266186cf5c28,6a71f25a56c0266186cf5af8,30,18,3.33,3.5,1,0
18.0,8.0,4.0,2.0,2.0,2.0,88.89,11.11,22.22,0.0,0.0,22.22,6a71f25f56c0266186cf5c2b,6a71f25a56c0266186cf5ad4,30,18,10.0,0.0,1,0
18.0,10.0,7.0,0.0,0.0,1.0,94.44,5.56,38.89,33.33,0.0,-11.11,6a71f25f56c0266186cf5c2b,6a71f25a56c0266186cf5ae0,30,18,3.33,3.0,1,0
18.0,11.0,2.0,1.0,0.0,4.0,77.78,22.22,11.11,33.33,0.0,-11.11,6a71f25f56c0266186cf5c2b,6a71f25a56c0266186cf5aec,30,18,13.33,0.0,1,0
18.0,15.0,0.0,1.0,1.0,1.0,94.44,5.56,0.0,33.33,0.0,-22.22,6a71f25f56c0266186cf5c2e,6a71f25956c0266186cf5abc,30,18,10.0,1.5,1,0
18.0,10.0,4.0,2.0,0.0,2.0,88.89,11.11,22.22,33.33,0.0,0.0,6a71f25f56c0266186cf5c2e,6a71f25956c0266186cf5ac2,30,18,6.67,2.0,1,0
18.0,11.0,3.0,3.0,0.0,1.0,94.44,5.56,16.67,33.33,0.0,-22.22,6a71f25f56c0266186cf5c2e,6a71f25956c0266186cf5ace,30,18,3.33,3.0,1,0
18.0,10.0,1.0,5.0,0.0,2.0,88.89,11.11,5.56,0.0,0.0,-11.11,6a71f25f56c0266186cf5c2e,6a71f25a56c0266186cf5ada,30,18,6.67,1.5,1,0
18.0,9.0,3.0,1.0,3.0,2.0,88.89,11.11,16.67,0.0,0.0,11.11,6a71f25f56c0266186cf5c2e,6a71f25a56c0266186cf5af2,30,18,6.67,2.5,1,0
18.0,11.0,3.0,3.0,1.0,0.0,100.0,0.0,16.67,0.0,0.0,11.11,6a71f25f56c0266186cf5c2e,6a71f25a56c0266186cf5b0a,30,18,0.0,5.5,1,0
18.0,10.0,6.0,0.0,1.0,1.0,94.44,5.56,33.33,33.33,0.0,-11.11,6a71f26056c0266186cf5c31,6a71f25a56c0266186cf5afe,30,18,6.67,0.5,1,0
18.0,16.0,0.0,1.0,0.0,1.0,94.44,5.56,0.0,33.33,1.0,0.0,6a71f26056c0266186cf5c34,6a71f25956c0266186cf5ab6,30,18,3.33,7.0,0,0
18.0,13.0,1.0,3.0,0.0,1.0,94.44,5.56,5.56,0.0,0.0,0.0,6a71f26056c0266186cf5c34,6a71f25956c0266186cf5ac2,30,18,3.33,3.0,1,0
18.0,12.0,1.0,3.0,1.0,1.0,94.44,5.56,5.56,33.33,0.0,-22.22,6a71f26056c0266186cf5c34,6a71f25a56c0266186cf5ada,30,18,13.33,0.0,1,0
18.0,9.0,7.0,2.0,0.0,0.0,100.0,0.0,38.89,0.0,0.0,22.22,6a71f26056c0266186cf5c34,6a71f25a56c0266186cf5af8,30,18,3.33,2.5,1,0
18.0,11.0,4.0,1.0,1.0,1.0,94.44,5.56,22.22,0.0,0.0,-22.22,6a71f26056c0266186cf5c34,6a71f25a56c0266186cf5b04,30,18,6.67,3.5,1,0
18.0,13.0,1.0,1.0,2.0,1.0,94.44,5.56,5.56,0.0,0.0,0.0,6a71f26056c0266186cf5c37,6a71f25956c0266186cf5ab6,30,18,6.67,4.0,1,0
18.0,14.0,2.0,0.0,0.0,2.0,88.89,11.11,11.11,33.33,1.0,0.0,6a71f26056c0266186cf5c37,6a71f25956c0266186cf5abc,30,18,6.67,3.5,1,0
18.0,10.0,3.0,3.0,1.0,1.0,94.44,5.56,16.67,33.33,0.0,0.0,6a71f26056c0266186cf5c37,6a71f25956c0266186cf5ac8,30,18,3.33,3.0,1,0
18.0,18.0,0.0,0.0,0.0,0.0,100.0,0.0,0.0,0.0,0.0,0.0,6a71f26056c0266186cf5c37,6a71f25a56c0266186cf5ad4,30,18,6.67,6.0,1,0
18.0,11.0,3.0,2.0,0.0,2.0,88.89,11.11,16.67,33.33,0.0,0.0,6a71f26056c0266186cf5c37,6a71f25a56c0266186cf5ada,30,18,6.67,1.5,1,0
18.0,13.0,0.0,2.0,1.0,2.0,88.89,11.11,0.0,0.0,0.0,-44.44,6a71f26056c0266186cf5c37,6a71f25a56c0266186cf5af8,30,18,6.67,2.5,1,0
18.0,10.0,4.0,1.0,2.0,1.0,94.44,5.56,22.22,0.0,0.0,-22.22,6a71f26056c0266186cf5c3a,6a71f25956c0266186cf5ac2,30,18,3.33,5.0,1,0
18.0,9.0,7.0,1.0,1.0,0.0,100.0,0.0,38.89,0.0,0.0,-11.11,6a71f26056c0266186cf5c3a,6a749bcdf6ccb57abf5e5d08,30,18,0.0,4.5,1,0
18.0,12.0,3.0,0.0,1.0,2.0,88.89,11.11,16.67,33.33,0.0,0.0,6a71f26056c0266186cf5c3d,6a71f25956c0266186cf5ab6,30,18,10.0,1.5,1,0
18.0,9.0,4.0,3.0,2.0,0.0,100.0,0.0,22.22,0.0,0.0,11.11,6a71f26056c0266186cf5c3d,6a71f25956c0266186cf5ac2,30,18,0.0,4.5,1,0
18.0,14.0,0.0,3.0,0.0,1.0,94.44,5.56,0.0,33.33,1.0,-22.22,6a71f26056c0266186cf5c3d,6a71f25a56c0266186cf5aec,30,18,3.33,4.0,1,0
18.0,13.0,1.0,2.0,0.0,2.0,88.89,11.11,5.56,33.33,1.0,0.0,6a71f26056c0266186cf5c3d,6a71f25a56c0266186cf5af2,30,18,6.67,3.0,1,0
18.0,11.0,3.0,3.0,0.0,1.0,94.44,5.56,16.67,0.0,0.0,-44.44,6a71f26056c0266186cf5c40,6a71f25a56c0266186cf5ada,30,18,3.33,4.0,1,0
18.0,10.0,3.0,2.0,1.0,2.0,88.89,11.11,16.67,33.33,1.0,-22.22,6a71f26056c0266186cf5c43,6a71f25956c0266186cf5ab6,30,18,6.67,2.0,1,0
18.0,13.0,0.0,3.0,1.0,1.0,94.44,5.56,0.0,33.33,0.0,22.22,6a71f26056c0266186cf5c43,6a71f25956c0266186cf5ac8,30,18,3.33,5.0,1,0
18.0,12.0,1.0,3.0,2.0,0.0,100.0,0.0,5.56,0.0,0.0,-33.33,6a71f26056c0266186cf5c43,6a71f25956c0266186cf5ace,30,18,0.0,6.0,1,0
18.0,12.0,1.0,3.0,1.0,1.0,94.44,5.56,5.56,0.0,0.0,22.22,6a71f26056c0266186cf5c43,6a71f25a56c0266186cf5ada,30,18,3.33,4.5,1,0
18.0,10.0,3.0,4.0,1.0,0.0,100.0,0.0,16.67,0.0,0.0,-22.22,6a71f26056c0266186cf5c43,6a71f25a56c0266186cf5af2,30,18,0.0,6.0,1,0
18.0,14.0,0.0,3.0,1.0,0.0,100.0,0.0,0.0,0.0,0.0,-11.11,6a71f26056c0266186cf5c46,6a71f25956c0266186cf5ab6,30,18,0.0,7.5,0,0
18.0,10.0,4.0,3.0,0.0,1.0,94.44,5.56,22.22,0.0,0.0,44.44,6a71f26056c0266186cf5c46,6a71f25956c0266186cf5ac2,30,18,3.33,3.0,1,0
18.0,8.0,3.0,3.0,1.0,3.0,83.33,16.67,16.67,33.33,0.0,-44.44,6a71f26056c0266186cf5c46,6a71f25956c0266186cf5ac8,30,18,10.0,0.0,1,0
18.0,14.0,1.0,2.0,0.0,1.0,94.44,5.56,5.56,33.33,0.0,-11.11,6a71f26056c0266186cf5c46,6a71f25956c0266186cf5ace,30,18,3.33,6.0,1,0
18.0,11.0,1.0,2.0,2.0,2.0,88.89,11.11,5.56,33.33,0.0,0.0,6a71f26056c0266186cf5c46,6a71f25a56c0266186cf5ae6,30,18,6.67,3.5,1,0
18.0,12.0,4.0,0.0,2.0,0.0,100.0,0.0,22.22,0.0,0.0,0.0,6a71f26056c0266186cf5c46,6a71f25a56c0266186cf5b0a,30,18,0.0,7.0,0,0
18.0,11.0,1.0,3.0,2.0,1.0,94.44,5.56,5.56,33.33,0.0,-22.22,6a71f26056c0266186cf5c46,6a749bcdf6ccb57abf5e5d08,30,18,10.0,0.5,1,0
18.0,10.0,6.0,1.0,0.0,1.0,94.44,5.56,33.33,33.33,0.0,-22.22,6a71f26056c0266186cf5c49,6a71f25956c0266186cf5abc,30,18,6.67,1.0,1,0
18.0,12.0,1.0,3.0,0.0,2.0,88.89,11.11,5.56,0.0,0.0,-11.11,6a71f26056c0266186cf5c49,6a71f25956c0266186cf5ac2,30,18,10.0,1.0,1,0
18.0,15.0,0.0,3.0,0.0,0.0,100.0,0.0,0.0,0.0,0.0,11.11,6a71f26056c0266186cf5c49,6a71f25956c0266186cf5ac8,30,18,0.0,6.0,1,0
18.0,12.0,3.0,0.0,0.0,3.0,83.33,16.67,16.67,0.0,0.0,-11.11,6a71f26056c0266186cf5c49,6a71f25a56c0266186cf5b0a,30,18,10.0,2.0,1,0
18.0,8.0,3.0,5.0,1.0,1.0,94.44,5.56,16.67,0.0,0.0,22.22,6a71f26056c0266186cf5c4c,6a71f25956c0266186cf5ab6,30,18,3.33,2.5,1,0
18.0,12.0,3.0,0.0,3.0,0.0,100.0,0.0,16.67,0.0,0.0,0.0,6a71f26056c0266186cf5c4c,6a71f25956c0266186cf5ac2,30,18,0.0,7.5,0,0
18.0,12.0,1.0,3.0,0.0,2.0,88.89,11.11,5.56,33.33,1.0,-11.11,6a71f26056c0266186cf5c4c,6a71f25956c0266186cf5ace,30,18,13.33,0.0,1,0
18.0,10.0,4.0,1.0,1.0,2.0,88.89,11.11,22.22,33.33,1.0,-33.33,6a71f26056c0266186cf5c4c,6a71f25a56c0266186cf5ae0,30,18,10.0,0.0,1,0
18.0,8.0,3.0,3.0,1.0,3.0,83.33,16.67,16.67,0.0,0.0,0.0,6a71f26056c0266186cf5c4c,6a71f25a56c0266186cf5ae6,30,18,10.0,0.0,1,0
18.0,11.0,1.0,3.0,1.0,2.0,88.89,11.11,5.56,33.33,1.0,-11.11,6a71f26056c0266186cf5c4c,6a71f25a56c0266186cf5b04,30,18,10.0,0.0,1,0
18.0,10.0,2.0,5.0,0.0,1.0,94.44,5.56,11.11,0.0,0.0,0.0,6a71f26056c0266186cf5c4c,6a71f25a56c0266186cf5b0a,30,18,6.67,2.5,1,0
18.0,9.0,8.0,0.0,0.0,1.0,94.44,5.56,44.44,0.0,0.0,-11.11,6a71f26056c0266186cf5c4f,6a71f25956c0266186cf5abc,30,18,3.33,2.0,1,0
18.0,11.0,3.0,1.0,2.0,1.0,94.44,5.56,16.67,0.0,0.0,22.22,6a71f26056c0266186cf5c4f,6a71f25a56c0266186cf5ad4,30,18,3.33,4.5,1,0
18.0,12.0,4.0,1.0,0.0,1.0,94.44,5.56,22.22,33.33,1.0,0.0,6a71f26056c0266186cf5c4f,6a71f25a56c0266186cf5ada,30,18,3.33,4.0,1,0
18.0,10.0,4.0,4.0,0.0,0.0,100.0,0.0,22.22,0.0,0.0,22.22,6a71f26056c0266186cf5c4f,6a71f25a56c0266186cf5b04,30,18,0.0,5.0,1,0
18.0,11.0,3.0,2.0,0.0,2.0,88.89,11.11,16.67,66.67,1.0,0.0,6a71f26056c0266186cf5c52,6a71f25a56c0266186cf5af8,30,18,6.67,3.0,1,0
18.0,8.0,4.0,3.0,1.0,2.0,88.89,11.11,22.22,0.0,0.0,11.11,6a71f26056c0266186cf5c55,6a71f25956c0266186cf5abc,30,18,10.0,0.0,1,0
18.0,11.0,3.0,1.0,0.0,3.0,83.33,16.67,16.67,33.33,0.0,22.22,6a71f26056c0266186cf5c55,6a71f25956c0266186cf5ac2,30,18,13.33,0.0,1,0
18.0,11.0,4.0,2.0,0.0,1.0,94.44,5.56,22.22,33.33,0.0,11.11,6a71f26056c0266186cf5c55,6a71f25a56c0266186cf5ad4,30,18,3.33,2.5,1,0
18.0,12.0,2.0,0.0,2.0,2.0,88.89,11.11,11.11,33.33,1.0,-22.22,6a71f26056c0266186cf5c55,6a71f25a56c0266186cf5af2,30,18,6.67,3.5,1,0
18.0,8.0,3.0,1.0,5.0,1.0,94.44,5.56,16.67,0.0,0.0,22.22,6a71f26056c0266186cf5c55,6a71f25a56c0266186cf5af8,30,18,3.33,5.5,1,0
18.0,12.0,2.0,1.0,1.0,2.0,88.89,11.11,11.11,0.0,0.0,33.33,6a71f26056c0266186cf5c55,6a71f25a56c0266186cf5b0a,30,18,6.67,2.0,1,0
18.0,10.0,1.0,3.0,2.0,2.0,88.89,11.11,5.56,0.0,0.0,11.11,6a71f26056c0266186cf5c58,6a71f25956c0266186cf5abc,30,18,10.0,1.5,1,0
18.0,13.0,2.0,1.0,1.0,1.0,94.44,5.56,11.11,33.33,0.0,-22.22,6a71f26056c0266186cf5c5e,6a71f25a56c0266186cf5ada,30,18,3.33,6.0,1,0
18.0,14.0,0.0,2.0,1.0,1.0,94.44,5.56,0.0,33.33,0.0,-33.33,6a71f26056c0266186cf5c5e,6a71f25a56c0266186cf5ae0,30,18,6.67,3.5,1,0
18.0,12.0,3.0,1.0,0.0,2.0,88.89,11.11,16.67,0.0,0.0,-33.33,6a71f26056c0266186cf5c5e,6a71f25a56c0266186cf5ae6,30,18,10.0,0.5,1,0
18.0,10.0,3.0,2.0,0.0,3.0,83.33,16.67,16.67,0.0,0.0,11.11,6a71f26056c0266186cf5c5e,6a71f25a56c0266186cf5b04,30,18,10.0,0.5,1,0
18.0,14.0,2.0,0.0,0.0,2.0,88.89,11.11,11.11,33.33,0.0,-22.22,6a71f26056c0266186cf5c61,6a71f25a56c0266186cf5ae0,30,18,6.67,2.0,1,0
18.0,8.0,6.0,1.0,2.0,1.0,94.44,5.56,33.33,0.0,0.0,22.22,6a71f26056c0266186cf5c61,6a71f25a56c0266186cf5af8,30,18,3.33,3.0,1,0
18.0,12.0,3.0,2.0,0.0,1.0,94.44,5.56,16.67,33.33,1.0,-33.33,6a71f26056c0266186cf5c61,6a71f25a56c0266186cf5afe,30,18,3.33,4.5,1,0
18.0,11.0,3.0,1.0,1.0,2.0,88.89,11.11,16.67,33.33,1.0,-11.11,6a71f26056c0266186cf5c64,6a71f25956c0266186cf5ac2,30,18,6.67,2.0,1,0
18.0,7.0,6.0,3.0,2.0,0.0,100.0,0.0,33.33,0.0,0.0,11.11,6a71f26056c0266186cf5c64,6a71f25956c0266186cf5ac8,30,18,0.0,3.5,1,0
18.0,9.0,3.0,5.0,0.0,1.0,94.44,5.56,16.67,0.0,0.0,22.22,6a71f26056c0266186cf5c64,6a71f25a56c0266186cf5ad4,30,18,10.0,0.0,1,0
18.0,13.0,2.0,0.0,2.0,1.0,94.44,5.56,11.11,33.33,1.0,-11.11,6a71f26056c0266186cf5c64,6a71f25a56c0266186cf5af2,30,18,3.33,5.0,1,0
18.0,9.0,4.0,4.0,0.0,1.0,94.44,5.56,22.22,0.0,0.0,33.33,6a71f26056c0266186cf5c64,6a71f25a56c0266186cf5afe,30,18,3.33,1.5,1,0
18.0,14.0,0.0,2.0,0.0,2.0,88.89,11.11,0.0,33.33,1.0,22.22,6a71f26056c0266186cf5c64,6a71f25a56c0266186cf5b0a,30,18,10.0,2.0,1,0
18.0,8.0,2.0,5.0,1.0,2.0,88.89,11.11,11.11,0.0,0.0,33.33,6a71f26056c0266186cf5c67,6a71f25a56c0266186cf5aec,30,18,10.0,0.0,1,0
18.0,8.0,5.0,2.0,0.0,3.0,83.33,16.67,27.78,0.0,0.0,33.33,6a71f26056c0266186cf5c67,6a71f25a56c0266186cf5b0a,30,18,10.0,0.0,1,0
18.0,12.0,1.0,1.0,1.0,3.0,83.33,16.67,5.56,33.33,0.0,0.0,6a71f26156c0266186cf5c6a,6a71f25a56c0266186cf5ae0,30,18,13.33,0.0,1,0
18.0,13.0,2.0,0.0,1.0,2.0,88.89,11.11,11.11,33.33,0.0,-22.22,6a71f26156c0266186cf5c6a,6a71f25a56c0266186cf5b0a,30,18,6.67,2.5,1,0
18.0,10.0,4.0,0.0,2.0,2.0,88.89,11.11,22.22,0.0,0.0,-22.22,6a71f26156c0266186cf5c6a,6a749bcdf6ccb57abf5e5d08,30,18,6.67,0.5,1,0
18.0,12.0,1.0,1.0,1.0,3.0,83.33,16.67,5.56,0.0,0.0,0.0,6a71f26156c0266186cf5c6d,6a71f25956c0266186cf5abc,30,18,10.0,1.0,1,0
18.0,12.0,4.0,1.0,0.0,1.0,94.44,5.56,22.22,33.33,0.0,-22.22,6a71f26156c0266186cf5c6d,6a71f25a56c0266186cf5ae0,30,18,3.33,3.5,1,0
18.0,9.0,5.0,4.0,0.0,0.0,100.0,0.0,27.78,0.0,0.0,0.0,6a71f26156c0266186cf5c70,6a71f25956c0266186cf5ab6,30,18,0.0,4.0,1,0
18.0,13.0,2.0,1.0,0.0,2.0,88.89,11.11,11.11,33.33,0.0,-11.11,6a71f26156c0266186cf5c70,6a71f25956c0266186cf5abc,30,18,6.67,2.5,1,0
18.0,12.0,1.0,3.0,0.0,2.0,88.89,11.11,5.56,33.33,1.0,-33.33,6a71f26156c0266186cf5c70,6a71f25956c0266186cf5ac8,30,18,10.0,0.5,1,0
18.0,13.0,1.0,0.0,1.0,3.0,83.33,16.67,5.56,0.0,0.0,33.33,6a71f26156c0266186cf5c73,6a71f25956c0266186cf5abc,30,18,13.33,0.0,1,0
18.0,14.0,1.0,0.0,1.0,2.0,88.89,11.11,5.56,33.33,0.0,-22.22,6a71f26156c0266186cf5c73,6a71f25a56c0266186cf5ae6,30,18,6.67,5.0,1,0
18.0,9.0,5.0,3.0,1.0,0.0,100.0,0.0,27.78,0.0,0.0,11.11,6a71f26156c0266186cf5c73,6a71f25a56c0266186cf5af2,30,18,3.33,2.5,1,0
18.0,9.0,2.0,5.0,1.0,1.0,94.44,5.56,11.11,0.0,0.0,22.22,6a71f26156c0266186cf5c76,6a71f25a56c0266186cf5afe,30,18,3.33,4.0,1,0
18.0,12.0,1.0,3.0,0.0,2.0,88.89,11.11,5.56,33.33,1.0,33.33,6a71f26156c0266186cf5c79,6a71f25956c0266186cf5ac8,30,18,6.67,2.5,1,0
18.0,11.0,2.0,2.0,0.0,3.0,83.33,16.67,11.11,0.0,0.0,-33.33,6a71f26156c0266186cf5c79,6a71f25956c0266186cf5ace,30,18,13.33,0.0,1,0
18.0,14.0,2.0,1.0,0.0,1.0,94.44,5.56,11.11,33.33,1.0,0.0,6a71f26156c0266186cf5c79,6a71f25a56c0266186cf5ad4,30,18,3.33,5.5,1,0
18.0,12.0,2.0,2.0,0.0,2.0,88.89,11.11,11.11,33.33,0.0,-22.22,6a71f26156c0266186cf5c79,6a71f25a56c0266186cf5ada,30,18,6.67,1.5,1,0
18.0,14.0,0.0,3.0,1.0,0.0,100.0,0.0,0.0,0.0,0.0,33.33,6a71f26156c0266186cf5c79,6a71f25a56c0266186cf5ae6,30,18,0.0,8.0,0,0
18.0,11.0,3.0,1.0,1.0,2.0,88.89,11.11,16.67,33.33,1.0,-33.33,6a71f26156c0266186cf5c79,6a71f25a56c0266186cf5afe,30,18,10.0,0.0,1,0
18.0,14.0,0.0,0.0,2.0,2.0,88.89,11.11,0.0,0.0,0.0,0.0,6a71f26156c0266186cf5c7c,6a71f25956c0266186cf5ab6,30,18,10.0,2.0,1,0
18.0,12.0,2.0,0.0,1.0,3.0,83.33,16.67,11.11,0.0,0.0,-11.11,6a71f26156c0266186cf5c7c,6a71f25956c0266186cf5abc,30,18,13.33,0.0,1,0
18.0,12.0,2.0,0.0,3.0,1.0,94.44,5.56,11.11,0.0,0.0,11.11,6a71f26156c0266186cf5c7c,6a71f25956c0266186cf5ac2,30,18,3.33,6.5,1,0
18.0,10.0,3.0,1.0,1.0,3.0,83.33,16.67,16.67,0.0,0.0,0.0,6a71f26156c0266186cf5c7f,6a71f25a56c0266186cf5ad4,30,18,10.0,0.5,1,0
18.0,9.0,2.0,2.0,4.0,1.0,94.44,5.56,11.11,0.0,0.0,-11.11,6a71f26156c0266186cf5c7f,6a71f25a56c0266186cf5b04,30,18,3.33,4.5,1,0
18.0,12.0,1.0,1.0,3.0,1.0,94.44,5.56,5.56,0.0,0.0,0.0,6a71f26156c0266186cf5c7f,6a71f25a56c0266186cf5b0a,30,18,6.67,4.0,1,0
18.0,10.0,3.0,2.0,3.0,0.0,100.0,0.0,16.67,0.0,0.0,0.0,6a71f26156c0266186cf5c82,6a71f25956c0266186cf5ac8,30,18,0.0,5.5,1,0
18.0,13.0,0.0,3.0,1.0,1.0,94.44,5.56,0.0,33.33,1.0,-44.44,6a71f26156c0266186cf5c82,6a71f25a56c0266186cf5ad4,30,18,3.33,6.0,1,0
18.0,11.0,3.0,1.0,1.0,2.0,88.89,11.11,16.67,0.0,0.0,-11.11,6a71f26156c0266186cf5c88,6a71f25a56c0266186cf5ada,30,18,10.0,1.0,1,0
18.0,12.0,2.0,4.0,0.0,0.0,100.0,0.0,11.11,0.0,0.0,44.44,6a71f26156c0266186cf5c88,6a71f25a56c0266186cf5ae0,30,18,0.0,6.0,1,0
18.0,12.0,3.0,1.0,0.0,2.0,88.89,11.11,16.67,33.33,1.0,-33.33,6a71f26156c0266186cf5c88,6a71f25a56c0266186cf5ae6,30,18,10.0,0.5,1,0
18.0,11.0,3.0,2.0,0.0,2.0,88.89,11.11,16.67,0.0,0.0,22.22,6a71f26156c0266186cf5c8b,6a71f25a56c0266186cf5af2,30,18,6.67,2.5,1,0
18.0,13.0,0.0,4.0,1.0,0.0,100.0,0.0,0.0,0.0,0.0,-22.22,6a71f26156c0266186cf5c8b,6a71f25a56c0266186cf5afe,30,18,3.33,5.0,1,0
18.0,12.0,1.0,0.0,3.0,2.0,88.89,11.11,5.56,0.0,0.0,-22.22,6a71f26156c0266186cf5c8b,6a749bcdf6ccb57abf5e5d08,30,18,13.33,0.0,1,0
18.0,14.0,1.0,0.0,0.0,3.0,83.33,16.67,5.56,0.0,0.0,11.11,6a71f26156c0266186cf5c8e,6a71f25a56c0266186cf5aec,30,18,10.0,1.5,1,0
18.0,12.0,2.0,4.0,0.0,0.0,100.0,0.0,11.11,0.0,0.0,0.0,6a71f26156c0266186cf5c8e,6a749bcdf6ccb57abf5e5d08,30,18,0.0,5.0,1,0
18.0,10.0,3.0,5.0,0.0,0.0,100.0,0.0,16.67,0.0,0.0,-33.33,6a71f26156c0266186cf5c91,6a71f25956c0266186cf5ac2,30,18,3.33,3.5,1,0
18.0,13.0,1.0,0.0,0.0,4.0,77.78,22.22,5.56,0.0,0.0,0.0,6a71f26156c0266186cf5c91,6a71f25a56c0266186cf5ada,30,18,13.33,0.0,1,0
18.0,7.0,4.0,4.0,2.0,1.0,94.44,5.56,22.22,33.33,0.0,-11.11,6a71f26156c0266186cf5c91,6a71f25a56c0266186cf5aec,30,18,3.33,2.5,1,0
18.0,11.0,3.0,1.0,1.0,2.0,88.89,11.11,16.67,33.33,1.0,11.11,6a71f26156c0266186cf5c91,6a71f25a56c0266186cf5afe,30,18,6.67,3.0,1,0
18.0,10.0,2.0,3.0,1.0,2.0,88.89,11.11,11.11,33.33,1.0,-33.33,6a71f26156c0266186cf5c94,6a71f25a56c0266186cf5ada,30,18,6.67,2.0,1,0
18.0,10.0,6.0,2.0,0.0,0.0,100.0,0.0,33.33,0.0,0.0,-22.22,6a71f26156c0266186cf5c94,6a71f25a56c0266186cf5aec,30,18,0.0,5.0,1,0
18.0,12.0,1.0,1.0,1.0,3.0,83.33,16.67,5.56,0.0,0.0,22.22,6a71f26156c0266186cf5c97,6a71f25956c0266186cf5ac2,30,18,13.33,0.0,1,0
18.0,11.0,4.0,1.0,1.0,1.0,94.44,5.56,22.22,33.33,1.0,0.0,6a71f26156c0266186cf5c97,6a71f25a56c0266186cf5ad4,30,18,6.67,2.5,1,0
18.0,11.0,2.0,3.0,0.0,2.0,88.89,11.11,11.11,0.0,0.0,11.11,6a71f26156c0266186cf5c9a,6a71f25a56c0266186cf5ada,30,18,6.67,2.0,1,0
18.0,9.0,6.0,1.0,1.0,1.0,94.44,5.56,33.33,0.0,0.0,-22.22,6a71f26156c0266186cf5c9a,6a71f25a56c0266186cf5ae0,30,18,6.67,1.5,1,0
18.0,12.0,2.0,1.0,1.0,2.0,88.89,11.11,11.11,0.0,0.0,-33.33,6a71f26156c0266186cf5c9d,6a71f25a56c0266186cf5af2,30,18,6.67,2.5,1,0
18.0,9.0,6.0,2.0,0.0,1.0,94.44,5.56,33.33,33.33,0.0,-11.11,6a71f26156c0266186cf5c9d,6a749bcdf6ccb57abf5e5d08,30,18,3.33,2.5,1,0
18.0,11.0,2.0,3.0,1.0,1.0,94.44,5.56,11.11,33.33,1.0,0.0,6a71f26156c0266186cf5ca0,6a71f25a56c0266186cf5aec,30,18,6.67,3.0,1,0
18.0,13.0,2.0,0.0,2.0,1.0,94.44,5.56,11.11,0.0,0.0,-11.11,6a71f26156c0266186cf5ca0,6a71f25a56c0266186cf5af8,30,18,6.67,4.0,1,0
18.0,11.0,2.0,4.0,0.0,1.0,94.44,5.56,11.11,0.0,0.0,11.11,6a71f26156c0266186cf5ca0,6a71f25a56c0266186cf5afe,30,18,6.67,2.5,1,0
18.0,11.0,2.0,4.0,0.0,1.0,94.44,5.56,11.11,0.0,0.0,33.33,6a71f26156c0266186cf5ca3,6a71f25956c0266186cf5abc,30,18,3.33,3.0,1,0
18.0,15.0,0.0,0.0,2.0,1.0,94.44,5.56,0.0,0.0,0.0,-11.11,6a71f26156c0266186cf5ca3,6a71f25956c0266186cf5ac8,30,18,3.33,5.5,1,0
18.0,13.0,2.0,1.0,1.0,1.0,94.44,5.56,11.11,33.33,1.0,0.0,6a71f26156c0266186cf5ca3,6a71f25956c0266186cf5ace,30,18,3.33,5.5,1,0
18.0,10.0,4.0,4.0,0.0,0.0,100.0,0.0,22.22,0.0,0.0,-44.44,6a71f26156c0266186cf5ca3,6a71f25a56c0266186cf5ad4,30,18,3.33,2.0,1,0
18.0,13.0,2.0,0.0,1.0,2.0,88.89,11.11,11.11,33.33,1.0,0.0,6a71f26156c0266186cf5ca3,6a71f25a56c0266186cf5aec,30,18,10.0,2.0,1,0
18.0,10.0,4.0,3.0,0.0,1.0,94.44,5.56,22.22,33.33,0.0,-22.22,6a71f26156c0266186cf5ca3,6a71f25a56c0266186cf5af2,30,18,13.33,0.0,1,0
18.0,8.0,5.0,3.0,0.0,2.0,88.89,11.11,27.78,0.0,0.0,11.11,6a71f26256c0266186cf5ca6,6a71f25956c0266186cf5abc,30,18,10.0,0.0,1,0
18.0,10.0,2.0,4.0,2.0,0.0,100.0,0.0,11.11,0.0,0.0,0.0,6a71f26256c0266186cf5ca6,6a71f25a56c0266186cf5ad4,30,18,3.33,4.0,1,0
18.0,12.0,1.0,0.0,4.0,1.0,94.44,5.56,5.56,33.33,0.0,-11.11,6a71f26256c0266186cf5ca6,6a71f25a56c0266186cf5ae0,30,18,3.33,5.5,1,0
18.0,10.0,2.0,5.0,0.0,1.0,94.44,5.56,11.11,0.0,0.0,-44.44,6a71f26256c0266186cf5ca6,6a71f25a56c0266186cf5ae6,30,18,3.33,1.0,1,0
18.0,13.0,2.0,2.0,0.0,1.0,94.44,5.56,11.11,0.0,0.0,-33.33,6a71f26256c0266186cf5ca6,6a71f25a56c0266186cf5aec,30,18,3.33,4.5,1,0
18.0,11.0,2.0,2.0,1.0,2.0,88.89,11.11,11.11,33.33,0.0,22.22,6a71f26256c0266186cf5ca6,6a71f25a56c0266186cf5b0a,30,18,6.67,3.0,1,0
18.0,11.0,1.0,4.0,1.0,1.0,94.44,5.56,5.56,0.0,0.0,55.56,6a71f26256c0266186cf5ca9,6a71f25a56c0266186cf5af8,30,18,6.67,3.0,1,0
18.0,8.0,5.0,1.0,1.0,3.0,83.33,16.67,27.78,0.0,0.0,22.22,6a71f26256c0266186cf5ca9,6a71f25a56c0266186cf5afe,30,18,10.0,0.0,1,0
18.0,11.0,2.0,2.0,2.0,1.0,94.44,5.56,11.11,33.33,0.0,-11.11,6a71f26256c0266186cf5ca9,6a71f25a56c0266186cf5b04,30,18,3.33,4.0,1,0
18.0,11.0,1.0,4.0,2.0,0.0,100.0,0.0,5.56,0.0,0.0,22.22,6a71f26256c0266186cf5cac,6a71f25956c0266186cf5ab6,30,18,0.0,6.5,1,0
18.0,11.0,1.0,2.0,1.0,3.0,83.33,16.67,5.56,0.0,0.0,-11.11,6a71f26256c0266186cf5cac,6a71f25956c0266186cf5abc,30,18,10.0,0.0,1,0
18.0,11.0,2.0,5.0,0.0,0.0,100.0,0.0,11.11,0.0,0.0,-33.33,6a71f26256c0266186cf5cac,6a71f25956c0266186cf5ac8,30,18,0.0,4.0,1,0
18.0,11.0,2.0,2.0,0.0,3.0,83.33,16.67,11.11,33.33,1.0,-11.11,6a71f26256c0266186cf5cac,6a71f25a56c0266186cf5af2,30,18,10.0,1.0,1,0
18.0,8.0,4.0,4.0,0.0,2.0,88.89,11.11,22.22,0.0,0.0,0.0,6a71f26256c0266186cf5caf,6a71f25956c0266186cf5ac2,30,18,6.67,0.5,1,0
18.0,10.0,1.0,6.0,1.0,0.0,100.0,0.0,5.56,0.0,0.0,0.0,6a71f26256c0266186cf5caf,6a71f25956c0266186cf5ac8,30,18,3.33,3.0,1,0
18.0,12.0,3.0,2.0,0.0,1.0,94.44,5.56,16.67,0.0,0.0,-33.33,6a71f26256c0266186cf5caf,6a71f25956c0266186cf5ace,30,18,3.33,4.0,1,0
18.0,9.0,4.0,1.0,2.0,2.0,88.89,11.11,22.22,33.33,1.0,11.11,6a71f26256c0266186cf5caf,6a71f25a56c0266186cf5af2,30,18,6.67,3.5,1,0
18.0,15.0,0.0,1.0,2.0,0.0,100.0,0.0,0.0,0.0,0.0,11.11,6a71f26256c0266186cf5cb2,6a71f25956c0266186cf5ace,30,18,0.0,7.5,0,0
18.0,11.0,4.0,1.0,2.0,0.0,100.0,0.0,22.22,0.0,0.0,11.11,6a71f26256c0266186cf5cb5,6a71f25956c0266186cf5abc,30,18,3.33,4.0,1,0
18.0,9.0,5.0,1.0,0.0,3.0,83.33,16.67,27.78,0.0,0.0,0.0,6a71f26256c0266186cf5cb5,6a71f25a56c0266186cf5ae0,30,18,10.0,0.0,1,0
18.0,14.0,1.0,0.0,1.0,2.0,88.89,11.11,5.56,33.33,0.0,0.0,6a71f26256c0266186cf5cb5,6a71f25a56c0266186cf5af2,30,18,13.33,0.0,1,0
18.0,10.0,5.0,1.0,0.0,2.0,88.89,11.11,27.78,33.33,0.0,-11.11,6a71f26256c0266186cf5cb5,6a71f25a56c0266186cf5b0a,30,18,6.67,0.0,1,0
18.0,15.0,1.0,0.0,0.0,2.0,88.89,11.11,5.56,0.0,0.0,-22.22,6a71f26256c0266186cf5cb8,6a71f25a56c0266186cf5af2,30,18,6.67,5.0,1,0
18.0,17.0,0.0,0.0,0.0,1.0,94.44,5.56,0.0,0.0,0.0,11.11,6a71f26256c0266186cf5cb8,6a71f25a56c0266186cf5af8,30,18,3.33,7.0,0,0
18.0,15.0,1.0,0.0,1.0,1.0,94.44,5.56,5.56,33.33,0.0,-11.11,6a71f26256c0266186cf5cb8,6a71f25a56c0266186cf5b0a,30,18,3.33,6.5,1,0
18.0,13.0,0.0,3.0,1.0,1.0,94.44,5.56,0.0,33.33,0.0,0.0,6a71f26256c0266186cf5cbb,6a71f25a56c0266186cf5ae0,30,18,10.0,1.0,1,0
18.0,12.0,3.0,0.0,1.0,2.0,88.89,11.11,16.67,33.33,1.0,0.0,6a71f26256c0266186cf5cbb,6a71f25a56c0266186cf5af8,30,18,6.67,3.5,1,0
18.0,8.0,3.0,5.0,1.0,1.0,94.44,5.56,16.67,33.33,0.0,0.0,6a71f26256c0266186cf5cbb,6a71f25a56c0266186cf5afe,30,18,3.33,3.0,1,0
18.0,14.0,1.0,2.0,0.0,1.0,94.44,5.56,5.56,33.33,0.0,-33.33,6a71f26256c0266186cf5cbe,6a71f25a56c0266186cf5aec,30,18,3.33,6.0,1,0
18.0,12.0,2.0,1.0,0.0,3.0,83.33,16.67,11.11,33.33,0.0,-22.22,6a71f26256c0266186cf5cbe,6a71f25a56c0266186cf5b04,30,18,13.33,0.0,1,0
18.0,10.0,3.0,2.0,1.0,2.0,88.89,11.11,16.67,33.33,0.0,22.22,6a71f26256c0266186cf5cc1,6a71f25956c0266186cf5ab6,30,18,6.67,1.5,1,0
18.0,12.0,1.0,1.0,0.0,4.0,77.78,22.22,5.56,33.33,0.0,-33.33,6a71f26256c0266186cf5cc1,6a71f25a56c0266186cf5ae0,30,18,13.33,0.5,1,0
18.0,9.0,4.0,3.0,0.0,2.0,88.89,11.11,22.22,0.0,0.0,33.33,6a71f26256c0266186cf5cc4,6a71f25956c0266186cf5ab6,30,18,6.67,0.5,1,0
18.0,12.0,4.0,0.0,1.0,1.0,94.44,5.56,22.22,33.33,1.0,-11.11,6a71f26256c0266186cf5cc4,6a71f25956c0266186cf5abc,30,18,3.33,5.0,1,0
18.0,10.0,4.0,2.0,0.0,2.0,88.89,11.11,22.22,0.0,0.0,-44.44,6a71f26256c0266186cf5cc4,6a71f25a56c0266186cf5ae0,30,18,6.67,1.5,1,0
18.0,9.0,9.0,0.0,0.0,0.0,100.0,0.0,50.0,0.0,0.0,0.0,6a71f26256c0266186cf5cc4,6a71f25a56c0266186cf5af2,30,18,0.0,4.0,1,0
18.0,14.0,1.0,2.0,0.0,1.0,94.44,5.56,5.56,33.33,0.0,11.11,6a71f26256c0266186cf5cc7,6a71f25956c0266186cf5ab6,30,18,6.67,4.0,1,0
18.0,8.0,6.0,2.0,2.0,0.0,100.0,0.0,33.33,0.0,0.0,0.0,6a71f26256c0266186cf5cca,6a71f25956c0266186cf5ac2,30,18,3.33,4.0,1,0
18.0,11.0,0.0,2.0,1.0,4.0,77.78,22.22,0.0,33.33,0.0,0.0,6a71f26256c0266186cf5ccd,6a71f25a56c0266186cf5aec,30,18,13.33,0.5,1,0
18.0,9.0,4.0,1.0,0.0,4.0,77.78,22.22,22.22,0.0,0.0,-11.11,6a71f26256c0266186cf5ccd,6a749bcdf6ccb57abf5e5d08,30,18,13.33,0.0,1,0
18.0,13.0,2.0,1.0,0.0,2.0,88.89,11.11,11.11,66.67,0.0,-33.33,6a71f26256c0266186cf5cd0,6a71f25956c0266186cf5ac8,30,18,10.0,0.5,1,0
18.0,11.0,4.0,0.0,0.0,3.0,83.33,16.67,22.22,0.0,0.0,33.33,6a71f26256c0266186cf5cd0,6a71f25956c0266186cf5ace,30,18,16.67,0.0,1,0
18.0,10.0,3.0,4.0,1.0,0.0,100.0,0.0,16.67,0.0,0.0,44.44,6a71f26256c0266186cf5cd0,6a71f25a56c0266186cf5af8,30,18,3.33,3.0,1,0
18.0,13.0,1.0,1.0,1.0,2.0,88.89,11.11,5.56,0.0,0.0,-11.11,6a71f26256c0266186cf5cd0,6a71f25a56c0266186cf5b04,30,18,6.67,3.5,1,0
11.0,9.0,1.0,0.0,0.0,1.0,90.91,9.09,9.09,33.33,1.0,-16.67,SYNTH_STU_00001,SYNTH_CRS_001,18,11,27.78,0.0,1,1
8.0,6.0,1.0,0.0,1.0,0.0,100.0,0.0,12.5,0.0,0.0,0.0,SYNTH_STU_00002,SYNTH_CRS_002,14,8,0.0,9.5,0,1
11.0,7.0,3.0,1.0,0.0,0.0,100.0,0.0,27.27,0.0,0.0,-16.67,SYNTH_STU_00003,SYNTH_CRS_003,19,11,0.0,7.5,0,1
10.0,9.0,0.0,0.0,0.0,1.0,90.0,10.0,0.0,0.0,0.0,20.0,SYNTH_STU_00004,SYNTH_CRS_004,16,10,37.5,0.0,1,1
11.0,5.0,4.0,1.0,0.0,1.0,90.91,9.09,36.36,33.33,0.0,-33.33,SYNTH_STU_00005,SYNTH_CRS_005,18,11,5.56,4.5,1,1
8.0,7.0,1.0,0.0,0.0,0.0,100.0,0.0,12.5,0.0,0.0,0.0,SYNTH_STU_00006,SYNTH_CRS_006,14,8,0.0,9.0,0,1
10.0,7.0,0.0,1.0,0.0,2.0,80.0,20.0,0.0,0.0,0.0,-20.0,SYNTH_STU_00007,SYNTH_CRS_007,17,10,29.41,0.0,1,1
11.0,8.0,1.0,0.0,1.0,1.0,90.91,9.09,9.09,0.0,0.0,20.0,SYNTH_STU_00008,SYNTH_CRS_008,19,11,5.26,7.5,0,1
10.0,10.0,0.0,0.0,0.0,0.0,100.0,0.0,0.0,0.0,0.0,0.0,SYNTH_STU_00009,SYNTH_CRS_009,17,10,0.0,10.0,0,1
7.0,5.0,2.0,0.0,0.0,0.0,100.0,0.0,28.57,0.0,0.0,0.0,SYNTH_STU_00011,SYNTH_CRS_011,12,7,0.0,8.0,0,1
11.0,7.0,0.0,0.0,1.0,3.0,72.73,27.27,0.0,66.67,2.0,-13.33,SYNTH_STU_00012,SYNTH_CRS_012,19,11,52.63,0.0,1,1
8.0,5.0,0.0,0.0,1.0,2.0,75.0,25.0,0.0,0.0,0.0,0.0,SYNTH_STU_00013,SYNTH_CRS_013,14,8,42.86,0.0,1,1
7.0,4.0,1.0,0.0,2.0,0.0,100.0,0.0,14.29,0.0,0.0,0.0,SYNTH_STU_00014,SYNTH_CRS_014,12,7,8.33,7.5,0,1
7.0,6.0,1.0,0.0,0.0,0.0,100.0,0.0,14.29,0.0,0.0,0.0,SYNTH_STU_00015,SYNTH_CRS_015,12,7,8.33,7.5,0,1
7.0,7.0,0.0,0.0,0.0,0.0,100.0,0.0,0.0,0.0,0.0,0.0,SYNTH_STU_00016,SYNTH_CRS_016,12,7,0.0,10.0,0,1
8.0,8.0,0.0,0.0,0.0,0.0,100.0,0.0,0.0,0.0,0.0,0.0,SYNTH_STU_00017,SYNTH_CRS_017,14,8,0.0,10.0,0,1
10.0,8.0,0.0,2.0,0.0,0.0,100.0,0.0,0.0,0.0,0.0,0.0,SYNTH_STU_00018,SYNTH_CRS_018,16,10,0.0,9.0,0,1
11.0,7.0,1.0,0.0,0.0,3.0,72.73,27.27,9.09,33.33,1.0,-13.33,SYNTH_STU_00019,SYNTH_CRS_019,18,11,27.78,0.0,1,1
10.0,9.0,0.0,0.0,1.0,0.0,100.0,0.0,0.0,0.0,0.0,0.0,SYNTH_STU_00020,SYNTH_CRS_020,16,10,0.0,8.5,0,1
11.0,8.0,0.0,0.0,1.0,2.0,81.82,18.18,0.0,66.67,2.0,-33.33,SYNTH_STU_00021,SYNTH_CRS_021,19,11,36.84,0.0,1,1
8.0,7.0,0.0,0.0,0.0,1.0,87.5,12.5,0.0,33.33,1.0,-25.0,SYNTH_STU_00022,SYNTH_CRS_022,14,8,28.57,1.5,1,1
10.0,4.0,2.0,0.0,1.0,3.0,70.0,30.0,20.0,66.67,2.0,-20.0,SYNTH_STU_00023,SYNTH_CRS_023,16,10,50.0,0.0,1,1
8.0,5.0,3.0,0.0,0.0,0.0,100.0,0.0,37.5,0.0,0.0,0.0,SYNTH_STU_00024,SYNTH_CRS_024,14,8,0.0,8.5,0,1
12.0,8.0,1.0,1.0,1.0,1.0,91.67,8.33,8.33,0.0,0.0,0.0,SYNTH_STU_00025,SYNTH_CRS_025,20,12,5.0,6.5,1,1
7.0,3.0,3.0,0.0,1.0,0.0,100.0,0.0,42.86,0.0,0.0,0.0,SYNTH_STU_00026,SYNTH_CRS_026,12,7,0.0,8.0,0,1
8.0,6.0,0.0,1.0,0.0,1.0,87.5,12.5,0.0,33.33,0.0,-50.0,SYNTH_STU_00027,SYNTH_CRS_027,13,8,23.08,3.5,1,1
10.0,7.0,2.0,0.0,0.0,1.0,90.0,10.0,20.0,33.33,0.0,-20.0,SYNTH_STU_00028,SYNTH_CRS_028,16,10,6.25,6.0,1,1
11.0,8.0,0.0,0.0,1.0,2.0,81.82,18.18,0.0,0.0,0.0,-33.33,SYNTH_STU_00029,SYNTH_CRS_029,19,11,47.37,0.0,1,1
8.0,7.0,0.0,0.0,1.0,0.0,100.0,0.0,0.0,0.0,0.0,0.0,SYNTH_STU_00030,SYNTH_CRS_030,13,8,0.0,10.0,0,1
12.0,5.0,1.0,1.0,0.0,5.0,58.33,41.67,8.33,33.33,0.0,0.0,SYNTH_STU_00031,SYNTH_CRS_031,20,12,45.0,0.0,1,1
8.0,4.0,2.0,0.0,0.0,2.0,75.0,25.0,25.0,33.33,0.0,0.0,SYNTH_STU_00032,SYNTH_CRS_032,13,8,46.15,0.0,1,1
7.0,6.0,0.0,0.0,1.0,0.0,100.0,0.0,0.0,0.0,0.0,0.0,SYNTH_STU_00034,SYNTH_CRS_034,12,7,0.0,10.0,0,1
11.0,7.0,2.0,0.0,0.0,2.0,81.82,18.18,18.18,33.33,1.0,3.33,SYNTH_STU_00035,SYNTH_CRS_035,19,11,47.37,0.0,1,1
10.0,9.0,1.0,0.0,0.0,0.0,100.0,0.0,10.0,0.0,0.0,0.0,SYNTH_STU_00036,SYNTH_CRS_036,17,10,0.0,9.5,0,1
11.0,11.0,0.0,0.0,0.0,0.0,100.0,0.0,0.0,0.0,0.0,0.0,SYNTH_STU_00037,SYNTH_CRS_037,18,11,27.78,0.0,1,1
10.0,8.0,0.0,1.0,0.0,1.0,90.0,10.0,0.0,33.33,0.0,-40.0,SYNTH_STU_00038,SYNTH_CRS_038,17,10,5.88,7.5,0,1
11.0,6.0,1.0,2.0,0.0,2.0,81.82,18.18,9.09,0.0,0.0,-30.0,SYNTH_STU_00039,SYNTH_CRS_039,19,11,15.79,0.5,1,1
11.0,4.0,4.0,1.0,0.0,2.0,81.82,18.18,36.36,33.33,0.0,-50.0,SYNTH_STU_00041,SYNTH_CRS_041,19,11,15.79,0.0,1,1
12.0,8.0,1.0,1.0,0.0,2.0,83.33,16.67,8.33,66.67,2.0,-16.67,SYNTH_STU_00042,SYNTH_CRS_042,20,12,45.0,0.0,1,1
11.0,7.0,0.0,0.0,1.0,3.0,72.73,27.27,0.0,66.67,0.0,-13.33,SYNTH_STU_00043,SYNTH_CRS_043,19,11,36.84,0.0,1,1
11.0,6.0,0.0,0.0,1.0,4.0,63.64,36.36,0.0,66.67,2.0,-66.67,SYNTH_STU_00045,SYNTH_CRS_045,18,11,50.0,0.0,1,1
11.0,9.0,0.0,0.0,1.0,1.0,90.91,9.09,0.0,33.33,1.0,-16.67,SYNTH_STU_00049,SYNTH_CRS_049,19,11,31.58,0.0,1,1
12.0,12.0,0.0,0.0,0.0,0.0,100.0,0.0,0.0,0.0,0.0,0.0,SYNTH_STU_00050,SYNTH_CRS_050,20,12,0.0,9.5,0,1
11.0,4.0,3.0,3.0,1.0,0.0,100.0,0.0,27.27,0.0,0.0,-13.33,SYNTH_STU_00051,SYNTH_CRS_001,18,11,5.56,3.5,1,1
7.0,3.0,3.0,1.0,0.0,0.0,100.0,0.0,42.86,0.0,0.0,33.33,SYNTH_STU_00052,SYNTH_CRS_002,12,7,8.33,5.0,1,1
11.0,10.0,1.0,0.0,0.0,0.0,100.0,0.0,9.09,0.0,0.0,0.0,SYNTH_STU_00054,SYNTH_CRS_004,19,11,0.0,8.5,0,1
8.0,6.0,0.0,2.0,0.0,0.0,100.0,0.0,0.0,0.0,0.0,0.0,SYNTH_STU_00056,SYNTH_CRS_006,14,8,0.0,8.5,0,1
7.0,4.0,1.0,0.0,0.0,2.0,71.43,28.57,14.29,66.67,2.0,-50.0,SYNTH_STU_00057,SYNTH_CRS_007,12,7,50.0,0.0,1,1
11.0,8.0,2.0,0.0,1.0,0.0,100.0,0.0,18.18,0.0,0.0,0.0,SYNTH_STU_00058,SYNTH_CRS_008,18,11,0.0,9.0,0,1
7.0,4.0,2.0,0.0,1.0,0.0,100.0,0.0,28.57,0.0,0.0,0.0,SYNTH_STU_00061,SYNTH_CRS_011,12,7,0.0,8.5,0,1
11.0,9.0,0.0,0.0,2.0,0.0,100.0,0.0,0.0,0.0,0.0,0.0,SYNTH_STU_00062,SYNTH_CRS_012,19,11,5.26,7.5,0,1
11.0,7.0,2.0,0.0,0.0,2.0,81.82,18.18,18.18,66.67,2.0,-33.33,SYNTH_STU_00065,SYNTH_CRS_015,19,11,42.11,0.0,1,1
10.0,5.0,2.0,0.0,0.0,3.0,70.0,30.0,20.0,100.0,3.0,-60.0,SYNTH_STU_00066,SYNTH_CRS_016,16,10,50.0,0.0,1,1
8.0,6.0,2.0,0.0,0.0,0.0,100.0,0.0,25.0,0.0,0.0,0.0,SYNTH_STU_00067,SYNTH_CRS_017,13,8,0.0,9.0,0,1
9.0,6.0,1.0,2.0,0.0,0.0,100.0,0.0,11.11,0.0,0.0,-40.0,SYNTH_STU_00069,SYNTH_CRS_019,15,9,20.0,1.5,1,1
10.0,7.0,1.0,0.0,0.0,2.0,80.0,20.0,10.0,66.67,2.0,-40.0,SYNTH_STU_00070,SYNTH_CRS_020,17,10,47.06,0.0,1,1
11.0,8.0,0.0,1.0,1.0,1.0,90.91,9.09,0.0,0.0,0.0,40.0,SYNTH_STU_00071,SYNTH_CRS_021,18,11,22.22,1.5,1,1
11.0,5.0,0.0,1.0,0.0,5.0,54.55,45.45,0.0,66.67,0.0,-63.33,SYNTH_STU_00072,SYNTH_CRS_022,19,11,36.84,0.0,1,1
8.0,1.0,5.0,0.0,0.0,2.0,75.0,25.0,62.5,33.33,0.0,-50.0,SYNTH_STU_00074,SYNTH_CRS_024,14,8,14.29,0.5,1,1
10.0,6.0,0.0,0.0,0.0,4.0,60.0,40.0,0.0,66.67,2.0,0.0,SYNTH_STU_00076,SYNTH_CRS_026,17,10,64.71,0.0,1,1
11.0,8.0,1.0,0.0,0.0,2.0,81.82,18.18,9.09,33.33,0.0,-33.33,SYNTH_STU_00077,SYNTH_CRS_027,19,11,31.58,0.0,1,1
7.0,5.0,0.0,0.0,0.0,2.0,71.43,28.57,0.0,33.33,1.0,8.33,SYNTH_STU_00079,SYNTH_CRS_029,12,7,58.33,0.0,1,1
12.0,8.0,1.0,0.0,1.0,2.0,83.33,16.67,8.33,66.67,2.0,-33.33,SYNTH_STU_00082,SYNTH_CRS_032,20,12,35.0,0.0,1,1
10.0,8.0,1.0,0.0,0.0,1.0,90.0,10.0,10.0,0.0,0.0,20.0,SYNTH_STU_00084,SYNTH_CRS_034,17,10,5.88,7.0,0,1
10.0,7.0,2.0,0.0,1.0,0.0,100.0,0.0,20.0,0.0,0.0,0.0,SYNTH_STU_00086,SYNTH_CRS_036,17,10,0.0,9.0,0,1
12.0,8.0,1.0,0.0,1.0,2.0,83.33,16.67,8.33,33.33,0.0,-33.33,SYNTH_STU_00088,SYNTH_CRS_038,20,12,35.0,0.0,1,1
11.0,6.0,1.0,2.0,1.0,1.0,90.91,9.09,9.09,0.0,0.0,-50.0,SYNTH_STU_00089,SYNTH_CRS_039,19,11,15.79,2.5,1,1
8.0,6.0,0.0,0.0,0.0,2.0,75.0,25.0,0.0,66.67,1.0,-50.0,SYNTH_STU_00090,SYNTH_CRS_040,14,8,35.71,0.0,1,1
10.0,9.0,0.0,0.0,0.0,1.0,90.0,10.0,0.0,33.33,0.0,-20.0,SYNTH_STU_00092,SYNTH_CRS_042,16,10,6.25,7.5,0,1
11.0,8.0,0.0,0.0,0.0,3.0,72.73,27.27,0.0,33.33,1.0,-50.0,SYNTH_STU_00093,SYNTH_CRS_043,18,11,44.44,0.0,1,1
9.0,3.0,6.0,0.0,0.0,0.0,100.0,0.0,66.67,0.0,0.0,0.0,SYNTH_STU_00095,SYNTH_CRS_045,15,9,0.0,5.0,1,1
10.0,8.0,2.0,0.0,0.0,0.0,100.0,0.0,20.0,0.0,0.0,0.0,SYNTH_STU_00096,SYNTH_CRS_046,16,10,0.0,8.0,0,1
11.0,9.0,0.0,0.0,1.0,1.0,90.91,9.09,0.0,0.0,0.0,20.0,SYNTH_STU_00098,SYNTH_CRS_048,18,11,11.11,6.0,1,1
11.0,9.0,1.0,0.0,1.0,0.0,100.0,0.0,9.09,0.0,0.0,0.0,SYNTH_STU_00100,SYNTH_CRS_050,18,11,0.0,9.5,0,1
12.0,8.0,0.0,0.0,0.0,4.0,66.67,33.33,0.0,33.33,0.0,-33.33,SYNTH_STU_00101,SYNTH_CRS_001,20,12,40.0,0.0,1,1
8.0,5.0,1.0,0.0,0.0,2.0,75.0,25.0,12.5,66.67,2.0,-50.0,SYNTH_STU_00106,SYNTH_CRS_006,14,8,50.0,0.0,1,1
8.0,7.0,0.0,1.0,0.0,0.0,100.0,0.0,0.0,0.0,0.0,25.0,SYNTH_STU_00107,SYNTH_CRS_007,13,8,0.0,9.5,0,1
12.0,8.0,1.0,0.0,0.0,3.0,75.0,25.0,8.33,66.67,2.0,-16.67,SYNTH_STU_00108,SYNTH_CRS_008,20,12,45.0,0.0,1,1
9.0,9.0,0.0,0.0,0.0,0.0,100.0,0.0,0.0,0.0,0.0,0.0,SYNTH_STU_00112,SYNTH_CRS_012,15,9,6.67,7.5,0,1
10.0,6.0,0.0,2.0,0.0,2.0,80.0,20.0,0.0,66.67,2.0,0.0,SYNTH_STU_00114,SYNTH_CRS_014,16,10,31.25,0.0,1,1
11.0,9.0,2.0,0.0,0.0,0.0,100.0,0.0,18.18,0.0,0.0,0.0,SYNTH_STU_00115,SYNTH_CRS_015,18,11,0.0,8.5,0,1
9.0,7.0,1.0,0.0,1.0,0.0,100.0,0.0,11.11,0.0,0.0,0.0,SYNTH_STU_00116,SYNTH_CRS_016,15,9,0.0,8.5,0,1
10.0,5.0,4.0,1.0,0.0,0.0,100.0,0.0,40.0,0.0,0.0,-20.0,SYNTH_STU_00118,SYNTH_CRS_018,17,10,5.88,4.0,1,1
9.0,4.0,3.0,0.0,0.0,2.0,77.78,22.22,33.33,66.67,2.0,-40.0,SYNTH_STU_00119,SYNTH_CRS_019,15,9,40.0,0.0,1,1
8.0,5.0,2.0,0.0,1.0,0.0,100.0,0.0,25.0,0.0,0.0,0.0,SYNTH_STU_00121,SYNTH_CRS_021,13,8,0.0,9.0,0,1
12.0,5.0,4.0,1.0,0.0,2.0,83.33,16.67,33.33,0.0,0.0,16.67,SYNTH_STU_00122,SYNTH_CRS_022,20,12,10.0,0.5,1,1
11.0,10.0,0.0,0.0,0.0,1.0,90.91,9.09,0.0,0.0,0.0,20.0,SYNTH_STU_00125,SYNTH_CRS_025,18,11,5.56,7.0,0,1
10.0,6.0,1.0,0.0,1.0,2.0,80.0,20.0,10.0,66.67,1.0,-40.0,SYNTH_STU_00126,SYNTH_CRS_026,17,10,47.06,0.0,1,1
8.0,4.0,1.0,2.0,0.0,1.0,87.5,12.5,12.5,0.0,0.0,-25.0,SYNTH_STU_00127,SYNTH_CRS_027,14,8,7.14,5.0,1,1
12.0,5.0,4.0,2.0,0.0,1.0,91.67,8.33,33.33,33.33,0.0,-16.67,SYNTH_STU_00128,SYNTH_CRS_028,20,12,5.0,3.0,1,1
10.0,7.0,0.0,0.0,0.0,3.0,70.0,30.0,0.0,0.0,0.0,20.0,SYNTH_STU_00129,SYNTH_CRS_029,16,10,43.75,0.0,1,1
8.0,6.0,0.0,0.0,0.0,2.0,75.0,25.0,0.0,66.67,0.0,-50.0,SYNTH_STU_00130,SYNTH_CRS_030,14,8,28.57,1.5,1,1
8.0,4.0,3.0,0.0,0.0,1.0,87.5,12.5,37.5,33.33,0.0,-25.0,SYNTH_STU_00133,SYNTH_CRS_033,14,8,7.14,4.5,1,1
11.0,5.0,2.0,0.0,4.0,0.0,100.0,0.0,18.18,0.0,0.0,0.0,SYNTH_STU_00134,SYNTH_CRS_034,18,11,0.0,8.5,0,1
8.0,5.0,0.0,1.0,0.0,2.0,75.0,25.0,0.0,66.67,2.0,-75.0,SYNTH_STU_00135,SYNTH_CRS_035,13,8,46.15,0.0,1,1
11.0,5.0,3.0,2.0,1.0,0.0,100.0,0.0,27.27,0.0,0.0,-33.33,SYNTH_STU_00136,SYNTH_CRS_036,19,11,0.0,5.5,1,1
8.0,7.0,0.0,0.0,0.0,1.0,87.5,12.5,0.0,0.0,0.0,25.0,SYNTH_STU_00137,SYNTH_CRS_037,14,8,21.43,3.0,1,1
11.0,10.0,0.0,0.0,1.0,0.0,100.0,0.0,0.0,0.0,0.0,0.0,SYNTH_STU_00139,SYNTH_CRS_039,19,11,5.26,8.0,0,1
9.0,7.0,0.0,0.0,2.0,0.0,100.0,0.0,0.0,0.0,0.0,0.0,SYNTH_STU_00140,SYNTH_CRS_040,15,9,0.0,10.0,0,1
11.0,6.0,0.0,0.0,1.0,4.0,63.64,36.36,0.0,33.33,1.0,-30.0,SYNTH_STU_00141,SYNTH_CRS_041,18,11,44.44,0.0,1,1
10.0,8.0,1.0,0.0,0.0,1.0,90.0,10.0,10.0,33.33,1.0,-20.0,SYNTH_STU_00142,SYNTH_CRS_042,16,10,25.0,0.5,1,1
9.0,8.0,0.0,0.0,1.0,0.0,100.0,0.0,0.0,0.0,0.0,0.0,SYNTH_STU_00143,SYNTH_CRS_043,15,9,0.0,9.5,0,1
10.0,8.0,1.0,0.0,0.0,1.0,90.0,10.0,10.0,0.0,0.0,-20.0,SYNTH_STU_00145,SYNTH_CRS_045,16,10,6.25,7.5,0,1
12.0,9.0,1.0,0.0,0.0,2.0,83.33,16.67,8.33,66.67,2.0,-33.33,SYNTH_STU_00146,SYNTH_CRS_046,20,12,40.0,0.0,1,1
12.0,9.0,2.0,1.0,0.0,0.0,100.0,0.0,16.67,0.0,0.0,-16.67,SYNTH_STU_00150,SYNTH_CRS_050,20,12,0.0,8.0,0,1
7.0,4.0,0.0,0.0,1.0,2.0,71.43,28.57,0.0,66.67,1.0,-50.0,SYNTH_STU_00151,SYNTH_CRS_001,12,7,50.0,0.0,1,1
11.0,9.0,1.0,0.0,0.0,1.0,90.91,9.09,9.09,33.33,0.0,-16.67,SYNTH_STU_00156,SYNTH_CRS_006,19,11,42.11,0.0,1,1
9.0,6.0,2.0,1.0,0.0,0.0,100.0,0.0,22.22,0.0,0.0,-20.0,SYNTH_STU_00158,SYNTH_CRS_008,15,9,0.0,8.5,0,1
11.0,7.0,1.0,1.0,1.0,1.0,90.91,9.09,9.09,33.33,0.0,-33.33,SYNTH_STU_00159,SYNTH_CRS_009,19,11,5.26,7.0,0,1
9.0,3.0,3.0,1.0,0.0,2.0,77.78,22.22,33.33,0.0,0.0,-60.0,SYNTH_STU_00160,SYNTH_CRS_010,15,9,20.0,0.5,1,1
10.0,7.0,0.0,0.0,1.0,2.0,80.0,20.0,0.0,33.33,1.0,-40.0,SYNTH_STU_00161,SYNTH_CRS_011,17,10,23.53,2.0,1,1
11.0,5.0,0.0,2.0,3.0,1.0,90.91,9.09,0.0,0.0,0.0,23.33,SYNTH_STU_00162,SYNTH_CRS_012,18,11,5.56,7.0,0,1
9.0,8.0,1.0,0.0,0.0,0.0,100.0,0.0,11.11,0.0,0.0,0.0,SYNTH_STU_00163,SYNTH_CRS_013,15,9,0.0,9.5,0,1
11.0,8.0,0.0,0.0,3.0,0.0,100.0,0.0,0.0,0.0,0.0,0.0,SYNTH_STU_00164,SYNTH_CRS_014,18,11,0.0,10.0,0,1
9.0,7.0,1.0,0.0,0.0,1.0,88.89,11.11,11.11,33.33,1.0,-20.0,SYNTH_STU_00165,SYNTH_CRS_015,15,9,33.33,0.0,1,1
9.0,6.0,1.0,1.0,1.0,0.0,100.0,0.0,11.11,0.0,0.0,25.0,SYNTH_STU_00167,SYNTH_CRS_017,15,9,0.0,9.0,0,1
12.0,11.0,0.0,0.0,1.0,0.0,100.0,0.0,0.0,0.0,0.0,0.0,SYNTH_STU_00168,SYNTH_CRS_018,20,12,0.0,10.0,0,1
7.0,5.0,0.0,0.0,1.0,1.0,85.71,14.29,0.0,33.33,1.0,-25.0,SYNTH_STU_00169,SYNTH_CRS_019,12,7,33.33,2.0,1,1
8.0,5.0,0.0,0.0,3.0,0.0,100.0,0.0,0.0,0.0,0.0,0.0,SYNTH_STU_00171,SYNTH_CRS_021,14,8,7.14,8.0,0,1
9.0,7.0,0.0,0.0,0.0,2.0,77.78,22.22,0.0,66.67,2.0,-40.0,SYNTH_STU_00172,SYNTH_CRS_022,15,9,46.67,0.0,1,1
11.0,7.0,0.0,0.0,0.0,4.0,63.64,36.36,0.0,66.67,2.0,6.67,SYNTH_STU_00175,SYNTH_CRS_025,19,11,57.89,0.0,1,1
8.0,3.0,2.0,1.0,0.0,2.0,75.0,25.0,25.0,0.0,0.0,25.0,SYNTH_STU_00176,SYNTH_CRS_026,13,8,15.38,3.0,1,1
7.0,4.0,0.0,0.0,3.0,0.0,100.0,0.0,0.0,0.0,0.0,0.0,SYNTH_STU_00177,SYNTH_CRS_027,12,7,16.67,6.0,1,1
12.0,10.0,0.0,0.0,1.0,1.0,91.67,8.33,0.0,33.33,1.0,-16.67,SYNTH_STU_00178,SYNTH_CRS_028,20,12,15.0,4.0,1,1
7.0,5.0,0.0,0.0,2.0,0.0,100.0,0.0,0.0,0.0,0.0,0.0,SYNTH_STU_00180,SYNTH_CRS_030,12,7,0.0,9.5,0,1
12.0,11.0,1.0,0.0,0.0,0.0,100.0,0.0,8.33,0.0,0.0,0.0,SYNTH_STU_00182,SYNTH_CRS_032,20,12,0.0,9.0,0,1
10.0,6.0,2.0,0.0,0.0,2.0,80.0,20.0,20.0,33.33,0.0,-40.0,SYNTH_STU_00184,SYNTH_CRS_034,16,10,31.25,0.0,1,1
7.0,4.0,1.0,0.0,0.0,2.0,71.43,28.57,14.29,33.33,1.0,8.33,SYNTH_STU_00187,SYNTH_CRS_037,12,7,58.33,0.0,1,1
9.0,3.0,3.0,0.0,0.0,3.0,66.67,33.33,33.33,33.33,0.0,-15.0,SYNTH_STU_00189,SYNTH_CRS_039,15,9,20.0,1.0,1,1
11.0,8.0,1.0,1.0,0.0,1.0,90.91,9.09,9.09,0.0,0.0,40.0,SYNTH_STU_00192,SYNTH_CRS_042,19,11,31.58,0.0,1,1
10.0,7.0,1.0,0.0,1.0,1.0,90.0,10.0,10.0,33.33,1.0,-20.0,SYNTH_STU_00193,SYNTH_CRS_043,16,10,31.25,0.0,1,1
8.0,3.0,4.0,1.0,0.0,0.0,100.0,0.0,50.0,0.0,0.0,25.0,SYNTH_STU_00194,SYNTH_CRS_044,14,8,7.14,3.5,1,1
9.0,6.0,0.0,0.0,3.0,0.0,100.0,0.0,0.0,0.0,0.0,0.0,SYNTH_STU_00195,SYNTH_CRS_045,15,9,0.0,10.0,0,1
8.0,3.0,4.0,1.0,0.0,0.0,100.0,0.0,50.0,0.0,0.0,-25.0,SYNTH_STU_00197,SYNTH_CRS_047,14,8,14.29,2.0,1,1
7.0,4.0,2.0,0.0,0.0,1.0,85.71,14.29,28.57,0.0,0.0,-25.0,SYNTH_STU_00199,SYNTH_CRS_049,12,7,33.33,1.0,1,1
11.0,7.0,1.0,0.0,1.0,2.0,81.82,18.18,9.09,33.33,1.0,-33.33,SYNTH_STU_00201,SYNTH_CRS_001,18,11,22.22,1.0,1,1
9.0,6.0,0.0,1.0,2.0,0.0,100.0,0.0,0.0,0.0,0.0,25.0,SYNTH_STU_00202,SYNTH_CRS_002,15,9,0.0,9.5,0,1
9.0,6.0,0.0,0.0,0.0,3.0,66.67,33.33,0.0,66.67,2.0,-15.0,SYNTH_STU_00212,SYNTH_CRS_012,15,9,53.33,0.0,1,1
7.0,4.0,3.0,0.0,0.0,0.0,100.0,0.0,42.86,0.0,0.0,0.0,SYNTH_STU_00214,SYNTH_CRS_014,12,7,0.0,8.5,0,1
10.0,7.0,1.0,1.0,1.0,0.0,100.0,0.0,10.0,0.0,0.0,20.0,SYNTH_STU_00219,SYNTH_CRS_019,17,10,23.53,1.0,1,1
9.0,7.0,1.0,0.0,0.0,1.0,88.89,11.11,11.11,0.0,0.0,-20.0,SYNTH_STU_00220,SYNTH_CRS_020,15,9,26.67,0.5,1,1
8.0,4.0,4.0,0.0,0.0,0.0,100.0,0.0,50.0,0.0,0.0,0.0,SYNTH_STU_00222,SYNTH_CRS_022,14,8,0.0,8.0,0,1
8.0,4.0,1.0,2.0,1.0,0.0,100.0,0.0,12.5,0.0,0.0,50.0,SYNTH_STU_00223,SYNTH_CRS_023,13,8,0.0,6.5,1,1
11.0,8.0,1.0,1.0,1.0,0.0,100.0,0.0,9.09,0.0,0.0,20.0,SYNTH_STU_00224,SYNTH_CRS_024,19,11,5.26,7.0,0,1
12.0,10.0,2.0,0.0,0.0,0.0,100.0,0.0,16.67,0.0,0.0,0.0,SYNTH_STU_00225,SYNTH_CRS_025,20,12,0.0,9.0,0,1
10.0,8.0,0.0,0.0,2.0,0.0,100.0,0.0,0.0,0.0,0.0,0.0,SYNTH_STU_00226,SYNTH_CRS_026,17,10,0.0,10.0,0,1
8.0,7.0,0.0,0.0,0.0,1.0,87.5,12.5,0.0,33.33,0.0,-25.0,SYNTH_STU_00230,SYNTH_CRS_030,13,8,7.69,8.0,0,1
7.0,4.0,1.0,1.0,0.0,1.0,85.71,14.29,14.29,0.0,0.0,8.33,SYNTH_STU_00232,SYNTH_CRS_032,12,7,16.67,4.0,1,1
7.0,6.0,0.0,1.0,0.0,0.0,100.0,0.0,0.0,0.0,0.0,33.33,SYNTH_STU_00233,SYNTH_CRS_033,12,7,0.0,9.5,0,1
8.0,4.0,2.0,0.0,1.0,1.0,87.5,12.5,25.0,0.0,0.0,25.0,SYNTH_STU_00235,SYNTH_CRS_035,13,8,46.15,0.0,1,1
9.0,5.0,1.0,0.0,2.0,1.0,88.89,11.11,11.11,0.0,0.0,25.0,SYNTH_STU_00236,SYNTH_CRS_036,15,9,6.67,7.0,0,1
10.0,4.0,2.0,1.0,1.0,2.0,80.0,20.0,20.0,66.67,2.0,-20.0,SYNTH_STU_00237,SYNTH_CRS_037,17,10,47.06,0.0,1,1
10.0,5.0,3.0,1.0,0.0,1.0,90.0,10.0,30.0,0.0,0.0,40.0,SYNTH_STU_00239,SYNTH_CRS_039,17,10,5.88,3.0,1,1
10.0,7.0,0.0,1.0,2.0,0.0,100.0,0.0,0.0,0.0,0.0,20.0,SYNTH_STU_00240,SYNTH_CRS_040,17,10,0.0,9.5,0,1
8.0,6.0,0.0,0.0,2.0,0.0,100.0,0.0,0.0,0.0,0.0,0.0,SYNTH_STU_00241,SYNTH_CRS_041,14,8,35.71,0.0,1,1
11.0,6.0,3.0,0.0,1.0,1.0,90.91,9.09,27.27,0.0,0.0,20.0,SYNTH_STU_00242,SYNTH_CRS_042,19,11,5.26,5.5,1,1
8.0,3.0,3.0,1.0,1.0,0.0,100.0,0.0,37.5,0.0,0.0,25.0,SYNTH_STU_00245,SYNTH_CRS_045,13,8,0.0,7.5,0,1
7.0,5.0,0.0,0.0,0.0,2.0,71.43,28.57,0.0,66.67,2.0,-50.0,SYNTH_STU_00246,SYNTH_CRS_046,12,7,25.0,3.5,1,1
11.0,9.0,1.0,0.0,0.0,1.0,90.91,9.09,9.09,0.0,0.0,-16.67,SYNTH_STU_00247,SYNTH_CRS_047,18,11,5.56,7.5,0,1
11.0,9.0,0.0,0.0,1.0,1.0,90.91,9.09,0.0,0.0,0.0,-16.67,SYNTH_STU_00249,SYNTH_CRS_049,18,11,5.56,7.5,0,1
8.0,4.0,3.0,0.0,0.0,1.0,87.5,12.5,37.5,33.33,1.0,-25.0,SYNTH_STU_00250,SYNTH_CRS_050,14,8,7.14,5.5,1,1
10.0,8.0,0.0,0.0,1.0,1.0,90.0,10.0,0.0,0.0,0.0,20.0,SYNTH_STU_00251,SYNTH_CRS_001,17,10,23.53,1.5,1,1
8.0,6.0,1.0,0.0,0.0,1.0,87.5,12.5,12.5,33.33,1.0,-25.0,SYNTH_STU_00254,SYNTH_CRS_004,14,8,42.86,0.0,1,1
10.0,6.0,0.0,0.0,0.0,4.0,60.0,40.0,0.0,100.0,3.0,-40.0,SYNTH_STU_00255,SYNTH_CRS_005,17,10,41.18,0.0,1,1
10.0,9.0,0.0,0.0,0.0,1.0,90.0,10.0,0.0,33.33,1.0,-20.0,SYNTH_STU_00257,SYNTH_CRS_007,16,10,37.5,0.0,1,1
12.0,6.0,2.0,1.0,0.0,3.0,75.0,25.0,16.67,100.0,3.0,-66.67,SYNTH_STU_00260,SYNTH_CRS_010,20,12,25.0,0.0,1,1
10.0,7.0,0.0,0.0,0.0,3.0,70.0,30.0,0.0,66.67,2.0,-20.0,SYNTH_STU_00262,SYNTH_CRS_012,16,10,56.25,0.0,1,1
11.0,4.0,5.0,1.0,1.0,0.0,100.0,0.0,45.45,0.0,0.0,-16.67,SYNTH_STU_00263,SYNTH_CRS_013,19,11,5.26,2.5,1,1
10.0,7.0,0.0,0.0,1.0,2.0,80.0,20.0,0.0,66.67,2.0,-40.0,SYNTH_STU_00264,SYNTH_CRS_014,17,10,52.94,0.0,1,1
10.0,4.0,5.0,1.0,0.0,0.0,100.0,0.0,50.0,0.0,0.0,-20.0,SYNTH_STU_00265,SYNTH_CRS_015,17,10,0.0,5.0,1,1
12.0,8.0,3.0,0.0,1.0,0.0,100.0,0.0,25.0,0.0,0.0,0.0,SYNTH_STU_00266,SYNTH_CRS_016,20,12,0.0,8.5,0,1
12.0,9.0,1.0,0.0,1.0,1.0,91.67,8.33,8.33,0.0,0.0,16.67,SYNTH_STU_00267,SYNTH_CRS_017,20,12,5.0,7.5,0,1
9.0,7.0,1.0,0.0,0.0,1.0,88.89,11.11,11.11,33.33,0.0,-20.0,SYNTH_STU_00268,SYNTH_CRS_018,15,9,26.67,0.5,1,1
12.0,6.0,1.0,0.0,0.0,5.0,58.33,41.67,8.33,66.67,0.0,-83.33,SYNTH_STU_00269,SYNTH_CRS_019,20,12,45.0,0.0,1,1
11.0,7.0,1.0,0.0,0.0,3.0,72.73,27.27,9.09,66.67,2.0,-13.33,SYNTH_STU_00271,SYNTH_CRS_021,18,11,44.44,0.0,1,1
8.0,5.0,0.0,0.0,0.0,3.0,62.5,37.5,0.0,66.67,0.0,-75.0,SYNTH_STU_00272,SYNTH_CRS_022,14,8,50.0,0.0,1,1
11.0,6.0,1.0,1.0,3.0,0.0,100.0,0.0,9.09,0.0,0.0,20.0,SYNTH_STU_00274,SYNTH_CRS_024,18,11,0.0,9.0,0,1
11.0,6.0,0.0,0.0,2.0,3.0,72.73,27.27,0.0,66.67,2.0,-50.0,SYNTH_STU_00276,SYNTH_CRS_026,18,11,50.0,0.0,1,1
7.0,4.0,0.0,0.0,0.0,3.0,57.14,42.86,0.0,33.33,1.0,-16.67,SYNTH_STU_00277,SYNTH_CRS_027,12,7,33.33,1.0,1,1
10.0,6.0,3.0,1.0,0.0,0.0,100.0,0.0,30.0,0.0,0.0,20.0,SYNTH_STU_00279,SYNTH_CRS_029,16,10,0.0,6.5,1,1
12.0,10.0,0.0,1.0,0.0,1.0,91.67,8.33,0.0,33.33,0.0,-33.33,SYNTH_STU_00282,SYNTH_CRS_032,20,12,35.0,0.0,1,1
11.0,9.0,0.0,0.0,0.0,2.0,81.82,18.18,0.0,66.67,2.0,-33.33,SYNTH_STU_00283,SYNTH_CRS_033,19,11,52.63,0.0,1,1
8.0,7.0,0.0,1.0,0.0,0.0,100.0,0.0,0.0,0.0,0.0,-25.0,SYNTH_STU_00286,SYNTH_CRS_036,14,8,0.0,9.0,0,1
12.0,7.0,1.0,1.0,0.0,3.0,75.0,25.0,8.33,66.67,0.0,-33.33,SYNTH_STU_00287,SYNTH_CRS_037,20,12,35.0,0.0,1,1
9.0,8.0,0.0,1.0,0.0,0.0,100.0,0.0,0.0,0.0,0.0,25.0,SYNTH_STU_00290,SYNTH_CRS_040,15,9,6.67,7.5,0,1
12.0,7.0,1.0,0.0,1.0,3.0,75.0,25.0,8.33,0.0,0.0,-16.67,SYNTH_STU_00292,SYNTH_CRS_042,20,12,30.0,0.0,1,1
11.0,8.0,1.0,0.0,0.0,2.0,81.82,18.18,9.09,66.67,2.0,-33.33,SYNTH_STU_00297,SYNTH_CRS_047,18,11,50.0,0.0,1,1
10.0,6.0,2.0,0.0,2.0,0.0,100.0,0.0,20.0,0.0,0.0,0.0,SYNTH_STU_00299,SYNTH_CRS_049,16,10,0.0,9.0,0,1
11.0,6.0,1.0,0.0,4.0,0.0,100.0,0.0,9.09,0.0,0.0,0.0,SYNTH_STU_00301,SYNTH_CRS_001,19,11,0.0,9.0,0,1
11.0,6.0,0.0,0.0,5.0,0.0,100.0,0.0,0.0,0.0,0.0,0.0,SYNTH_STU_00302,SYNTH_CRS_002,19,11,5.26,7.5,0,1
7.0,6.0,0.0,1.0,0.0,0.0,100.0,0.0,0.0,0.0,0.0,-25.0,SYNTH_STU_00303,SYNTH_CRS_003,12,7,0.0,9.0,0,1
11.0,7.0,3.0,1.0,0.0,0.0,100.0,0.0,27.27,0.0,0.0,20.0,SYNTH_STU_00304,SYNTH_CRS_004,19,11,0.0,6.5,1,1
8.0,4.0,1.0,0.0,1.0,2.0,75.0,25.0,12.5,66.67,2.0,-50.0,SYNTH_STU_00305,SYNTH_CRS_005,13,8,53.85,0.0,1,1
9.0,7.0,0.0,2.0,0.0,0.0,100.0,0.0,0.0,0.0,0.0,5.0,SYNTH_STU_00306,SYNTH_CRS_006,15,9,6.67,6.0,1,1
11.0,7.0,1.0,1.0,1.0,1.0,90.91,9.09,9.09,0.0,0.0,3.33,SYNTH_STU_00307,SYNTH_CRS_007,18,11,27.78,0.0,1,1
10.0,8.0,1.0,0.0,1.0,0.0,100.0,0.0,10.0,0.0,0.0,0.0,SYNTH_STU_00310,SYNTH_CRS_010,17,10,0.0,9.5,0,1
10.0,6.0,1.0,0.0,0.0,3.0,70.0,30.0,10.0,66.67,1.0,-60.0,SYNTH_STU_00312,SYNTH_CRS_012,17,10,23.53,1.0,1,1
8.0,6.0,0.0,0.0,1.0,1.0,87.5,12.5,0.0,0.0,0.0,25.0,SYNTH_STU_00314,SYNTH_CRS_014,14,8,42.86,0.0,1,1
8.0,3.0,5.0,0.0,0.0,0.0,100.0,0.0,62.5,0.0,0.0,0.0,SYNTH_STU_00315,SYNTH_CRS_015,13,8,0.0,5.5,1,1
9.0,4.0,1.0,0.0,0.0,4.0,55.56,44.44,11.11,66.67,2.0,10.0,SYNTH_STU_00317,SYNTH_CRS_017,15,9,66.67,0.0,1,1
10.0,7.0,0.0,1.0,0.0,2.0,80.0,20.0,0.0,0.0,0.0,60.0,SYNTH_STU_00319,SYNTH_CRS_019,17,10,11.76,5.0,1,1
11.0,5.0,2.0,0.0,1.0,3.0,72.73,27.27,18.18,66.67,2.0,-50.0,SYNTH_STU_00320,SYNTH_CRS_020,18,11,33.33,0.0,1,1
8.0,4.0,0.0,0.0,4.0,0.0,100.0,0.0,0.0,0.0,0.0,0.0,SYNTH_STU_00322,SYNTH_CRS_022,13,8,0.0,10.0,0,1
7.0,3.0,0.0,0.0,3.0,1.0,85.71,14.29,0.0,33.33,0.0,-25.0,SYNTH_STU_00328,SYNTH_CRS_028,12,7,8.33,8.0,0,1
12.0,9.0,1.0,0.0,2.0,0.0,100.0,0.0,8.33,0.0,0.0,0.0,SYNTH_STU_00329,SYNTH_CRS_029,20,12,0.0,9.5,0,1
11.0,4.0,5.0,0.0,0.0,2.0,81.82,18.18,45.45,0.0,0.0,3.33,SYNTH_STU_00331,SYNTH_CRS_031,19,11,15.79,0.0,1,1
12.0,10.0,0.0,0.0,0.0,2.0,83.33,16.67,0.0,0.0,0.0,33.33,SYNTH_STU_00333,SYNTH_CRS_033,20,12,30.0,0.0,1,1
12.0,8.0,2.0,1.0,0.0,1.0,91.67,8.33,16.67,33.33,1.0,-33.33,SYNTH_STU_00337,SYNTH_CRS_037,20,12,20.0,0.0,1,1
9.0,6.0,2.0,0.0,0.0,1.0,88.89,11.11,22.22,33.33,1.0,-20.0,SYNTH_STU_00339,SYNTH_CRS_039,15,9,33.33,0.0,1,1
12.0,3.0,5.0,3.0,0.0,1.0,91.67,8.33,41.67,0.0,0.0,0.0,SYNTH_STU_00340,SYNTH_CRS_040,20,12,5.0,2.5,1,1
8.0,6.0,1.0,0.0,0.0,1.0,87.5,12.5,12.5,33.33,0.0,-25.0,SYNTH_STU_00341,SYNTH_CRS_041,13,8,38.46,0.0,1,1
11.0,5.0,4.0,0.0,0.0,2.0,81.82,18.18,36.36,33.33,0.0,3.33,SYNTH_STU_00347,SYNTH_CRS_047,18,11,11.11,1.5,1,1
8.0,5.0,1.0,0.0,1.0,1.0,87.5,12.5,12.5,33.33,1.0,-25.0,SYNTH_STU_00348,SYNTH_CRS_048,14,8,50.0,0.0,1,1
8.0,6.0,1.0,0.0,0.0,1.0,87.5,12.5,12.5,0.0,0.0,25.0,SYNTH_STU_00350,SYNTH_CRS_050,13,8,7.69,6.5,1,1
10.0,7.0,0.0,0.0,0.0,3.0,70.0,30.0,0.0,66.67,2.0,-60.0,SYNTH_STU_00352,SYNTH_CRS_002,16,10,56.25,0.0,1,1
11.0,3.0,6.0,1.0,1.0,0.0,100.0,0.0,54.55,0.0,0.0,20.0,SYNTH_STU_00353,SYNTH_CRS_003,19,11,0.0,4.5,1,1
7.0,2.0,3.0,1.0,1.0,0.0,100.0,0.0,42.86,0.0,0.0,-25.0,SYNTH_STU_00354,SYNTH_CRS_004,12,7,8.33,4.5,1,1
7.0,0.0,4.0,2.0,0.0,1.0,85.71,14.29,57.14,0.0,0.0,-16.67,SYNTH_STU_00355,SYNTH_CRS_005,12,7,8.33,4.5,1,1
7.0,4.0,0.0,0.0,0.0,3.0,57.14,42.86,0.0,66.67,1.0,-16.67,SYNTH_STU_00356,SYNTH_CRS_006,12,7,41.67,0.0,1,1
11.0,7.0,0.0,0.0,4.0,0.0,100.0,0.0,0.0,0.0,0.0,0.0,SYNTH_STU_00360,SYNTH_CRS_010,19,11,0.0,9.5,0,1
11.0,7.0,0.0,0.0,1.0,3.0,72.73,27.27,0.0,33.33,1.0,-13.33,SYNTH_STU_00362,SYNTH_CRS_012,19,11,26.32,0.0,1,1
12.0,9.0,2.0,0.0,1.0,0.0,100.0,0.0,16.67,0.0,0.0,0.0,SYNTH_STU_00364,SYNTH_CRS_014,20,12,20.0,0.0,1,1
8.0,6.0,0.0,0.0,0.0,2.0,75.0,25.0,0.0,66.67,2.0,-50.0,SYNTH_STU_00366,SYNTH_CRS_016,13,8,46.15,0.0,1,1
7.0,6.0,0.0,0.0,0.0,1.0,85.71,14.29,0.0,0.0,0.0,-25.0,SYNTH_STU_00367,SYNTH_CRS_017,12,7,25.0,4.0,1,1
7.0,5.0,1.0,0.0,0.0,1.0,85.71,14.29,14.29,33.33,1.0,-25.0,SYNTH_STU_00369,SYNTH_CRS_019,12,7,41.67,0.0,1,1
11.0,6.0,0.0,0.0,1.0,4.0,63.64,36.36,0.0,33.33,1.0,6.67,SYNTH_STU_00372,SYNTH_CRS_022,18,11,33.33,0.0,1,1
12.0,9.0,1.0,1.0,0.0,1.0,91.67,8.33,8.33,0.0,0.0,0.0,SYNTH_STU_00373,SYNTH_CRS_023,20,12,25.0,0.0,1,1
10.0,6.0,2.0,0.0,0.0,2.0,80.0,20.0,20.0,66.67,2.0,-40.0,SYNTH_STU_00376,SYNTH_CRS_026,17,10,52.94,0.0,1,1
10.0,6.0,1.0,1.0,0.0,2.0,80.0,20.0,10.0,33.33,0.0,-20.0,SYNTH_STU_00380,SYNTH_CRS_030,16,10,25.0,0.5,1,1
8.0,2.0,4.0,2.0,0.0,0.0,100.0,0.0,50.0,0.0,0.0,-50.0,SYNTH_STU_00381,SYNTH_CRS_031,13,8,7.69,4.0,1,1
12.0,8.0,1.0,0.0,0.0,3.0,75.0,25.0,8.33,33.33,0.0,16.67,SYNTH_STU_00382,SYNTH_CRS_032,20,12,30.0,0.0,1,1
10.0,8.0,1.0,1.0,0.0,0.0,100.0,0.0,10.0,0.0,0.0,20.0,SYNTH_STU_00386,SYNTH_CRS_036,17,10,0.0,9.0,0,1
12.0,9.0,0.0,0.0,3.0,0.0,100.0,0.0,0.0,0.0,0.0,0.0,SYNTH_STU_00388,SYNTH_CRS_038,20,12,0.0,9.5,0,1
10.0,6.0,0.0,0.0,2.0,2.0,80.0,20.0,0.0,66.67,2.0,-40.0,SYNTH_STU_00389,SYNTH_CRS_039,16,10,50.0,0.0,1,1
10.0,8.0,0.0,0.0,0.0,2.0,80.0,20.0,0.0,66.67,2.0,-40.0,SYNTH_STU_00392,SYNTH_CRS_042,17,10,41.18,0.0,1,1
11.0,5.0,5.0,1.0,0.0,0.0,100.0,0.0,45.45,0.0,0.0,-16.67,SYNTH_STU_00394,SYNTH_CRS_044,18,11,5.56,3.0,1,1
11.0,5.0,2.0,4.0,0.0,0.0,100.0,0.0,18.18,0.0,0.0,43.33,SYNTH_STU_00395,SYNTH_CRS_045,18,11,0.0,5.0,1,1
12.0,8.0,2.0,0.0,0.0,2.0,83.33,16.67,16.67,66.67,2.0,-33.33,SYNTH_STU_00398,SYNTH_CRS_048,20,12,45.0,0.0,1,1
11.0,9.0,1.0,1.0,0.0,0.0,100.0,0.0,9.09,0.0,0.0,-16.67,SYNTH_STU_00399,SYNTH_CRS_049,19,11,21.05,0.5,1,1
12.0,9.0,3.0,0.0,0.0,0.0,100.0,0.0,25.0,0.0,0.0,0.0,SYNTH_STU_00401,SYNTH_CRS_001,20,12,0.0,8.0,0,1
9.0,6.0,1.0,0.0,0.0,2.0,77.78,22.22,11.11,66.67,2.0,-40.0,SYNTH_STU_00404,SYNTH_CRS_004,15,9,46.67,0.0,1,1
11.0,6.0,0.0,0.0,4.0,1.0,90.91,9.09,0.0,0.0,0.0,-16.67,SYNTH_STU_00407,SYNTH_CRS_007,18,11,5.56,8.0,0,1
12.0,7.0,0.0,0.0,1.0,4.0,66.67,33.33,0.0,100.0,3.0,-66.67,SYNTH_STU_00408,SYNTH_CRS_008,20,12,40.0,0.0,1,1
10.0,8.0,1.0,1.0,0.0,0.0,100.0,0.0,10.0,0.0,0.0,-20.0,SYNTH_STU_00409,SYNTH_CRS_009,17,10,5.88,6.0,1,1
12.0,8.0,0.0,1.0,2.0,1.0,91.67,8.33,0.0,0.0,0.0,33.33,SYNTH_STU_00411,SYNTH_CRS_011,20,12,15.0,2.5,1,1
8.0,4.0,1.0,0.0,3.0,0.0,100.0,0.0,12.5,0.0,0.0,0.0,SYNTH_STU_00414,SYNTH_CRS_014,14,8,0.0,9.5,0,1
9.0,4.0,0.0,1.0,0.0,4.0,55.56,44.44,0.0,66.67,1.0,-10.0,SYNTH_STU_00419,SYNTH_CRS_019,15,9,40.0,0.0,1,1
7.0,6.0,0.0,0.0,0.0,1.0,85.71,14.29,0.0,0.0,0.0,33.33,SYNTH_STU_00421,SYNTH_CRS_021,12,7,25.0,3.5,1,1
8.0,3.0,3.0,1.0,0.0,1.0,87.5,12.5,37.5,0.0,0.0,50.0,SYNTH_STU_00422,SYNTH_CRS_022,14,8,21.43,1.0,1,1
10.0,5.0,0.0,1.0,1.0,3.0,70.0,30.0,0.0,0.0,0.0,-40.0,SYNTH_STU_00423,SYNTH_CRS_023,17,10,35.29,0.0,1,1
11.0,7.0,0.0,0.0,0.0,4.0,63.64,36.36,0.0,66.67,2.0,-30.0,SYNTH_STU_00425,SYNTH_CRS_025,19,11,42.11,0.0,1,1
10.0,8.0,0.0,0.0,0.0,2.0,80.0,20.0,0.0,66.67,1.0,-40.0,SYNTH_STU_00426,SYNTH_CRS_026,17,10,29.41,0.0,1,1
9.0,5.0,0.0,0.0,0.0,4.0,55.56,44.44,0.0,66.67,1.0,10.0,SYNTH_STU_00429,SYNTH_CRS_029,15,9,33.33,0.0,1,1
10.0,7.0,0.0,0.0,0.0,3.0,70.0,30.0,0.0,66.67,0.0,-60.0,SYNTH_STU_00431,SYNTH_CRS_031,17,10,41.18,0.0,1,1
11.0,8.0,1.0,0.0,0.0,2.0,81.82,18.18,9.09,0.0,0.0,3.33,SYNTH_STU_00432,SYNTH_CRS_032,19,11,31.58,0.0,1,1
9.0,5.0,2.0,1.0,0.0,1.0,88.89,11.11,22.22,0.0,0.0,50.0,SYNTH_STU_00433,SYNTH_CRS_033,15,9,26.67,0.5,1,1
12.0,7.0,1.0,0.0,4.0,0.0,100.0,0.0,8.33,0.0,0.0,0.0,SYNTH_STU_00437,SYNTH_CRS_037,20,12,0.0,9.0,0,1
11.0,7.0,1.0,0.0,1.0,2.0,81.82,18.18,9.09,66.67,2.0,-33.33,SYNTH_STU_00440,SYNTH_CRS_040,18,11,50.0,0.0,1,1
8.0,3.0,3.0,2.0,0.0,0.0,100.0,0.0,37.5,0.0,0.0,0.0,SYNTH_STU_00444,SYNTH_CRS_044,14,8,7.14,4.5,1,1
10.0,7.0,1.0,0.0,1.0,1.0,90.0,10.0,10.0,0.0,0.0,-20.0,SYNTH_STU_00446,SYNTH_CRS_046,16,10,12.5,4.5,1,1
11.0,8.0,0.0,0.0,1.0,2.0,81.82,18.18,0.0,33.33,1.0,-33.33,SYNTH_STU_00450,SYNTH_CRS_050,19,11,31.58,0.0,1,1
8.0,4.0,1.0,0.0,2.0,1.0,87.5,12.5,12.5,33.33,0.0,-25.0,SYNTH_STU_00455,SYNTH_CRS_005,14,8,7.14,7.5,0,1
11.0,8.0,1.0,0.0,2.0,0.0,100.0,0.0,9.09,0.0,0.0,0.0,SYNTH_STU_00459,SYNTH_CRS_009,18,11,0.0,9.5,0,1
11.0,8.0,0.0,0.0,0.0,3.0,72.73,27.27,0.0,0.0,0.0,23.33,SYNTH_STU_00465,SYNTH_CRS_015,19,11,42.11,0.0,1,1
11.0,8.0,0.0,0.0,0.0,3.0,72.73,27.27,0.0,100.0,3.0,-50.0,SYNTH_STU_00466,SYNTH_CRS_016,19,11,52.63,0.0,1,1
12.0,8.0,1.0,1.0,0.0,2.0,83.33,16.67,8.33,33.33,0.0,-50.0,SYNTH_STU_00469,SYNTH_CRS_019,20,12,20.0,0.5,1,1
8.0,4.0,1.0,0.0,1.0,2.0,75.0,25.0,12.5,33.33,1.0,-50.0,SYNTH_STU_00471,SYNTH_CRS_021,14,8,50.0,0.0,1,1
10.0,5.0,1.0,0.0,0.0,4.0,60.0,40.0,10.0,33.33,0.0,0.0,SYNTH_STU_00472,SYNTH_CRS_022,17,10,47.06,0.0,1,1
12.0,7.0,0.0,0.0,0.0,5.0,58.33,41.67,0.0,66.67,0.0,-50.0,SYNTH_STU_00476,SYNTH_CRS_026,20,12,45.0,0.0,1,1
7.0,6.0,0.0,0.0,0.0,1.0,85.71,14.29,0.0,33.33,0.0,-25.0,SYNTH_STU_00479,SYNTH_CRS_029,12,7,25.0,4.0,1,1
10.0,8.0,0.0,1.0,0.0,1.0,90.0,10.0,0.0,0.0,0.0,0.0,SYNTH_STU_00480,SYNTH_CRS_030,16,10,6.25,7.0,0,1
9.0,7.0,0.0,0.0,0.0,2.0,77.78,22.22,0.0,33.33,1.0,5.0,SYNTH_STU_00482,SYNTH_CRS_032,15,9,40.0,0.0,1,1
12.0,5.0,5.0,2.0,0.0,0.0,100.0,0.0,41.67,0.0,0.0,-33.33,SYNTH_STU_00484,SYNTH_CRS_034,20,12,0.0,5.5,1,1
12.0,8.0,1.0,0.0,0.0,3.0,75.0,25.0,8.33,66.67,2.0,-50.0,SYNTH_STU_00489,SYNTH_CRS_039,20,12,50.0,0.0,1,1
9.0,7.0,0.0,0.0,0.0,2.0,77.78,22.22,0.0,33.33,0.0,-40.0,SYNTH_STU_00494,SYNTH_CRS_044,15,9,20.0,3.5,1,1
10.0,6.0,0.0,0.0,1.0,3.0,70.0,30.0,0.0,66.67,1.0,-20.0,SYNTH_STU_00495,SYNTH_CRS_045,17,10,41.18,0.0,1,1
10.0,7.0,0.0,0.0,0.0,3.0,70.0,30.0,0.0,33.33,1.0,20.0,SYNTH_STU_00496,SYNTH_CRS_046,17,10,52.94,0.0,1,1
11.0,7.0,1.0,0.0,0.0,3.0,72.73,27.27,9.09,66.67,2.0,-50.0,SYNTH_STU_00498,SYNTH_CRS_048,19,11,52.63,0.0,1,1
12.0,10.0,1.0,0.0,1.0,0.0,100.0,0.0,8.33,0.0,0.0,0.0,SYNTH_STU_00500,SYNTH_CRS_050,20,12,0.0,8.5,0,1
12.0,10.0,0.0,0.0,0.0,2.0,83.33,16.67,0.0,0.0,0.0,0.0,SYNTH_STU_00503,SYNTH_CRS_003,20,12,30.0,0.0,1,1
10.0,5.0,4.0,1.0,0.0,0.0,100.0,0.0,40.0,0.0,0.0,20.0,SYNTH_STU_00505,SYNTH_CRS_005,17,10,5.88,4.0,1,1
11.0,8.0,2.0,0.0,0.0,1.0,90.91,9.09,18.18,0.0,0.0,20.0,SYNTH_STU_00507,SYNTH_CRS_007,18,11,5.56,6.5,1,1
7.0,6.0,0.0,0.0,0.0,1.0,85.71,14.29,0.0,33.33,1.0,-25.0,SYNTH_STU_00508,SYNTH_CRS_008,12,7,50.0,0.0,1,1
7.0,1.0,3.0,1.0,0.0,2.0,71.43,28.57,42.86,33.33,0.0,41.67,SYNTH_STU_00511,SYNTH_CRS_011,12,7,16.67,2.0,1,1
11.0,10.0,0.0,1.0,0.0,0.0,100.0,0.0,0.0,0.0,0.0,20.0,SYNTH_STU_00512,SYNTH_CRS_012,18,11,0.0,9.5,0,1
9.0,7.0,0.0,0.0,1.0,1.0,88.89,11.11,0.0,33.33,1.0,-20.0,SYNTH_STU_00515,SYNTH_CRS_015,15,9,20.0,3.5,1,1
10.0,6.0,0.0,1.0,1.0,2.0,80.0,20.0,0.0,66.67,2.0,-20.0,SYNTH_STU_00516,SYNTH_CRS_016,17,10,47.06,0.0,1,1
10.0,0.0,6.0,2.0,0.0,2.0,80.0,20.0,60.0,33.33,0.0,40.0,SYNTH_STU_00520,SYNTH_CRS_020,17,10,11.76,0.0,1,1
12.0,8.0,0.0,0.0,2.0,2.0,83.33,16.67,0.0,33.33,1.0,-33.33,SYNTH_STU_00522,SYNTH_CRS_022,20,12,10.0,6.0,1,1
10.0,8.0,0.0,0.0,1.0,1.0,90.0,10.0,0.0,33.33,1.0,-20.0,SYNTH_STU_00523,SYNTH_CRS_023,16,10,6.25,8.0,0,1
12.0,10.0,0.0,0.0,0.0,2.0,83.33,16.67,0.0,33.33,0.0,0.0,SYNTH_STU_00528,SYNTH_CRS_028,20,12,50.0,0.0,1,1
11.0,4.0,4.0,2.0,0.0,1.0,90.91,9.09,36.36,33.33,1.0,-13.33,SYNTH_STU_00529,SYNTH_CRS_029,19,11,10.53,1.0,1,1
10.0,3.0,5.0,0.0,0.0,2.0,80.0,20.0,50.0,66.67,0.0,-40.0,SYNTH_STU_00531,SYNTH_CRS_031,17,10,23.53,0.0,1,1
10.0,7.0,1.0,0.0,0.0,2.0,80.0,20.0,10.0,33.33,0.0,0.0,SYNTH_STU_00536,SYNTH_CRS_036,17,10,52.94,0.0,1,1
8.0,5.0,0.0,0.0,1.0,2.0,75.0,25.0,0.0,66.67,2.0,-50.0,SYNTH_STU_00539,SYNTH_CRS_039,13,8,53.85,0.0,1,1
12.0,10.0,0.0,1.0,1.0,0.0,100.0,0.0,0.0,0.0,0.0,-16.67,SYNTH_STU_00542,SYNTH_CRS_042,20,12,0.0,9.5,0,1
10.0,5.0,1.0,0.0,2.0,2.0,80.0,20.0,10.0,66.67,0.0,-40.0,SYNTH_STU_00545,SYNTH_CRS_045,17,10,41.18,0.0,1,1
11.0,8.0,0.0,0.0,0.0,3.0,72.73,27.27,0.0,33.33,1.0,-13.33,SYNTH_STU_00546,SYNTH_CRS_046,19,11,42.11,0.0,1,1
8.0,5.0,0.0,0.0,1.0,2.0,75.0,25.0,0.0,33.33,1.0,-50.0,SYNTH_STU_00548,SYNTH_CRS_048,13,8,53.85,0.0,1,1
8.0,4.0,0.0,0.0,0.0,4.0,50.0,50.0,0.0,100.0,3.0,-50.0,SYNTH_STU_00549,SYNTH_CRS_049,14,8,35.71,0.0,1,1
10.0,4.0,2.0,0.0,3.0,1.0,90.0,10.0,20.0,33.33,0.0,-20.0,SYNTH_STU_00550,SYNTH_CRS_050,16,10,6.25,7.0,0,1
11.0,7.0,1.0,0.0,3.0,0.0,100.0,0.0,9.09,0.0,0.0,0.0,SYNTH_STU_00551,SYNTH_CRS_001,18,11,5.56,7.0,0,1
9.0,7.0,0.0,1.0,0.0,1.0,88.89,11.11,0.0,0.0,0.0,5.0,SYNTH_STU_00553,SYNTH_CRS_003,15,9,6.67,7.5,0,1
12.0,9.0,2.0,1.0,0.0,0.0,100.0,0.0,16.67,0.0,0.0,16.67,SYNTH_STU_00554,SYNTH_CRS_004,20,12,0.0,8.0,0,1
11.0,5.0,4.0,0.0,1.0,1.0,90.91,9.09,36.36,0.0,0.0,-16.67,SYNTH_STU_00556,SYNTH_CRS_006,19,11,10.53,1.5,1,1
11.0,7.0,0.0,1.0,1.0,2.0,81.82,18.18,0.0,66.67,2.0,-50.0,SYNTH_STU_00559,SYNTH_CRS_009,19,11,42.11,0.0,1,1
11.0,8.0,3.0,0.0,0.0,0.0,100.0,0.0,27.27,0.0,0.0,0.0,SYNTH_STU_00560,SYNTH_CRS_010,19,11,0.0,7.5,0,1
9.0,5.0,1.0,1.0,0.0,2.0,77.78,22.22,11.11,66.67,2.0,-60.0,SYNTH_STU_00562,SYNTH_CRS_012,15,9,53.33,0.0,1,1
9.0,5.0,2.0,0.0,0.0,2.0,77.78,22.22,22.22,0.0,0.0,5.0,SYNTH_STU_00563,SYNTH_CRS_013,15,9,46.67,0.0,1,1
10.0,8.0,0.0,0.0,0.0,2.0,80.0,20.0,0.0,66.67,0.0,-40.0,SYNTH_STU_00564,SYNTH_CRS_014,17,10,35.29,0.0,1,1
11.0,6.0,4.0,1.0,0.0,0.0,100.0,0.0,36.36,0.0,0.0,-16.67,SYNTH_STU_00566,SYNTH_CRS_016,19,11,0.0,6.5,1,1
8.0,6.0,0.0,0.0,0.0,2.0,75.0,25.0,0.0,33.33,0.0,0.0,SYNTH_STU_00567,SYNTH_CRS_017,13,8,38.46,0.0,1,1
11.0,9.0,0.0,1.0,0.0,1.0,90.91,9.09,0.0,33.33,1.0,3.33,SYNTH_STU_00569,SYNTH_CRS_019,18,11,27.78,0.0,1,1
10.0,6.0,1.0,0.0,0.0,3.0,70.0,30.0,10.0,100.0,3.0,-60.0,SYNTH_STU_00574,SYNTH_CRS_024,16,10,56.25,0.0,1,1
11.0,6.0,0.0,0.0,0.0,5.0,54.55,45.45,0.0,100.0,3.0,-46.67,SYNTH_STU_00575,SYNTH_CRS_025,18,11,50.0,0.0,1,1
7.0,5.0,0.0,0.0,1.0,1.0,85.71,14.29,0.0,0.0,0.0,33.33,SYNTH_STU_00578,SYNTH_CRS_028,12,7,25.0,3.5,1,1
8.0,5.0,1.0,0.0,0.0,2.0,75.0,25.0,12.5,66.67,0.0,-50.0,SYNTH_STU_00580,SYNTH_CRS_030,13,8,46.15,0.0,1,1
9.0,3.0,2.0,0.0,0.0,4.0,55.56,44.44,22.22,100.0,3.0,-80.0,SYNTH_STU_00583,SYNTH_CRS_033,15,9,66.67,0.0,1,1
10.0,4.0,2.0,0.0,3.0,1.0,90.0,10.0,20.0,0.0,0.0,-20.0,SYNTH_STU_00584,SYNTH_CRS_034,17,10,5.88,7.0,0,1
10.0,6.0,0.0,0.0,4.0,0.0,100.0,0.0,0.0,0.0,0.0,0.0,SYNTH_STU_00585,SYNTH_CRS_035,16,10,0.0,9.5,0,1
8.0,4.0,2.0,2.0,0.0,0.0,100.0,0.0,25.0,0.0,0.0,0.0,SYNTH_STU_00589,SYNTH_CRS_039,13,8,7.69,5.0,1,1
10.0,6.0,4.0,0.0,0.0,0.0,100.0,0.0,40.0,0.0,0.0,0.0,SYNTH_STU_00590,SYNTH_CRS_040,17,10,0.0,6.5,1,1
11.0,9.0,0.0,0.0,0.0,2.0,81.82,18.18,0.0,0.0,0.0,-33.33,SYNTH_STU_00594,SYNTH_CRS_044,18,11,44.44,0.0,1,1
8.0,4.0,0.0,1.0,0.0,3.0,62.5,37.5,0.0,66.67,2.0,-100.0,SYNTH_STU_00595,SYNTH_CRS_045,13,8,38.46,0.0,1,1
10.0,6.0,3.0,0.0,0.0,1.0,90.0,10.0,30.0,0.0,0.0,20.0,SYNTH_STU_00596,SYNTH_CRS_046,17,10,5.88,6.0,1,1
11.0,8.0,0.0,0.0,2.0,1.0,90.91,9.09,0.0,33.33,1.0,-16.67,SYNTH_STU_00598,SYNTH_CRS_048,18,11,5.56,8.0,0,1
11.0,8.0,0.0,0.0,1.0,2.0,81.82,18.18,0.0,33.33,0.0,3.33,SYNTH_STU_00599,SYNTH_CRS_049,18,11,44.44,0.0,1,1
9.0,5.0,0.0,0.0,0.0,4.0,55.56,44.44,0.0,66.67,1.0,-35.0,SYNTH_STU_00600,SYNTH_CRS_050,15,9,46.67,0.0,1,1
12.0,10.0,1.0,0.0,0.0,1.0,91.67,8.33,8.33,33.33,1.0,-16.67,SYNTH_STU_00602,SYNTH_CRS_002,20,12,25.0,0.0,1,1
12.0,10.0,0.0,0.0,2.0,0.0,100.0,0.0,0.0,0.0,0.0,0.0,SYNTH_STU_00603,SYNTH_CRS_003,20,12,30.0,0.0,1,1
9.0,6.0,0.0,1.0,1.0,1.0,88.89,11.11,0.0,0.0,0.0,5.0,SYNTH_STU_00605,SYNTH_CRS_005,15,9,26.67,1.5,1,1
9.0,6.0,0.0,1.0,0.0,2.0,77.78,22.22,0.0,66.67,2.0,-15.0,SYNTH_STU_00611,SYNTH_CRS_011,15,9,26.67,1.0,1,1
9.0,7.0,2.0,0.0,0.0,0.0,100.0,0.0,22.22,0.0,0.0,0.0,SYNTH_STU_00617,SYNTH_CRS_017,15,9,0.0,9.0,0,1
12.0,11.0,0.0,1.0,0.0,0.0,100.0,0.0,0.0,0.0,0.0,-16.67,SYNTH_STU_00618,SYNTH_CRS_018,20,12,0.0,8.5,0,1
11.0,8.0,1.0,0.0,1.0,1.0,90.91,9.09,9.09,33.33,1.0,-16.67,SYNTH_STU_00619,SYNTH_CRS_019,19,11,36.84,0.0,1,1
9.0,6.0,0.0,2.0,0.0,1.0,88.89,11.11,0.0,0.0,0.0,-15.0,SYNTH_STU_00627,SYNTH_CRS_027,15,9,33.33,0.0,1,1
11.0,10.0,0.0,0.0,0.0,1.0,90.91,9.09,0.0,0.0,0.0,-16.67,SYNTH_STU_00629,SYNTH_CRS_029,18,11,22.22,1.5,1,1
10.0,6.0,0.0,0.0,0.0,4.0,60.0,40.0,0.0,33.33,0.0,40.0,SYNTH_STU_00630,SYNTH_CRS_030,17,10,35.29,0.0,1,1
11.0,8.0,0.0,0.0,0.0,3.0,72.73,27.27,0.0,33.33,0.0,-13.33,SYNTH_STU_00632,SYNTH_CRS_032,18,11,27.78,0.0,1,1
12.0,8.0,1.0,0.0,3.0,0.0,100.0,0.0,8.33,0.0,0.0,0.0,SYNTH_STU_00633,SYNTH_CRS_033,20,12,0.0,9.5,0,1
9.0,5.0,1.0,1.0,0.0,2.0,77.78,22.22,11.11,66.67,1.0,-15.0,SYNTH_STU_00635,SYNTH_CRS_035,15,9,26.67,1.0,1,1
10.0,6.0,0.0,0.0,0.0,4.0,60.0,40.0,0.0,66.67,1.0,-40.0,SYNTH_STU_00638,SYNTH_CRS_038,17,10,47.06,0.0,1,1
7.0,4.0,0.0,0.0,1.0,2.0,71.43,28.57,0.0,0.0,0.0,66.67,SYNTH_STU_00640,SYNTH_CRS_040,12,7,33.33,1.5,1,1
7.0,4.0,2.0,0.0,0.0,1.0,85.71,14.29,28.57,33.33,1.0,-25.0,SYNTH_STU_00642,SYNTH_CRS_042,12,7,50.0,0.0,1,1
12.0,8.0,0.0,0.0,0.0,4.0,66.67,33.33,0.0,66.67,0.0,0.0,SYNTH_STU_00644,SYNTH_CRS_044,20,12,40.0,0.0,1,1
11.0,4.0,5.0,1.0,0.0,1.0,90.91,9.09,45.45,0.0,0.0,3.33,SYNTH_STU_00645,SYNTH_CRS_045,18,11,11.11,2.5,1,1
9.0,8.0,0.0,1.0,0.0,0.0,100.0,0.0,0.0,0.0,0.0,-20.0,SYNTH_STU_00646,SYNTH_CRS_046,15,9,26.67,1.5,1,1
10.0,4.0,4.0,0.0,1.0,1.0,90.0,10.0,40.0,0.0,0.0,-20.0,SYNTH_STU_00648,SYNTH_CRS_048,16,10,6.25,4.5,1,1
9.0,5.0,0.0,0.0,1.0,3.0,66.67,33.33,0.0,33.33,1.0,-15.0,SYNTH_STU_00649,SYNTH_CRS_049,15,9,33.33,0.0,1,1
9.0,7.0,0.0,1.0,0.0,1.0,88.89,11.11,0.0,33.33,0.0,-40.0,SYNTH_STU_00650,SYNTH_CRS_050,15,9,40.0,0.0,1,1
10.0,9.0,0.0,0.0,0.0,1.0,90.0,10.0,0.0,0.0,0.0,-20.0,SYNTH_STU_00653,SYNTH_CRS_003,17,10,17.65,3.5,1,1
8.0,4.0,0.0,0.0,0.0,4.0,50.0,50.0,0.0,66.67,2.0,-50.0,SYNTH_STU_00657,SYNTH_CRS_007,14,8,57.14,0.0,1,1
10.0,5.0,4.0,0.0,1.0,0.0,100.0,0.0,40.0,0.0,0.0,0.0,SYNTH_STU_00658,SYNTH_CRS_008,17,10,5.88,6.0,1,1
8.0,5.0,0.0,0.0,1.0,2.0,75.0,25.0,0.0,33.33,1.0,0.0,SYNTH_STU_00660,SYNTH_CRS_010,14,8,35.71,0.0,1,1
10.0,7.0,0.0,1.0,2.0,0.0,100.0,0.0,0.0,0.0,0.0,-20.0,SYNTH_STU_00661,SYNTH_CRS_011,17,10,0.0,9.5,0,1
11.0,3.0,4.0,3.0,0.0,1.0,90.91,9.09,36.36,0.0,0.0,6.67,SYNTH_STU_00662,SYNTH_CRS_012,18,11,5.56,3.0,1,1
9.0,7.0,0.0,1.0,1.0,0.0,100.0,0.0,0.0,0.0,0.0,-20.0,SYNTH_STU_00671,SYNTH_CRS_021,15,9,0.0,9.0,0,1
12.0,6.0,1.0,0.0,0.0,5.0,58.33,41.67,8.33,33.33,0.0,16.67,SYNTH_STU_00672,SYNTH_CRS_022,20,12,45.0,0.0,1,1
9.0,6.0,1.0,0.0,2.0,0.0,100.0,0.0,11.11,0.0,0.0,0.0,SYNTH_STU_00678,SYNTH_CRS_028,15,9,0.0,9.5,0,1
11.0,9.0,0.0,0.0,0.0,2.0,81.82,18.18,0.0,0.0,0.0,40.0,SYNTH_STU_00683,SYNTH_CRS_033,18,11,22.22,1.5,1,1
10.0,7.0,0.0,0.0,0.0,3.0,70.0,30.0,0.0,33.33,0.0,-60.0,SYNTH_STU_00685,SYNTH_CRS_035,16,10,31.25,0.0,1,1
10.0,7.0,2.0,1.0,0.0,0.0,100.0,0.0,20.0,0.0,0.0,20.0,SYNTH_STU_00686,SYNTH_CRS_036,17,10,0.0,8.5,0,1
8.0,3.0,3.0,1.0,0.0,1.0,87.5,12.5,37.5,0.0,0.0,0.0,SYNTH_STU_00687,SYNTH_CRS_037,14,8,14.29,3.5,1,1
8.0,4.0,1.0,3.0,0.0,0.0,100.0,0.0,12.5,0.0,0.0,-75.0,SYNTH_STU_00688,SYNTH_CRS_038,13,8,0.0,7.0,0,1
8.0,4.0,0.0,0.0,0.0,4.0,50.0,50.0,0.0,66.67,1.0,-50.0,SYNTH_STU_00689,SYNTH_CRS_039,13,8,61.54,0.0,1,1
11.0,4.0,4.0,0.0,1.0,2.0,81.82,18.18,36.36,33.33,1.0,3.33,SYNTH_STU_00690,SYNTH_CRS_040,18,11,38.89,0.0,1,1
8.0,6.0,0.0,0.0,1.0,1.0,87.5,12.5,0.0,33.33,0.0,-25.0,SYNTH_STU_00691,SYNTH_CRS_041,13,8,23.08,3.5,1,1
11.0,5.0,1.0,0.0,5.0,0.0,100.0,0.0,9.09,0.0,0.0,0.0,SYNTH_STU_00692,SYNTH_CRS_042,19,11,0.0,9.5,0,1
7.0,3.0,2.0,0.0,1.0,1.0,85.71,14.29,28.57,33.33,1.0,-25.0,SYNTH_STU_00693,SYNTH_CRS_043,12,7,50.0,0.0,1,1
7.0,2.0,5.0,0.0,0.0,0.0,100.0,0.0,71.43,0.0,0.0,0.0,SYNTH_STU_00697,SYNTH_CRS_047,12,7,0.0,6.0,1,1
8.0,4.0,0.0,1.0,1.0,2.0,75.0,25.0,0.0,33.33,1.0,25.0,SYNTH_STU_00701,SYNTH_CRS_001,14,8,14.29,4.5,1,1
10.0,7.0,1.0,0.0,0.0,2.0,80.0,20.0,10.0,33.33,1.0,-40.0,SYNTH_STU_00705,SYNTH_CRS_005,17,10,29.41,0.0,1,1
12.0,6.0,4.0,0.0,1.0,1.0,91.67,8.33,33.33,0.0,0.0,16.67,SYNTH_STU_00707,SYNTH_CRS_007,20,12,5.0,5.0,1,1
9.0,6.0,0.0,1.0,0.0,2.0,77.78,22.22,0.0,33.33,0.0,-15.0,SYNTH_STU_00708,SYNTH_CRS_008,15,9,40.0,0.0,1,1
10.0,8.0,0.0,0.0,1.0,1.0,90.0,10.0,0.0,33.33,0.0,-20.0,SYNTH_STU_00710,SYNTH_CRS_010,17,10,23.53,1.5,1,1
8.0,4.0,1.0,0.0,0.0,3.0,62.5,37.5,12.5,33.33,0.0,25.0,SYNTH_STU_00712,SYNTH_CRS_012,14,8,42.86,0.0,1,1
10.0,6.0,3.0,0.0,0.0,1.0,90.0,10.0,30.0,0.0,0.0,-20.0,SYNTH_STU_00715,SYNTH_CRS_015,17,10,17.65,0.5,1,1
11.0,4.0,5.0,1.0,0.0,1.0,90.91,9.09,45.45,33.33,0.0,3.33,SYNTH_STU_00720,SYNTH_CRS_020,19,11,10.53,1.0,1,1
8.0,2.0,4.0,0.0,1.0,1.0,87.5,12.5,50.0,0.0,0.0,25.0,SYNTH_STU_00723,SYNTH_CRS_023,14,8,7.14,5.0,1,1
11.0,5.0,2.0,2.0,0.0,2.0,81.82,18.18,18.18,66.67,2.0,-30.0,SYNTH_STU_00727,SYNTH_CRS_027,19,11,15.79,0.0,1,1
8.0,6.0,0.0,0.0,0.0,2.0,75.0,25.0,0.0,33.33,0.0,-50.0,SYNTH_STU_00731,SYNTH_CRS_031,14,8,42.86,0.0,1,1
11.0,5.0,3.0,0.0,0.0,3.0,72.73,27.27,27.27,66.67,2.0,-13.33,SYNTH_STU_00732,SYNTH_CRS_032,19,11,52.63,0.0,1,1
10.0,6.0,0.0,1.0,1.0,2.0,80.0,20.0,0.0,33.33,1.0,20.0,SYNTH_STU_00734,SYNTH_CRS_034,16,10,50.0,0.0,1,1
11.0,7.0,1.0,0.0,0.0,3.0,72.73,27.27,9.09,66.67,0.0,-13.33,SYNTH_STU_00736,SYNTH_CRS_036,18,11,27.78,0.0,1,1
10.0,7.0,1.0,0.0,0.0,2.0,80.0,20.0,10.0,0.0,0.0,0.0,SYNTH_STU_00738,SYNTH_CRS_038,17,10,29.41,0.0,1,1
11.0,6.0,2.0,0.0,2.0,1.0,90.91,9.09,18.18,33.33,1.0,-16.67,SYNTH_STU_00746,SYNTH_CRS_046,18,11,44.44,0.0,1,1
9.0,2.0,6.0,0.0,0.0,1.0,88.89,11.11,66.67,33.33,0.0,-20.0,SYNTH_STU_00749,SYNTH_CRS_049,15,9,6.67,3.5,1,1
9.0,7.0,0.0,0.0,0.0,2.0,77.78,22.22,0.0,0.0,0.0,5.0,SYNTH_STU_00750,SYNTH_CRS_050,15,9,33.33,0.0,1,1
8.0,2.0,1.0,0.0,3.0,2.0,75.0,25.0,12.5,0.0,0.0,0.0,SYNTH_STU_00757,SYNTH_CRS_007,13,8,23.08,3.5,1,1
12.0,8.0,0.0,0.0,1.0,3.0,75.0,25.0,0.0,66.67,1.0,-50.0,SYNTH_STU_00758,SYNTH_CRS_008,20,12,40.0,0.0,1,1
11.0,6.0,1.0,0.0,0.0,4.0,63.64,36.36,9.09,33.33,1.0,6.67,SYNTH_STU_00760,SYNTH_CRS_010,18,11,33.33,0.0,1,1
8.0,5.0,0.0,0.0,2.0,1.0,87.5,12.5,0.0,0.0,0.0,-25.0,SYNTH_STU_00761,SYNTH_CRS_011,13,8,7.69,8.0,0,1
11.0,5.0,1.0,1.0,1.0,3.0,72.73,27.27,9.09,66.67,2.0,6.67,SYNTH_STU_00766,SYNTH_CRS_016,19,11,47.37,0.0,1,1
12.0,8.0,0.0,0.0,0.0,4.0,66.67,33.33,0.0,33.33,0.0,0.0,SYNTH_STU_00767,SYNTH_CRS_017,20,12,45.0,0.0,1,1
11.0,10.0,0.0,1.0,0.0,0.0,100.0,0.0,0.0,0.0,0.0,-16.67,SYNTH_STU_00772,SYNTH_CRS_022,18,11,0.0,8.0,0,1
8.0,6.0,0.0,1.0,0.0,1.0,87.5,12.5,0.0,0.0,0.0,-50.0,SYNTH_STU_00774,SYNTH_CRS_024,14,8,7.14,7.5,0,1
11.0,9.0,0.0,0.0,0.0,2.0,81.82,18.18,0.0,33.33,1.0,-33.33,SYNTH_STU_00775,SYNTH_CRS_025,18,11,16.67,3.0,1,1
11.0,10.0,0.0,0.0,0.0,1.0,90.91,9.09,0.0,33.33,0.0,-16.67,SYNTH_STU_00778,SYNTH_CRS_028,19,11,26.32,0.0,1,1
10.0,6.0,1.0,0.0,1.0,2.0,80.0,20.0,10.0,33.33,0.0,0.0,SYNTH_STU_00780,SYNTH_CRS_030,16,10,50.0,0.0,1,1
9.0,4.0,1.0,2.0,2.0,0.0,100.0,0.0,11.11,0.0,0.0,5.0,SYNTH_STU_00781,SYNTH_CRS_031,15,9,0.0,8.0,0,1
10.0,8.0,0.0,0.0,0.0,2.0,80.0,20.0,0.0,33.33,1.0,0.0,SYNTH_STU_00783,SYNTH_CRS_033,16,10,50.0,0.0,1,1
12.0,10.0,1.0,1.0,0.0,0.0,100.0,0.0,8.33,0.0,0.0,16.67,SYNTH_STU_00784,SYNTH_CRS_034,20,12,0.0,8.5,0,1
10.0,7.0,0.0,0.0,0.0,3.0,70.0,30.0,0.0,66.67,1.0,-60.0,SYNTH_STU_00785,SYNTH_CRS_035,17,10,41.18,0.0,1,1
11.0,8.0,1.0,1.0,1.0,0.0,100.0,0.0,9.09,0.0,0.0,-16.67,SYNTH_STU_00786,SYNTH_CRS_036,18,11,0.0,8.5,0,1
11.0,9.0,0.0,0.0,0.0,2.0,81.82,18.18,0.0,33.33,0.0,-33.33,SYNTH_STU_00788,SYNTH_CRS_038,19,11,26.32,0.0,1,1
12.0,7.0,0.0,1.0,3.0,1.0,91.67,8.33,0.0,0.0,0.0,33.33,SYNTH_STU_00793,SYNTH_CRS_043,20,12,5.0,7.0,0,1
12.0,6.0,0.0,2.0,4.0,0.0,100.0,0.0,0.0,0.0,0.0,-33.33,SYNTH_STU_00796,SYNTH_CRS_046,20,12,5.0,7.0,0,1
8.0,7.0,0.0,0.0,0.0,1.0,87.5,12.5,0.0,0.0,0.0,-25.0,SYNTH_STU_00800,SYNTH_CRS_050,13,8,38.46,0.0,1,1
10.0,6.0,1.0,0.0,0.0,3.0,70.0,30.0,10.0,33.33,1.0,20.0,SYNTH_STU_00806,SYNTH_CRS_006,16,10,43.75,0.0,1,1
11.0,7.0,2.0,1.0,1.0,0.0,100.0,0.0,18.18,0.0,0.0,-16.67,SYNTH_STU_00807,SYNTH_CRS_007,18,11,5.56,4.5,1,1
8.0,5.0,0.0,0.0,2.0,1.0,87.5,12.5,0.0,33.33,0.0,-25.0,SYNTH_STU_00809,SYNTH_CRS_009,14,8,7.14,8.0,0,1
12.0,5.0,2.0,1.0,0.0,4.0,66.67,33.33,16.67,66.67,2.0,16.67,SYNTH_STU_00811,SYNTH_CRS_011,20,12,55.0,0.0,1,1
10.0,7.0,1.0,1.0,1.0,0.0,100.0,0.0,10.0,0.0,0.0,-20.0,SYNTH_STU_00813,SYNTH_CRS_013,17,10,0.0,9.0,0,1
9.0,7.0,0.0,0.0,1.0,1.0,88.89,11.11,0.0,0.0,0.0,-20.0,SYNTH_STU_00815,SYNTH_CRS_015,15,9,13.33,5.5,1,1
9.0,5.0,3.0,0.0,0.0,1.0,88.89,11.11,33.33,0.0,0.0,-20.0,SYNTH_STU_00816,SYNTH_CRS_016,15,9,13.33,3.5,1,1
7.0,4.0,1.0,0.0,1.0,1.0,85.71,14.29,14.29,33.33,0.0,-25.0,SYNTH_STU_00818,SYNTH_CRS_018,12,7,25.0,3.0,1,1
11.0,6.0,4.0,0.0,0.0,1.0,90.91,9.09,36.36,0.0,0.0,-16.67,SYNTH_STU_00819,SYNTH_CRS_019,18,11,5.56,5.0,1,1
10.0,5.0,2.0,0.0,0.0,3.0,70.0,30.0,20.0,66.67,2.0,-20.0,SYNTH_STU_00821,SYNTH_CRS_021,17,10,52.94,0.0,1,1
8.0,4.0,3.0,1.0,0.0,0.0,100.0,0.0,37.5,0.0,0.0,25.0,SYNTH_STU_00824,SYNTH_CRS_024,13,8,7.69,5.0,1,1
12.0,7.0,1.0,0.0,0.0,4.0,66.67,33.33,8.33,33.33,0.0,-66.67,SYNTH_STU_00826,SYNTH_CRS_026,20,12,40.0,0.0,1,1
11.0,5.0,0.0,0.0,1.0,5.0,54.55,45.45,0.0,100.0,3.0,-46.67,SYNTH_STU_00836,SYNTH_CRS_036,19,11,47.37,0.0,1,1
10.0,5.0,0.0,2.0,3.0,0.0,100.0,0.0,0.0,0.0,0.0,40.0,SYNTH_STU_00837,SYNTH_CRS_037,17,10,0.0,8.5,0,1
12.0,8.0,0.0,1.0,1.0,2.0,83.33,16.67,0.0,66.67,2.0,-50.0,SYNTH_STU_00839,SYNTH_CRS_039,20,12,40.0,0.0,1,1
8.0,6.0,0.0,0.0,0.0,2.0,75.0,25.0,0.0,0.0,0.0,0.0,SYNTH_STU_00844,SYNTH_CRS_044,13,8,15.38,5.0,1,1
9.0,5.0,1.0,0.0,0.0,3.0,66.67,33.33,11.11,33.33,0.0,-60.0,SYNTH_STU_00845,SYNTH_CRS_045,15,9,40.0,0.0,1,1
7.0,5.0,0.0,1.0,0.0,1.0,85.71,14.29,0.0,0.0,0.0,8.33,SYNTH_STU_00847,SYNTH_CRS_047,12,7,25.0,3.0,1,1
11.0,8.0,0.0,0.0,2.0,1.0,90.91,9.09,0.0,33.33,0.0,-16.67,SYNTH_STU_00850,SYNTH_CRS_050,19,11,21.05,1.5,1,1
12.0,8.0,0.0,0.0,4.0,0.0,100.0,0.0,0.0,0.0,0.0,0.0,SYNTH_STU_00851,SYNTH_CRS_001,20,12,5.0,8.0,0,1
7.0,4.0,0.0,0.0,0.0,3.0,57.14,42.86,0.0,66.67,2.0,-16.67,SYNTH_STU_00854,SYNTH_CRS_004,12,7,41.67,0.0,1,1
7.0,5.0,1.0,0.0,1.0,0.0,100.0,0.0,14.29,0.0,0.0,0.0,SYNTH_STU_00856,SYNTH_CRS_006,12,7,0.0,9.0,0,1
11.0,7.0,0.0,0.0,0.0,4.0,63.64,36.36,0.0,66.67,1.0,-66.67,SYNTH_STU_00858,SYNTH_CRS_008,18,11,38.89,0.0,1,1
8.0,3.0,3.0,0.0,1.0,1.0,87.5,12.5,37.5,33.33,1.0,-25.0,SYNTH_STU_00859,SYNTH_CRS_009,14,8,50.0,0.0,1,1
12.0,8.0,3.0,0.0,0.0,1.0,91.67,8.33,25.0,0.0,0.0,16.67,SYNTH_STU_00863,SYNTH_CRS_013,20,12,5.0,5.5,1,1
8.0,6.0,0.0,1.0,0.0,1.0,87.5,12.5,0.0,33.33,1.0,0.0,SYNTH_STU_00864,SYNTH_CRS_014,13,8,23.08,3.5,1,1
8.0,5.0,1.0,0.0,1.0,1.0,87.5,12.5,12.5,0.0,0.0,25.0,SYNTH_STU_00865,SYNTH_CRS_015,13,8,15.38,4.5,1,1
10.0,6.0,2.0,0.0,0.0,2.0,80.0,20.0,20.0,33.33,1.0,0.0,SYNTH_STU_00866,SYNTH_CRS_016,16,10,31.25,0.0,1,1
11.0,9.0,1.0,0.0,0.0,1.0,90.91,9.09,9.09,0.0,0.0,20.0,SYNTH_STU_00867,SYNTH_CRS_017,19,11,5.26,7.0,0,1
12.0,9.0,0.0,0.0,0.0,3.0,75.0,25.0,0.0,0.0,0.0,50.0,SYNTH_STU_00872,SYNTH_CRS_022,20,12,40.0,0.0,1,1
9.0,6.0,0.0,0.0,0.0,3.0,66.67,33.33,0.0,66.67,0.0,-15.0,SYNTH_STU_00873,SYNTH_CRS_023,15,9,40.0,0.0,1,1
8.0,6.0,1.0,0.0,0.0,1.0,87.5,12.5,12.5,0.0,0.0,-25.0,SYNTH_STU_00874,SYNTH_CRS_024,13,8,30.77,1.5,1,1
10.0,8.0,1.0,0.0,0.0,1.0,90.0,10.0,10.0,33.33,0.0,-20.0,SYNTH_STU_00875,SYNTH_CRS_025,17,10,35.29,0.0,1,1
12.0,6.0,2.0,0.0,0.0,4.0,66.67,33.33,16.67,66.67,2.0,0.0,SYNTH_STU_00880,SYNTH_CRS_030,20,12,50.0,0.0,1,1
8.0,5.0,1.0,0.0,0.0,2.0,75.0,25.0,12.5,66.67,1.0,-50.0,SYNTH_STU_00882,SYNTH_CRS_032,14,8,35.71,0.0,1,1
9.0,6.0,0.0,0.0,1.0,2.0,77.78,22.22,0.0,66.67,2.0,-40.0,SYNTH_STU_00887,SYNTH_CRS_037,15,9,40.0,0.0,1,1
11.0,7.0,0.0,0.0,0.0,4.0,63.64,36.36,0.0,33.33,0.0,6.67,SYNTH_STU_00889,SYNTH_CRS_039,18,11,27.78,0.0,1,1
11.0,9.0,0.0,0.0,0.0,2.0,81.82,18.18,0.0,0.0,0.0,3.33,SYNTH_STU_00893,SYNTH_CRS_043,18,11,16.67,3.0,1,1
12.0,6.0,2.0,0.0,3.0,1.0,91.67,8.33,16.67,0.0,0.0,16.67,SYNTH_STU_00894,SYNTH_CRS_044,20,12,5.0,6.5,1,1
9.0,5.0,2.0,1.0,0.0,1.0,88.89,11.11,22.22,0.0,0.0,5.0,SYNTH_STU_00899,SYNTH_CRS_049,15,9,6.67,5.0,1,1
8.0,6.0,0.0,1.0,1.0,0.0,100.0,0.0,0.0,0.0,0.0,-25.0,SYNTH_STU_00900,SYNTH_CRS_050,14,8,0.0,9.5,0,1
11.0,7.0,1.0,1.0,0.0,2.0,81.82,18.18,9.09,0.0,0.0,-13.33,SYNTH_STU_00902,SYNTH_CRS_002,19,11,31.58,0.0,1,1
10.0,8.0,0.0,1.0,1.0,0.0,100.0,0.0,0.0,0.0,0.0,20.0,SYNTH_STU_00905,SYNTH_CRS_005,17,10,0.0,9.5,0,1
11.0,8.0,0.0,0.0,0.0,3.0,72.73,27.27,0.0,0.0,0.0,-13.33,SYNTH_STU_00908,SYNTH_CRS_008,19,11,36.84,0.0,1,1
10.0,7.0,0.0,0.0,1.0,2.0,80.0,20.0,0.0,0.0,0.0,40.0,SYNTH_STU_00914,SYNTH_CRS_014,16,10,31.25,0.0,1,1
12.0,11.0,0.0,1.0,0.0,0.0,100.0,0.0,0.0,0.0,0.0,16.67,SYNTH_STU_00915,SYNTH_CRS_015,20,12,0.0,9.5,0,1
10.0,8.0,0.0,0.0,0.0,2.0,80.0,20.0,0.0,0.0,0.0,0.0,SYNTH_STU_00922,SYNTH_CRS_022,17,10,29.41,0.0,1,1
11.0,8.0,0.0,1.0,2.0,0.0,100.0,0.0,0.0,0.0,0.0,-16.67,SYNTH_STU_00928,SYNTH_CRS_028,19,11,5.26,7.0,0,1
12.0,7.0,0.0,0.0,1.0,4.0,66.67,33.33,0.0,66.67,2.0,-33.33,SYNTH_STU_00932,SYNTH_CRS_032,20,12,40.0,0.0,1,1
8.0,5.0,0.0,0.0,0.0,3.0,62.5,37.5,0.0,100.0,3.0,-75.0,SYNTH_STU_00934,SYNTH_CRS_034,13,8,53.85,0.0,1,1
11.0,4.0,4.0,2.0,0.0,1.0,90.91,9.09,36.36,0.0,0.0,-13.33,SYNTH_STU_00939,SYNTH_CRS_039,19,11,10.53,1.0,1,1
10.0,5.0,3.0,1.0,1.0,0.0,100.0,0.0,30.0,0.0,0.0,-20.0,SYNTH_STU_00942,SYNTH_CRS_042,16,10,0.0,5.0,1,1
8.0,6.0,1.0,1.0,0.0,0.0,100.0,0.0,12.5,0.0,0.0,25.0,SYNTH_STU_00946,SYNTH_CRS_046,13,8,0.0,9.0,0,1
12.0,11.0,0.0,0.0,0.0,1.0,91.67,8.33,0.0,0.0,0.0,-16.67,SYNTH_STU_00949,SYNTH_CRS_049,20,12,15.0,3.0,1,1
7.0,5.0,0.0,0.0,0.0,2.0,71.43,28.57,0.0,33.33,0.0,8.33,SYNTH_STU_00950,SYNTH_CRS_050,12,7,33.33,2.0,1,1
9.0,4.0,4.0,1.0,0.0,0.0,100.0,0.0,44.44,0.0,0.0,-20.0,SYNTH_STU_00954,SYNTH_CRS_004,15,9,13.33,2.0,1,1
10.0,7.0,0.0,0.0,1.0,2.0,80.0,20.0,0.0,33.33,1.0,0.0,SYNTH_STU_00955,SYNTH_CRS_005,16,10,12.5,5.0,1,1
12.0,7.0,3.0,0.0,0.0,2.0,83.33,16.67,25.0,0.0,0.0,0.0,SYNTH_STU_00957,SYNTH_CRS_007,20,12,10.0,3.0,1,1
11.0,7.0,0.0,0.0,1.0,3.0,72.73,27.27,0.0,33.33,0.0,-50.0,SYNTH_STU_00963,SYNTH_CRS_013,19,11,26.32,0.0,1,1
8.0,5.0,1.0,0.0,0.0,2.0,75.0,25.0,12.5,33.33,1.0,0.0,SYNTH_STU_00971,SYNTH_CRS_021,14,8,42.86,0.0,1,1
12.0,11.0,0.0,0.0,0.0,1.0,91.67,8.33,0.0,33.33,0.0,-16.67,SYNTH_STU_00973,SYNTH_CRS_023,20,12,5.0,8.0,0,1
7.0,4.0,1.0,0.0,0.0,2.0,71.43,28.57,14.29,33.33,0.0,8.33,SYNTH_STU_00974,SYNTH_CRS_024,12,7,41.67,0.0,1,1
10.0,7.0,3.0,0.0,0.0,0.0,100.0,0.0,30.0,0.0,0.0,0.0,SYNTH_STU_00981,SYNTH_CRS_031,17,10,0.0,8.5,0,1
12.0,9.0,2.0,0.0,0.0,1.0,91.67,8.33,16.67,0.0,0.0,16.67,SYNTH_STU_00985,SYNTH_CRS_035,20,12,5.0,7.0,0,1
7.0,2.0,2.0,0.0,2.0,1.0,85.71,14.29,28.57,33.33,0.0,-25.0,SYNTH_STU_00988,SYNTH_CRS_038,12,7,8.33,7.0,0,1
11.0,8.0,0.0,1.0,0.0,2.0,81.82,18.18,0.0,66.67,2.0,-13.33,SYNTH_STU_00993,SYNTH_CRS_043,19,11,42.11,0.0,1,1
9.0,6.0,0.0,0.0,1.0,2.0,77.78,22.22,0.0,33.33,0.0,5.0,SYNTH_STU_00994,SYNTH_CRS_044,15,9,46.67,0.0,1,1
10.0,7.0,0.0,1.0,0.0,2.0,80.0,20.0,0.0,0.0,0.0,20.0,SYNTH_STU_00995,SYNTH_CRS_045,16,10,25.0,1.5,1,1
10.0,7.0,0.0,0.0,3.0,0.0,100.0,0.0,0.0,0.0,0.0,0.0,SYNTH_STU_00996,SYNTH_CRS_046,17,10,0.0,9.5,0,1
10.0,9.0,0.0,1.0,0.0,0.0,100.0,0.0,0.0,0.0,0.0,20.0,SYNTH_STU_01000,SYNTH_CRS_050,16,10,0.0,9.5,0,1
10.0,7.0,0.0,0.0,1.0,2.0,80.0,20.0,0.0,66.67,0.0,-40.0,SYNTH_STU_01002,SYNTH_CRS_002,16,10,37.5,0.0,1,1
10.0,1.0,7.0,1.0,0.0,1.0,90.0,10.0,70.0,0.0,0.0,-40.0,SYNTH_STU_01004,SYNTH_CRS_004,17,10,5.88,1.5,1,1
10.0,6.0,0.0,1.0,0.0,3.0,70.0,30.0,0.0,66.67,2.0,-40.0,SYNTH_STU_01006,SYNTH_CRS_006,16,10,56.25,0.0,1,1
12.0,10.0,0.0,0.0,1.0,1.0,91.67,8.33,0.0,0.0,0.0,-16.67,SYNTH_STU_01007,SYNTH_CRS_007,20,12,5.0,8.0,0,1
11.0,7.0,0.0,0.0,2.0,2.0,81.82,18.18,0.0,33.33,1.0,3.33,SYNTH_STU_01011,SYNTH_CRS_011,18,11,44.44,0.0,1,1
11.0,6.0,2.0,0.0,0.0,3.0,72.73,27.27,18.18,66.67,2.0,-13.33,SYNTH_STU_01013,SYNTH_CRS_013,18,11,50.0,0.0,1,1
7.0,5.0,0.0,1.0,0.0,1.0,85.71,14.29,0.0,0.0,0.0,-50.0,SYNTH_STU_01018,SYNTH_CRS_018,12,7,33.33,1.0,1,1
12.0,8.0,1.0,0.0,1.0,2.0,83.33,16.67,8.33,33.33,1.0,-33.33,SYNTH_STU_01019,SYNTH_CRS_019,20,12,25.0,0.0,1,1
7.0,4.0,1.0,0.0,0.0,2.0,71.43,28.57,14.29,66.67,1.0,-50.0,SYNTH_STU_01021,SYNTH_CRS_021,12,7,50.0,0.0,1,1
8.0,4.0,0.0,1.0,0.0,3.0,62.5,37.5,0.0,66.67,2.0,-50.0,SYNTH_STU_01026,SYNTH_CRS_026,14,8,42.86,0.0,1,1
9.0,5.0,3.0,1.0,0.0,0.0,100.0,0.0,33.33,0.0,0.0,25.0,SYNTH_STU_01028,SYNTH_CRS_028,15,9,0.0,6.5,1,1
9.0,5.0,1.0,0.0,0.0,3.0,66.67,33.33,11.11,33.33,1.0,30.0,SYNTH_STU_01029,SYNTH_CRS_029,15,9,46.67,0.0,1,1
11.0,9.0,0.0,1.0,1.0,0.0,100.0,0.0,0.0,0.0,0.0,20.0,SYNTH_STU_01030,SYNTH_CRS_030,18,11,0.0,9.5,0,1
8.0,5.0,0.0,0.0,1.0,2.0,75.0,25.0,0.0,66.67,0.0,-50.0,SYNTH_STU_01039,SYNTH_CRS_039,14,8,21.43,4.0,1,1
11.0,6.0,1.0,1.0,2.0,1.0,90.91,9.09,9.09,0.0,0.0,3.33,SYNTH_STU_01042,SYNTH_CRS_042,19,11,5.26,6.5,1,1
7.0,5.0,1.0,0.0,0.0,1.0,85.71,14.29,14.29,0.0,0.0,-25.0,SYNTH_STU_01043,SYNTH_CRS_043,12,7,33.33,1.5,1,1
10.0,6.0,1.0,0.0,0.0,3.0,70.0,30.0,10.0,66.67,2.0,-20.0,SYNTH_STU_01044,SYNTH_CRS_044,16,10,50.0,0.0,1,1
11.0,5.0,1.0,0.0,4.0,1.0,90.91,9.09,9.09,0.0,0.0,20.0,SYNTH_STU_01046,SYNTH_CRS_046,19,11,15.79,3.5,1,1
7.0,1.0,3.0,2.0,1.0,0.0,100.0,0.0,42.86,0.0,0.0,8.33,SYNTH_STU_01048,SYNTH_CRS_048,12,7,16.67,3.5,1,1
12.0,9.0,1.0,0.0,0.0,2.0,83.33,16.67,8.33,0.0,0.0,0.0,SYNTH_STU_01052,SYNTH_CRS_002,20,12,30.0,0.0,1,1
10.0,7.0,1.0,0.0,0.0,2.0,80.0,20.0,10.0,33.33,1.0,0.0,SYNTH_STU_01053,SYNTH_CRS_003,17,10,47.06,0.0,1,1
9.0,6.0,0.0,1.0,0.0,2.0,77.78,22.22,0.0,66.67,1.0,-60.0,SYNTH_STU_01056,SYNTH_CRS_006,15,9,26.67,1.0,1,1
9.0,5.0,2.0,0.0,0.0,2.0,77.78,22.22,22.22,66.67,2.0,-40.0,SYNTH_STU_01057,SYNTH_CRS_007,15,9,46.67,0.0,1,1
8.0,5.0,1.0,0.0,0.0,2.0,75.0,25.0,12.5,33.33,1.0,-50.0,SYNTH_STU_01059,SYNTH_CRS_009,13,8,30.77,1.0,1,1
10.0,6.0,0.0,1.0,0.0,3.0,70.0,30.0,0.0,100.0,3.0,-40.0,SYNTH_STU_01062,SYNTH_CRS_012,17,10,58.82,0.0,1,1
10.0,4.0,6.0,0.0,0.0,0.0,100.0,0.0,60.0,0.0,0.0,0.0,SYNTH_STU_01063,SYNTH_CRS_013,17,10,5.88,3.5,1,1
8.0,4.0,2.0,0.0,0.0,2.0,75.0,25.0,25.0,66.67,2.0,-50.0,SYNTH_STU_01065,SYNTH_CRS_015,13,8,53.85,0.0,1,1
10.0,6.0,3.0,0.0,1.0,0.0,100.0,0.0,30.0,0.0,0.0,0.0,SYNTH_STU_01066,SYNTH_CRS_016,16,10,0.0,8.0,0,1
9.0,5.0,1.0,0.0,2.0,1.0,88.89,11.11,11.11,33.33,0.0,-20.0,SYNTH_STU_01069,SYNTH_CRS_019,15,9,13.33,5.5,1,1
9.0,6.0,2.0,0.0,1.0,0.0,100.0,0.0,22.22,0.0,0.0,0.0,SYNTH_STU_01070,SYNTH_CRS_020,15,9,0.0,9.0,0,1
10.0,8.0,0.0,0.0,0.0,2.0,80.0,20.0,0.0,0.0,0.0,40.0,SYNTH_STU_01071,SYNTH_CRS_021,17,10,35.29,0.0,1,1
9.0,5.0,2.0,0.0,0.0,2.0,77.78,22.22,22.22,66.67,0.0,-40.0,SYNTH_STU_01072,SYNTH_CRS_022,15,9,13.33,4.5,1,1
8.0,6.0,1.0,1.0,0.0,0.0,100.0,0.0,12.5,0.0,0.0,-25.0,SYNTH_STU_01074,SYNTH_CRS_024,14,8,0.0,9.0,0,1
12.0,7.0,0.0,0.0,0.0,5.0,58.33,41.67,0.0,66.67,1.0,-50.0,SYNTH_STU_01076,SYNTH_CRS_026,20,12,35.0,0.0,1,1
9.0,6.0,1.0,0.0,1.0,1.0,88.89,11.11,11.11,0.0,0.0,-20.0,SYNTH_STU_01078,SYNTH_CRS_028,15,9,6.67,6.5,1,1
12.0,10.0,0.0,0.0,1.0,1.0,91.67,8.33,0.0,33.33,0.0,-16.67,SYNTH_STU_01083,SYNTH_CRS_033,20,12,15.0,3.0,1,1
10.0,3.0,5.0,2.0,0.0,0.0,100.0,0.0,50.0,0.0,0.0,-40.0,SYNTH_STU_01084,SYNTH_CRS_034,16,10,6.25,4.0,1,1
7.0,4.0,0.0,0.0,1.0,2.0,71.43,28.57,0.0,0.0,0.0,8.33,SYNTH_STU_01088,SYNTH_CRS_038,12,7,41.67,0.0,1,1
9.0,6.0,1.0,0.0,1.0,1.0,88.89,11.11,11.11,33.33,1.0,-20.0,SYNTH_STU_01091,SYNTH_CRS_041,15,9,46.67,0.0,1,1
9.0,4.0,5.0,0.0,0.0,0.0,100.0,0.0,55.56,0.0,0.0,0.0,SYNTH_STU_01095,SYNTH_CRS_045,15,9,6.67,4.0,1,1
11.0,6.0,0.0,2.0,1.0,2.0,81.82,18.18,0.0,0.0,0.0,-30.0,SYNTH_STU_01106,SYNTH_CRS_006,19,11,21.05,1.0,1,1
10.0,2.0,5.0,0.0,0.0,3.0,70.0,30.0,50.0,0.0,0.0,20.0,SYNTH_STU_01107,SYNTH_CRS_007,16,10,18.75,0.0,1,1
8.0,4.0,1.0,0.0,0.0,3.0,62.5,37.5,12.5,66.67,2.0,-25.0,SYNTH_STU_01110,SYNTH_CRS_010,13,8,38.46,0.0,1,1
9.0,5.0,0.0,0.0,0.0,4.0,55.56,44.44,0.0,100.0,3.0,-35.0,SYNTH_STU_01113,SYNTH_CRS_013,15,9,40.0,0.0,1,1
9.0,5.0,1.0,0.0,1.0,2.0,77.78,22.22,11.11,66.67,2.0,-40.0,SYNTH_STU_01115,SYNTH_CRS_015,15,9,33.33,0.0,1,1
9.0,6.0,0.0,0.0,0.0,3.0,66.67,33.33,0.0,66.67,2.0,-60.0,SYNTH_STU_01116,SYNTH_CRS_016,15,9,53.33,0.0,1,1
7.0,4.0,0.0,1.0,0.0,2.0,71.43,28.57,0.0,33.33,1.0,-16.67,SYNTH_STU_01119,SYNTH_CRS_019,12,7,58.33,0.0,1,1
10.0,8.0,0.0,0.0,0.0,2.0,80.0,20.0,0.0,33.33,1.0,-40.0,SYNTH_STU_01120,SYNTH_CRS_020,16,10,25.0,2.0,1,1
12.0,3.0,7.0,1.0,0.0,1.0,91.67,8.33,58.33,0.0,0.0,33.33,SYNTH_STU_01122,SYNTH_CRS_022,20,12,15.0,0.0,1,1
11.0,5.0,0.0,0.0,4.0,2.0,81.82,18.18,0.0,33.33,0.0,-33.33,SYNTH_STU_01123,SYNTH_CRS_023,18,11,16.67,4.0,1,1
7.0,3.0,1.0,1.0,0.0,2.0,71.43,28.57,14.29,33.33,1.0,-75.0,SYNTH_STU_01124,SYNTH_CRS_024,12,7,16.67,3.5,1,1
10.0,7.0,1.0,1.0,0.0,1.0,90.0,10.0,10.0,33.33,0.0,0.0,SYNTH_STU_01131,SYNTH_CRS_031,17,10,23.53,1.0,1,1
10.0,6.0,0.0,0.0,1.0,3.0,70.0,30.0,0.0,66.67,0.0,-60.0,SYNTH_STU_01132,SYNTH_CRS_032,16,10,31.25,0.0,1,1
10.0,5.0,0.0,1.0,3.0,1.0,90.0,10.0,0.0,0.0,0.0,0.0,SYNTH_STU_01133,SYNTH_CRS_033,16,10,6.25,7.0,0,1
8.0,5.0,1.0,0.0,0.0,2.0,75.0,25.0,12.5,33.33,0.0,0.0,SYNTH_STU_01139,SYNTH_CRS_039,14,8,42.86,0.0,1,1
11.0,8.0,0.0,0.0,0.0,3.0,72.73,27.27,0.0,66.67,2.0,-50.0,SYNTH_STU_01140,SYNTH_CRS_040,19,11,52.63,0.0,1,1
10.0,5.0,0.0,0.0,5.0,0.0,100.0,0.0,0.0,0.0,0.0,0.0,SYNTH_STU_01144,SYNTH_CRS_044,16,10,6.25,8.0,0,1
11.0,8.0,1.0,1.0,0.0,1.0,90.91,9.09,9.09,0.0,0.0,3.33,SYNTH_STU_01145,SYNTH_CRS_045,18,11,5.56,7.0,0,1
10.0,6.0,1.0,0.0,1.0,2.0,80.0,20.0,10.0,0.0,0.0,0.0,SYNTH_STU_01149,SYNTH_CRS_049,17,10,29.41,0.0,1,1
12.0,7.0,1.0,1.0,1.0,2.0,83.33,16.67,8.33,66.67,2.0,-50.0,SYNTH_STU_01150,SYNTH_CRS_050,20,12,45.0,0.0,1,1
7.0,2.0,0.0,0.0,5.0,0.0,100.0,0.0,0.0,0.0,0.0,0.0,SYNTH_STU_01151,SYNTH_CRS_001,12,7,8.33,8.0,0,1
9.0,6.0,2.0,1.0,0.0,0.0,100.0,0.0,22.22,0.0,0.0,25.0,SYNTH_STU_01152,SYNTH_CRS_002,15,9,0.0,6.0,1,1
10.0,9.0,0.0,1.0,0.0,0.0,100.0,0.0,0.0,0.0,0.0,-20.0,SYNTH_STU_01153,SYNTH_CRS_003,16,10,0.0,9.5,0,1
11.0,7.0,2.0,0.0,1.0,1.0,90.91,9.09,18.18,33.33,0.0,-16.67,SYNTH_STU_01154,SYNTH_CRS_004,18,11,33.33,0.0,1,1
12.0,10.0,1.0,1.0,0.0,0.0,100.0,0.0,8.33,0.0,0.0,-16.67,SYNTH_STU_01155,SYNTH_CRS_005,20,12,0.0,8.5,0,1
8.0,5.0,0.0,1.0,0.0,2.0,75.0,25.0,0.0,33.33,1.0,-25.0,SYNTH_STU_01156,SYNTH_CRS_006,14,8,42.86,0.0,1,1
9.0,6.0,3.0,0.0,0.0,0.0,100.0,0.0,33.33,0.0,0.0,0.0,SYNTH_STU_01157,SYNTH_CRS_007,15,9,0.0,8.5,0,1
12.0,9.0,1.0,0.0,0.0,2.0,83.33,16.67,8.33,0.0,0.0,-33.33,SYNTH_STU_01158,SYNTH_CRS_008,20,12,30.0,0.0,1,1
9.0,7.0,0.0,1.0,0.0,1.0,88.89,11.11,0.0,33.33,0.0,5.0,SYNTH_STU_01164,SYNTH_CRS_014,15,9,46.67,0.0,1,1
11.0,9.0,0.0,0.0,1.0,1.0,90.91,9.09,0.0,33.33,0.0,-16.67,SYNTH_STU_01165,SYNTH_CRS_015,18,11,16.67,3.5,1,1
11.0,6.0,0.0,0.0,0.0,5.0,54.55,45.45,0.0,33.33,0.0,-10.0,SYNTH_STU_01168,SYNTH_CRS_018,18,11,61.11,0.0,1,1
9.0,5.0,2.0,0.0,2.0,0.0,100.0,0.0,22.22,0.0,0.0,0.0,SYNTH_STU_01170,SYNTH_CRS_020,15,9,0.0,9.0,0,1
11.0,4.0,3.0,2.0,1.0,1.0,90.91,9.09,27.27,0.0,0.0,23.33,SYNTH_STU_01171,SYNTH_CRS_021,19,11,5.26,3.0,1,1
10.0,5.0,2.0,1.0,2.0,0.0,100.0,0.0,20.0,0.0,0.0,20.0,SYNTH_STU_01172,SYNTH_CRS_022,16,10,0.0,7.0,0,1
11.0,5.0,3.0,0.0,0.0,3.0,72.73,27.27,27.27,0.0,0.0,23.33,SYNTH_STU_01183,SYNTH_CRS_033,19,11,21.05,0.0,1,1
11.0,8.0,0.0,2.0,1.0,0.0,100.0,0.0,0.0,0.0,0.0,3.33,SYNTH_STU_01190,SYNTH_CRS_040,18,11,0.0,9.0,0,1
11.0,7.0,3.0,0.0,0.0,1.0,90.91,9.09,27.27,33.33,0.0,-16.67,SYNTH_STU_01192,SYNTH_CRS_042,18,11,11.11,2.5,1,1
12.0,9.0,0.0,1.0,0.0,2.0,83.33,16.67,0.0,33.33,0.0,-50.0,SYNTH_STU_01193,SYNTH_CRS_043,20,12,25.0,0.0,1,1
10.0,6.0,0.0,0.0,3.0,1.0,90.0,10.0,0.0,33.33,0.0,-20.0,SYNTH_STU_01194,SYNTH_CRS_044,16,10,6.25,8.0,0,1
10.0,6.0,2.0,0.0,1.0,1.0,90.0,10.0,20.0,0.0,0.0,-20.0,SYNTH_STU_01195,SYNTH_CRS_045,16,10,6.25,7.0,0,1
10.0,4.0,0.0,1.0,2.0,3.0,70.0,30.0,0.0,33.33,0.0,0.0,SYNTH_STU_01199,SYNTH_CRS_049,16,10,31.25,0.0,1,1
10.0,2.0,4.0,3.0,1.0,0.0,100.0,0.0,40.0,0.0,0.0,-20.0,SYNTH_STU_01202,SYNTH_CRS_002,16,10,0.0,4.0,1,1
10.0,5.0,0.0,1.0,0.0,4.0,60.0,40.0,0.0,66.67,2.0,20.0,SYNTH_STU_01203,SYNTH_CRS_003,16,10,56.25,0.0,1,1
10.0,4.0,4.0,2.0,0.0,0.0,100.0,0.0,40.0,0.0,0.0,0.0,SYNTH_STU_01205,SYNTH_CRS_005,17,10,0.0,4.5,1,1
7.0,3.0,0.0,0.0,1.0,3.0,57.14,42.86,0.0,66.67,0.0,-16.67,SYNTH_STU_01208,SYNTH_CRS_008,12,7,50.0,0.0,1,1
11.0,9.0,1.0,1.0,0.0,0.0,100.0,0.0,9.09,0.0,0.0,20.0,SYNTH_STU_01209,SYNTH_CRS_009,19,11,0.0,8.5,0,1
11.0,4.0,0.0,1.0,5.0,1.0,90.91,9.09,0.0,0.0,0.0,-33.33,SYNTH_STU_01211,SYNTH_CRS_011,18,11,5.56,7.5,0,1
11.0,8.0,0.0,0.0,1.0,2.0,81.82,18.18,0.0,33.33,0.0,-33.33,SYNTH_STU_01213,SYNTH_CRS_013,18,11,38.89,0.0,1,1
10.0,5.0,5.0,0.0,0.0,0.0,100.0,0.0,50.0,0.0,0.0,0.0,SYNTH_STU_01216,SYNTH_CRS_016,17,10,0.0,5.0,1,1
11.0,8.0,0.0,1.0,0.0,2.0,81.82,18.18,0.0,0.0,0.0,-13.33,SYNTH_STU_01218,SYNTH_CRS_018,18,11,33.33,0.0,1,1
11.0,6.0,2.0,0.0,1.0,2.0,81.82,18.18,18.18,66.67,2.0,-33.33,SYNTH_STU_01219,SYNTH_CRS_019,19,11,47.37,0.0,1,1
8.0,5.0,1.0,1.0,1.0,0.0,100.0,0.0,12.5,0.0,0.0,-25.0,SYNTH_STU_01223,SYNTH_CRS_023,13,8,0.0,8.5,0,1
8.0,5.0,0.0,1.0,0.0,2.0,75.0,25.0,0.0,66.67,1.0,-75.0,SYNTH_STU_01227,SYNTH_CRS_027,14,8,42.86,0.0,1,1
7.0,3.0,0.0,0.0,4.0,0.0,100.0,0.0,0.0,0.0,0.0,0.0,SYNTH_STU_01233,SYNTH_CRS_033,12,7,0.0,10.0,0,1
11.0,7.0,1.0,0.0,2.0,1.0,90.91,9.09,9.09,33.33,0.0,-16.67,SYNTH_STU_01236,SYNTH_CRS_036,18,11,5.56,7.0,0,1
12.0,8.0,2.0,0.0,1.0,1.0,91.67,8.33,16.67,0.0,0.0,16.67,SYNTH_STU_01238,SYNTH_CRS_038,20,12,5.0,5.5,1,1
9.0,8.0,0.0,0.0,0.0,1.0,88.89,11.11,0.0,0.0,0.0,-20.0,SYNTH_STU_01241,SYNTH_CRS_041,15,9,26.67,1.5,1,1
7.0,5.0,1.0,0.0,0.0,1.0,85.71,14.29,14.29,33.33,0.0,-25.0,SYNTH_STU_01242,SYNTH_CRS_042,12,7,41.67,0.0,1,1
11.0,3.0,5.0,3.0,0.0,0.0,100.0,0.0,45.45,0.0,0.0,-13.33,SYNTH_STU_01243,SYNTH_CRS_043,19,11,0.0,4.0,1,1
11.0,7.0,2.0,1.0,1.0,0.0,100.0,0.0,18.18,0.0,0.0,20.0,SYNTH_STU_01246,SYNTH_CRS_046,19,11,0.0,7.0,0,1
11.0,4.0,2.0,1.0,0.0,4.0,63.64,36.36,18.18,66.67,2.0,-46.67,SYNTH_STU_01248,SYNTH_CRS_048,19,11,63.16,0.0,1,1
7.0,4.0,2.0,0.0,0.0,1.0,85.71,14.29,28.57,0.0,0.0,33.33,SYNTH_STU_01249,SYNTH_CRS_049,12,7,8.33,6.0,1,1
11.0,5.0,0.0,0.0,0.0,6.0,45.45,54.55,0.0,66.67,1.0,-26.67,SYNTH_STU_01252,SYNTH_CRS_002,18,11,66.67,0.0,1,1
7.0,2.0,4.0,1.0,0.0,0.0,100.0,0.0,57.14,0.0,0.0,33.33,SYNTH_STU_01253,SYNTH_CRS_003,12,7,8.33,3.5,1,1
11.0,8.0,0.0,0.0,0.0,3.0,72.73,27.27,0.0,33.33,0.0,23.33,SYNTH_STU_01257,SYNTH_CRS_007,18,11,44.44,0.0,1,1
10.0,6.0,1.0,0.0,1.0,2.0,80.0,20.0,10.0,66.67,2.0,-40.0,SYNTH_STU_01258,SYNTH_CRS_008,17,10,52.94,0.0,1,1
11.0,1.0,6.0,1.0,0.0,3.0,72.73,27.27,54.55,33.33,0.0,-30.0,SYNTH_STU_01260,SYNTH_CRS_010,19,11,15.79,0.0,1,1
11.0,8.0,1.0,0.0,1.0,1.0,90.91,9.09,9.09,33.33,0.0,-16.67,SYNTH_STU_01261,SYNTH_CRS_011,19,11,47.37,0.0,1,1
11.0,5.0,1.0,1.0,3.0,1.0,90.91,9.09,9.09,0.0,0.0,3.33,SYNTH_STU_01265,SYNTH_CRS_015,18,11,11.11,4.0,1,1
11.0,8.0,1.0,1.0,0.0,1.0,90.91,9.09,9.09,33.33,0.0,3.33,SYNTH_STU_01266,SYNTH_CRS_016,19,11,21.05,0.0,1,1
10.0,3.0,4.0,1.0,2.0,0.0,100.0,0.0,40.0,0.0,0.0,-20.0,SYNTH_STU_01271,SYNTH_CRS_021,17,10,0.0,6.0,1,1
10.0,6.0,3.0,1.0,0.0,0.0,100.0,0.0,30.0,0.0,0.0,-20.0,SYNTH_STU_01273,SYNTH_CRS_023,17,10,0.0,7.0,0,1
8.0,4.0,3.0,0.0,1.0,0.0,100.0,0.0,37.5,0.0,0.0,0.0,SYNTH_STU_01276,SYNTH_CRS_026,13,8,7.69,6.0,1,1
8.0,4.0,1.0,0.0,0.0,3.0,62.5,37.5,12.5,33.33,1.0,-25.0,SYNTH_STU_01283,SYNTH_CRS_033,14,8,42.86,0.0,1,1
8.0,5.0,1.0,0.0,0.0,2.0,75.0,25.0,12.5,0.0,0.0,0.0,SYNTH_STU_01287,SYNTH_CRS_037,13,8,53.85,0.0,1,1
11.0,6.0,3.0,0.0,0.0,2.0,81.82,18.18,27.27,33.33,0.0,3.33,SYNTH_STU_01293,SYNTH_CRS_043,19,11,21.05,0.5,1,1
10.0,7.0,0.0,1.0,0.0,2.0,80.0,20.0,0.0,66.67,2.0,-20.0,SYNTH_STU_01295,SYNTH_CRS_045,17,10,47.06,0.0,1,1
11.0,8.0,0.0,1.0,0.0,2.0,81.82,18.18,0.0,33.33,1.0,23.33,SYNTH_STU_01298,SYNTH_CRS_048,19,11,36.84,0.0,1,1
8.0,2.0,4.0,2.0,0.0,0.0,100.0,0.0,50.0,0.0,0.0,50.0,SYNTH_STU_01301,SYNTH_CRS_001,13,8,0.0,6.0,1,1
12.0,9.0,0.0,0.0,0.0,3.0,75.0,25.0,0.0,66.67,2.0,-16.67,SYNTH_STU_01302,SYNTH_CRS_002,20,12,40.0,0.0,1,1
9.0,5.0,0.0,2.0,0.0,2.0,77.78,22.22,0.0,66.67,2.0,-80.0,SYNTH_STU_01307,SYNTH_CRS_007,15,9,46.67,0.0,1,1
10.0,5.0,3.0,1.0,0.0,1.0,90.0,10.0,30.0,33.33,0.0,-40.0,SYNTH_STU_01308,SYNTH_CRS_008,17,10,41.18,0.0,1,1
11.0,5.0,2.0,0.0,1.0,3.0,72.73,27.27,18.18,100.0,3.0,-50.0,SYNTH_STU_01310,SYNTH_CRS_010,19,11,57.89,0.0,1,1
10.0,7.0,0.0,0.0,2.0,1.0,90.0,10.0,0.0,0.0,0.0,20.0,SYNTH_STU_01314,SYNTH_CRS_014,17,10,11.76,6.0,1,1
8.0,5.0,0.0,1.0,1.0,1.0,87.5,12.5,0.0,33.33,0.0,-50.0,SYNTH_STU_01316,SYNTH_CRS_016,14,8,7.14,7.5,0,1
12.0,8.0,0.0,0.0,0.0,4.0,66.67,33.33,0.0,100.0,3.0,-33.33,SYNTH_STU_01318,SYNTH_CRS_018,20,12,45.0,0.0,1,1
12.0,9.0,0.0,0.0,2.0,1.0,91.67,8.33,0.0,33.33,0.0,-16.67,SYNTH_STU_01321,SYNTH_CRS_021,20,12,15.0,4.0,1,1
10.0,6.0,0.0,0.0,0.0,4.0,60.0,40.0,0.0,66.67,2.0,-40.0,SYNTH_STU_01326,SYNTH_CRS_026,16,10,31.25,0.0,1,1
11.0,6.0,3.0,0.0,1.0,1.0,90.91,9.09,27.27,0.0,0.0,-16.67,SYNTH_STU_01328,SYNTH_CRS_028,19,11,5.26,6.5,1,1
12.0,10.0,0.0,0.0,0.0,2.0,83.33,16.67,0.0,66.67,2.0,-33.33,SYNTH_STU_01329,SYNTH_CRS_029,20,12,50.0,0.0,1,1
11.0,8.0,2.0,0.0,0.0,1.0,90.91,9.09,18.18,0.0,0.0,-16.67,SYNTH_STU_01335,SYNTH_CRS_035,19,11,26.32,0.0,1,1
11.0,6.0,1.0,1.0,1.0,2.0,81.82,18.18,9.09,33.33,0.0,-50.0,SYNTH_STU_01348,SYNTH_CRS_048,18,11,33.33,0.0,1,1
10.0,2.0,2.0,0.0,0.0,6.0,40.0,60.0,20.0,66.67,1.0,-40.0,SYNTH_STU_01349,SYNTH_CRS_049,17,10,47.06,0.0,1,1
8.0,6.0,0.0,1.0,0.0,1.0,87.5,12.5,0.0,33.33,0.0,0.0,SYNTH_STU_01350,SYNTH_CRS_050,14,8,21.43,3.5,1,1
9.0,7.0,1.0,1.0,0.0,0.0,100.0,0.0,11.11,0.0,0.0,25.0,SYNTH_STU_01351,SYNTH_CRS_001,15,9,0.0,9.0,0,1
8.0,5.0,0.0,0.0,0.0,3.0,62.5,37.5,0.0,33.33,0.0,-25.0,SYNTH_STU_01353,SYNTH_CRS_003,13,8,38.46,0.0,1,1
12.0,7.0,3.0,1.0,0.0,1.0,91.67,8.33,25.0,0.0,0.0,33.33,SYNTH_STU_01359,SYNTH_CRS_009,20,12,5.0,4.0,1,1
9.0,5.0,0.0,0.0,3.0,1.0,88.89,11.11,0.0,0.0,0.0,25.0,SYNTH_STU_01362,SYNTH_CRS_012,15,9,6.67,8.0,0,1
10.0,8.0,0.0,1.0,1.0,0.0,100.0,0.0,0.0,0.0,0.0,-20.0,SYNTH_STU_01365,SYNTH_CRS_015,17,10,0.0,8.5,0,1
11.0,8.0,2.0,1.0,0.0,0.0,100.0,0.0,18.18,0.0,0.0,-16.67,SYNTH_STU_01367,SYNTH_CRS_017,19,11,0.0,8.5,0,1
10.0,7.0,0.0,0.0,1.0,2.0,80.0,20.0,0.0,0.0,0.0,0.0,SYNTH_STU_01368,SYNTH_CRS_018,16,10,37.5,0.0,1,1
10.0,6.0,1.0,0.0,0.0,3.0,70.0,30.0,10.0,66.67,0.0,-20.0,SYNTH_STU_01369,SYNTH_CRS_019,17,10,29.41,0.0,1,1
8.0,5.0,1.0,1.0,0.0,1.0,87.5,12.5,12.5,0.0,0.0,50.0,SYNTH_STU_01373,SYNTH_CRS_023,14,8,28.57,1.0,1,1
10.0,5.0,0.0,0.0,0.0,5.0,50.0,50.0,0.0,66.67,2.0,-60.0,SYNTH_STU_01375,SYNTH_CRS_025,17,10,47.06,0.0,1,1
12.0,7.0,1.0,2.0,1.0,1.0,91.67,8.33,8.33,33.33,1.0,-16.67,SYNTH_STU_01376,SYNTH_CRS_026,20,12,35.0,0.0,1,1
8.0,2.0,4.0,0.0,0.0,2.0,75.0,25.0,50.0,66.67,2.0,-50.0,SYNTH_STU_01381,SYNTH_CRS_031,13,8,38.46,0.0,1,1
12.0,9.0,1.0,0.0,1.0,1.0,91.67,8.33,8.33,0.0,0.0,-16.67,SYNTH_STU_01390,SYNTH_CRS_040,20,12,25.0,0.0,1,1
12.0,10.0,1.0,0.0,0.0,1.0,91.67,8.33,8.33,33.33,0.0,-16.67,SYNTH_STU_01394,SYNTH_CRS_044,20,12,30.0,0.0,1,1
11.0,7.0,4.0,0.0,0.0,0.0,100.0,0.0,36.36,0.0,0.0,0.0,SYNTH_STU_01400,SYNTH_CRS_050,19,11,0.0,7.5,0,1
9.0,5.0,1.0,0.0,0.0,3.0,66.67,33.33,11.11,66.67,2.0,-60.0,SYNTH_STU_01401,SYNTH_CRS_001,15,9,53.33,0.0,1,1
8.0,4.0,0.0,0.0,0.0,4.0,50.0,50.0,0.0,66.67,0.0,-50.0,SYNTH_STU_01402,SYNTH_CRS_002,14,8,57.14,0.0,1,1
11.0,6.0,2.0,0.0,0.0,3.0,72.73,27.27,18.18,0.0,0.0,-13.33,SYNTH_STU_01403,SYNTH_CRS_003,18,11,44.44,0.0,1,1
10.0,6.0,2.0,0.0,1.0,1.0,90.0,10.0,20.0,0.0,0.0,20.0,SYNTH_STU_01404,SYNTH_CRS_004,17,10,11.76,4.5,1,1
10.0,6.0,2.0,0.0,1.0,1.0,90.0,10.0,20.0,33.33,0.0,-20.0,SYNTH_STU_01406,SYNTH_CRS_006,16,10,31.25,0.0,1,1
10.0,5.0,1.0,0.0,1.0,3.0,70.0,30.0,10.0,66.67,2.0,-20.0,SYNTH_STU_01407,SYNTH_CRS_007,17,10,52.94,0.0,1,1
11.0,8.0,1.0,1.0,0.0,1.0,90.91,9.09,9.09,33.33,0.0,-33.33,SYNTH_STU_01412,SYNTH_CRS_012,18,11,16.67,2.5,1,1
11.0,4.0,4.0,0.0,0.0,3.0,72.73,27.27,36.36,66.67,1.0,-50.0,SYNTH_STU_01413,SYNTH_CRS_013,18,11,44.44,0.0,1,1
9.0,7.0,0.0,0.0,0.0,2.0,77.78,22.22,0.0,66.67,1.0,-40.0,SYNTH_STU_01415,SYNTH_CRS_015,15,9,26.67,1.5,1,1
10.0,6.0,1.0,0.0,1.0,2.0,80.0,20.0,10.0,33.33,1.0,-40.0,SYNTH_STU_01419,SYNTH_CRS_019,17,10,23.53,1.5,1,1
9.0,8.0,0.0,0.0,0.0,1.0,88.89,11.11,0.0,0.0,0.0,25.0,SYNTH_STU_01421,SYNTH_CRS_021,15,9,46.67,0.0,1,1
7.0,4.0,0.0,0.0,0.0,3.0,57.14,42.86,0.0,33.33,0.0,41.67,SYNTH_STU_01425,SYNTH_CRS_025,12,7,58.33,0.0,1,1
9.0,5.0,1.0,1.0,0.0,2.0,77.78,22.22,11.11,33.33,1.0,-15.0,SYNTH_STU_01430,SYNTH_CRS_030,15,9,13.33,2.5,1,1
10.0,6.0,1.0,0.0,0.0,3.0,70.0,30.0,10.0,66.67,2.0,-60.0,SYNTH_STU_01431,SYNTH_CRS_031,16,10,50.0,0.0,1,1
12.0,5.0,2.0,0.0,1.0,4.0,66.67,33.33,16.67,33.33,0.0,0.0,SYNTH_STU_01432,SYNTH_CRS_032,20,12,45.0,0.0,1,1
8.0,4.0,0.0,3.0,0.0,1.0,87.5,12.5,0.0,33.33,0.0,0.0,SYNTH_STU_01433,SYNTH_CRS_033,14,8,14.29,4.5,1,1
10.0,7.0,0.0,1.0,0.0,2.0,80.0,20.0,0.0,66.67,2.0,-60.0,SYNTH_STU_01435,SYNTH_CRS_035,16,10,50.0,0.0,1,1
10.0,6.0,1.0,2.0,1.0,0.0,100.0,0.0,10.0,0.0,0.0,-40.0,SYNTH_STU_01436,SYNTH_CRS_036,17,10,0.0,7.0,0,1
11.0,7.0,0.0,0.0,0.0,4.0,63.64,36.36,0.0,66.67,0.0,-30.0,SYNTH_STU_01437,SYNTH_CRS_037,18,11,38.89,0.0,1,1
12.0,7.0,1.0,0.0,0.0,4.0,66.67,33.33,8.33,33.33,1.0,-33.33,SYNTH_STU_01438,SYNTH_CRS_038,20,12,45.0,0.0,1,1
8.0,3.0,1.0,0.0,1.0,3.0,62.5,37.5,12.5,66.67,2.0,-25.0,SYNTH_STU_01439,SYNTH_CRS_039,13,8,53.85,0.0,1,1
12.0,6.0,3.0,1.0,1.0,1.0,91.67,8.33,25.0,0.0,0.0,-33.33,SYNTH_STU_01441,SYNTH_CRS_041,20,12,15.0,0.0,1,1
10.0,5.0,3.0,1.0,0.0,1.0,90.0,10.0,30.0,0.0,0.0,0.0,SYNTH_STU_01444,SYNTH_CRS_044,16,10,6.25,5.0,1,1
10.0,5.0,0.0,2.0,2.0,1.0,90.0,10.0,0.0,33.33,0.0,-20.0,SYNTH_STU_01447,SYNTH_CRS_047,17,10,35.29,0.0,1,1
12.0,6.0,3.0,1.0,1.0,1.0,91.67,8.33,25.0,0.0,0.0,0.0,SYNTH_STU_01458,SYNTH_CRS_008,20,12,15.0,0.5,1,1
7.0,3.0,2.0,0.0,0.0,2.0,71.43,28.57,28.57,66.67,2.0,-50.0,SYNTH_STU_01462,SYNTH_CRS_012,12,7,41.67,0.0,1,1
10.0,4.0,3.0,2.0,0.0,1.0,90.0,10.0,30.0,0.0,0.0,20.0,SYNTH_STU_01467,SYNTH_CRS_017,16,10,6.25,4.5,1,1
10.0,6.0,1.0,0.0,2.0,1.0,90.0,10.0,10.0,0.0,0.0,20.0,SYNTH_STU_01474,SYNTH_CRS_024,16,10,6.25,7.5,0,1
8.0,5.0,2.0,0.0,0.0,1.0,87.5,12.5,25.0,33.33,1.0,-25.0,SYNTH_STU_01477,SYNTH_CRS_027,13,8,38.46,0.0,1,1
11.0,6.0,1.0,2.0,0.0,2.0,81.82,18.18,9.09,33.33,0.0,6.67,SYNTH_STU_01479,SYNTH_CRS_029,18,11,27.78,0.0,1,1
11.0,7.0,0.0,1.0,1.0,2.0,81.82,18.18,0.0,33.33,0.0,23.33,SYNTH_STU_01481,SYNTH_CRS_031,19,11,47.37,0.0,1,1
12.0,7.0,2.0,0.0,1.0,2.0,83.33,16.67,16.67,33.33,0.0,0.0,SYNTH_STU_01487,SYNTH_CRS_037,20,12,35.0,0.0,1,1
8.0,3.0,0.0,1.0,0.0,4.0,50.0,50.0,0.0,100.0,3.0,-25.0,SYNTH_STU_01488,SYNTH_CRS_038,13,8,61.54,0.0,1,1
8.0,1.0,5.0,2.0,0.0,0.0,100.0,0.0,62.5,0.0,0.0,50.0,SYNTH_STU_01499,SYNTH_CRS_049,14,8,0.0,5.0,1,1
12.0,6.0,2.0,0.0,0.0,4.0,66.67,33.33,16.67,66.67,2.0,-33.33,SYNTH_STU_01506,SYNTH_CRS_006,20,12,55.0,0.0,1,1
10.0,7.0,0.0,1.0,0.0,2.0,80.0,20.0,0.0,33.33,1.0,20.0,SYNTH_STU_01507,SYNTH_CRS_007,16,10,50.0,0.0,1,1
12.0,9.0,0.0,1.0,0.0,2.0,83.33,16.67,0.0,66.67,2.0,-16.67,SYNTH_STU_01511,SYNTH_CRS_011,20,12,45.0,0.0,1,1
12.0,10.0,0.0,1.0,0.0,1.0,91.67,8.33,0.0,0.0,0.0,0.0,SYNTH_STU_01518,SYNTH_CRS_018,20,12,10.0,5.0,1,1
8.0,1.0,0.0,0.0,0.0,7.0,12.5,87.5,0.0,66.67,0.0,25.0,SYNTH_STU_01521,SYNTH_CRS_021,13,8,61.54,0.0,1,1
9.0,6.0,1.0,0.0,0.0,2.0,77.78,22.22,11.11,0.0,0.0,50.0,SYNTH_STU_01523,SYNTH_CRS_023,15,9,26.67,1.5,1,1
12.0,8.0,0.0,0.0,0.0,4.0,66.67,33.33,0.0,66.67,0.0,-33.33,SYNTH_STU_01537,SYNTH_CRS_037,20,12,40.0,0.0,1,1
11.0,7.0,3.0,0.0,1.0,0.0,100.0,0.0,27.27,0.0,0.0,0.0,SYNTH_STU_01542,SYNTH_CRS_042,18,11,5.56,6.0,1,1
8.0,6.0,0.0,1.0,0.0,1.0,87.5,12.5,0.0,33.33,1.0,-50.0,SYNTH_STU_01545,SYNTH_CRS_045,14,8,42.86,0.0,1,1
11.0,7.0,0.0,0.0,0.0,4.0,63.64,36.36,0.0,33.33,0.0,-30.0,SYNTH_STU_01552,SYNTH_CRS_002,18,11,33.33,0.0,1,1
11.0,6.0,1.0,1.0,0.0,3.0,72.73,27.27,9.09,0.0,0.0,-66.67,SYNTH_STU_01554,SYNTH_CRS_004,19,11,36.84,0.0,1,1
8.0,4.0,1.0,0.0,2.0,1.0,87.5,12.5,12.5,33.33,1.0,-25.0,SYNTH_STU_01556,SYNTH_CRS_006,13,8,30.77,1.0,1,1
8.0,3.0,2.0,0.0,0.0,3.0,62.5,37.5,25.0,66.67,2.0,-25.0,SYNTH_STU_01558,SYNTH_CRS_008,13,8,61.54,0.0,1,1
8.0,6.0,0.0,0.0,1.0,1.0,87.5,12.5,0.0,0.0,0.0,-25.0,SYNTH_STU_01560,SYNTH_CRS_010,13,8,30.77,1.5,1,1
12.0,9.0,0.0,0.0,0.0,3.0,75.0,25.0,0.0,66.67,1.0,-16.67,SYNTH_STU_01566,SYNTH_CRS_016,20,12,45.0,0.0,1,1
9.0,5.0,3.0,1.0,0.0,0.0,100.0,0.0,33.33,0.0,0.0,-20.0,SYNTH_STU_01567,SYNTH_CRS_017,15,9,6.67,5.0,1,1
10.0,5.0,1.0,0.0,0.0,4.0,60.0,40.0,10.0,66.67,0.0,-40.0,SYNTH_STU_01571,SYNTH_CRS_021,17,10,41.18,0.0,1,1
9.0,5.0,1.0,0.0,2.0,1.0,88.89,11.11,11.11,0.0,0.0,-20.0,SYNTH_STU_01572,SYNTH_CRS_022,15,9,40.0,0.0,1,1
9.0,7.0,1.0,0.0,0.0,1.0,88.89,11.11,11.11,0.0,0.0,25.0,SYNTH_STU_01573,SYNTH_CRS_023,15,9,26.67,1.5,1,1
8.0,4.0,0.0,0.0,1.0,3.0,62.5,37.5,0.0,33.33,1.0,25.0,SYNTH_STU_01579,SYNTH_CRS_029,14,8,64.29,0.0,1,1
12.0,8.0,0.0,1.0,0.0,3.0,75.0,25.0,0.0,66.67,0.0,-33.33,SYNTH_STU_01580,SYNTH_CRS_030,20,12,30.0,0.0,1,1
8.0,5.0,1.0,0.0,2.0,0.0,100.0,0.0,12.5,0.0,0.0,0.0,SYNTH_STU_01583,SYNTH_CRS_033,13,8,0.0,9.5,0,1
8.0,5.0,0.0,0.0,0.0,3.0,62.5,37.5,0.0,66.67,2.0,-25.0,SYNTH_STU_01591,SYNTH_CRS_041,13,8,61.54,0.0,1,1
8.0,3.0,3.0,2.0,0.0,0.0,100.0,0.0,37.5,0.0,0.0,-50.0,SYNTH_STU_01594,SYNTH_CRS_044,14,8,0.0,5.0,1,1
11.0,5.0,3.0,3.0,0.0,0.0,100.0,0.0,27.27,0.0,0.0,-13.33,SYNTH_STU_01595,SYNTH_CRS_045,19,11,5.26,3.0,1,1
10.0,4.0,3.0,3.0,0.0,0.0,100.0,0.0,30.0,0.0,0.0,-20.0,SYNTH_STU_01597,SYNTH_CRS_047,16,10,0.0,4.5,1,1
11.0,6.0,1.0,0.0,1.0,3.0,72.73,27.27,9.09,66.67,2.0,-50.0,SYNTH_STU_01598,SYNTH_CRS_048,18,11,50.0,0.0,1,1
11.0,9.0,0.0,0.0,0.0,2.0,81.82,18.18,0.0,33.33,0.0,3.33,SYNTH_STU_01603,SYNTH_CRS_003,19,11,26.32,0.0,1,1
8.0,2.0,3.0,0.0,1.0,2.0,75.0,25.0,37.5,33.33,1.0,0.0,SYNTH_STU_01605,SYNTH_CRS_005,13,8,30.77,0.5,1,1
11.0,5.0,4.0,2.0,0.0,0.0,100.0,0.0,36.36,0.0,0.0,3.33,SYNTH_STU_01608,SYNTH_CRS_008,19,11,5.26,2.5,1,1
11.0,7.0,0.0,0.0,0.0,4.0,63.64,36.36,0.0,33.33,0.0,-66.67,SYNTH_STU_01610,SYNTH_CRS_010,19,11,47.37,0.0,1,1
11.0,5.0,2.0,1.0,0.0,3.0,72.73,27.27,18.18,0.0,0.0,43.33,SYNTH_STU_01611,SYNTH_CRS_011,18,11,38.89,0.0,1,1
12.0,9.0,0.0,0.0,0.0,3.0,75.0,25.0,0.0,33.33,0.0,-16.67,SYNTH_STU_01616,SYNTH_CRS_016,20,12,40.0,0.0,1,1
8.0,5.0,0.0,1.0,0.0,2.0,75.0,25.0,0.0,33.33,0.0,-25.0,SYNTH_STU_01617,SYNTH_CRS_017,14,8,35.71,0.0,1,1
11.0,6.0,0.0,1.0,4.0,0.0,100.0,0.0,0.0,0.0,0.0,-16.67,SYNTH_STU_01622,SYNTH_CRS_022,18,11,0.0,9.5,0,1
11.0,6.0,1.0,0.0,0.0,4.0,63.64,36.36,9.09,33.33,0.0,-30.0,SYNTH_STU_01625,SYNTH_CRS_025,18,11,38.89,0.0,1,1
10.0,6.0,2.0,0.0,1.0,1.0,90.0,10.0,20.0,33.33,1.0,-20.0,SYNTH_STU_01627,SYNTH_CRS_027,17,10,47.06,0.0,1,1
12.0,6.0,0.0,1.0,1.0,4.0,66.67,33.33,0.0,33.33,1.0,-50.0,SYNTH_STU_01631,SYNTH_CRS_031,20,12,45.0,0.0,1,1
12.0,9.0,0.0,0.0,1.0,2.0,83.33,16.67,0.0,66.67,2.0,-33.33,SYNTH_STU_01634,SYNTH_CRS_034,20,12,45.0,0.0,1,1
10.0,1.0,6.0,1.0,0.0,2.0,80.0,20.0,60.0,66.67,1.0,-20.0,SYNTH_STU_01645,SYNTH_CRS_045,16,10,12.5,1.0,1,1
9.0,7.0,0.0,0.0,1.0,1.0,88.89,11.11,0.0,0.0,0.0,25.0,SYNTH_STU_01648,SYNTH_CRS_048,15,9,6.67,8.0,0,1
8.0,3.0,3.0,0.0,0.0,2.0,75.0,25.0,37.5,66.67,2.0,-50.0,SYNTH_STU_01651,SYNTH_CRS_001,13,8,46.15,0.0,1,1
12.0,6.0,1.0,1.0,0.0,4.0,66.67,33.33,8.33,33.33,0.0,-50.0,SYNTH_STU_01655,SYNTH_CRS_005,20,12,40.0,0.0,1,1
7.0,3.0,2.0,1.0,0.0,1.0,85.71,14.29,28.57,33.33,0.0,8.33,SYNTH_STU_01656,SYNTH_CRS_006,12,7,8.33,5.5,1,1
11.0,6.0,2.0,2.0,0.0,1.0,90.91,9.09,18.18,0.0,0.0,23.33,SYNTH_STU_01661,SYNTH_CRS_011,18,11,5.56,5.0,1,1
12.0,6.0,2.0,2.0,1.0,1.0,91.67,8.33,16.67,0.0,0.0,16.67,SYNTH_STU_01668,SYNTH_CRS_018,20,12,5.0,4.0,1,1
11.0,5.0,3.0,1.0,0.0,2.0,81.82,18.18,27.27,0.0,0.0,-13.33,SYNTH_STU_01669,SYNTH_CRS_019,18,11,16.67,0.0,1,1
12.0,9.0,0.0,1.0,1.0,1.0,91.67,8.33,0.0,33.33,1.0,0.0,SYNTH_STU_01672,SYNTH_CRS_022,20,12,15.0,3.5,1,1
12.0,8.0,1.0,0.0,0.0,3.0,75.0,25.0,8.33,33.33,0.0,-50.0,SYNTH_STU_01673,SYNTH_CRS_023,20,12,45.0,0.0,1,1
10.0,6.0,2.0,1.0,0.0,1.0,90.0,10.0,20.0,0.0,0.0,0.0,SYNTH_STU_01674,SYNTH_CRS_024,17,10,11.76,3.5,1,1
8.0,1.0,2.0,1.0,1.0,3.0,62.5,37.5,25.0,66.67,1.0,0.0,SYNTH_STU_01675,SYNTH_CRS_025,13,8,30.77,0.0,1,1
10.0,5.0,1.0,0.0,4.0,0.0,100.0,0.0,10.0,0.0,0.0,0.0,SYNTH_STU_01678,SYNTH_CRS_028,16,10,0.0,9.5,0,1
8.0,4.0,3.0,0.0,0.0,1.0,87.5,12.5,37.5,0.0,0.0,25.0,SYNTH_STU_01680,SYNTH_CRS_030,13,8,7.69,5.5,1,1
12.0,10.0,1.0,0.0,0.0,1.0,91.67,8.33,8.33,0.0,0.0,16.67,SYNTH_STU_01688,SYNTH_CRS_038,20,12,10.0,5.5,1,1
10.0,5.0,2.0,0.0,3.0,0.0,100.0,0.0,20.0,0.0,0.0,0.0,SYNTH_STU_01693,SYNTH_CRS_043,16,10,31.25,0.0,1,1
12.0,7.0,1.0,1.0,0.0,3.0,75.0,25.0,8.33,66.67,0.0,-66.67,SYNTH_STU_01694,SYNTH_CRS_044,20,12,45.0,0.0,1,1
10.0,4.0,5.0,1.0,0.0,0.0,100.0,0.0,50.0,0.0,0.0,20.0,SYNTH_STU_01698,SYNTH_CRS_048,17,10,0.0,5.5,1,1
10.0,7.0,0.0,0.0,0.0,3.0,70.0,30.0,0.0,33.33,1.0,-20.0,SYNTH_STU_01700,SYNTH_CRS_050,16,10,31.25,0.0,1,1
11.0,6.0,2.0,1.0,0.0,2.0,81.82,18.18,18.18,33.33,0.0,-13.33,SYNTH_STU_01704,SYNTH_CRS_004,18,11,33.33,0.0,1,1
10.0,8.0,0.0,1.0,0.0,1.0,90.0,10.0,0.0,0.0,0.0,40.0,SYNTH_STU_01724,SYNTH_CRS_024,16,10,18.75,3.0,1,1
11.0,7.0,1.0,0.0,0.0,3.0,72.73,27.27,9.09,100.0,3.0,-50.0,SYNTH_STU_01725,SYNTH_CRS_025,18,11,27.78,0.0,1,1
9.0,4.0,3.0,1.0,0.0,1.0,88.89,11.11,33.33,0.0,0.0,5.0,SYNTH_STU_01726,SYNTH_CRS_026,15,9,6.67,4.0,1,1
11.0,6.0,3.0,0.0,0.0,2.0,81.82,18.18,27.27,66.67,2.0,-33.33,SYNTH_STU_01734,SYNTH_CRS_034,19,11,52.63,0.0,1,1
11.0,3.0,4.0,2.0,0.0,2.0,81.82,18.18,36.36,0.0,0.0,80.0,SYNTH_STU_01743,SYNTH_CRS_043,18,11,16.67,0.0,1,1
11.0,5.0,4.0,0.0,1.0,1.0,90.91,9.09,36.36,0.0,0.0,20.0,SYNTH_STU_01745,SYNTH_CRS_045,19,11,5.26,4.5,1,1
11.0,7.0,1.0,1.0,2.0,0.0,100.0,0.0,9.09,0.0,0.0,-16.67,SYNTH_STU_01749,SYNTH_CRS_049,19,11,0.0,8.5,0,1
7.0,4.0,1.0,1.0,0.0,1.0,85.71,14.29,14.29,33.33,1.0,-50.0,SYNTH_STU_01753,SYNTH_CRS_003,12,7,50.0,0.0,1,1
11.0,7.0,0.0,0.0,0.0,4.0,63.64,36.36,0.0,100.0,3.0,-66.67,SYNTH_STU_01754,SYNTH_CRS_004,19,11,31.58,0.0,1,1
12.0,2.0,6.0,3.0,0.0,1.0,91.67,8.33,50.0,0.0,0.0,-33.33,SYNTH_STU_01760,SYNTH_CRS_010,20,12,10.0,0.0,1,1
10.0,6.0,1.0,1.0,0.0,2.0,80.0,20.0,10.0,66.67,2.0,-20.0,SYNTH_STU_01763,SYNTH_CRS_013,17,10,52.94,0.0,1,1
8.0,4.0,2.0,0.0,0.0,2.0,75.0,25.0,25.0,33.33,1.0,0.0,SYNTH_STU_01768,SYNTH_CRS_018,14,8,21.43,1.0,1,1
10.0,4.0,4.0,2.0,0.0,0.0,100.0,0.0,40.0,0.0,0.0,40.0,SYNTH_STU_01772,SYNTH_CRS_022,16,10,0.0,5.0,1,1
10.0,4.0,4.0,1.0,0.0,1.0,90.0,10.0,40.0,0.0,0.0,0.0,SYNTH_STU_01773,SYNTH_CRS_023,17,10,5.88,3.5,1,1
12.0,10.0,0.0,0.0,0.0,2.0,83.33,16.67,0.0,33.33,1.0,-33.33,SYNTH_STU_01774,SYNTH_CRS_024,20,12,20.0,1.5,1,1
9.0,7.0,1.0,1.0,0.0,0.0,100.0,0.0,11.11,0.0,0.0,-20.0,SYNTH_STU_01776,SYNTH_CRS_026,15,9,0.0,8.5,0,1
8.0,4.0,1.0,1.0,0.0,2.0,75.0,25.0,12.5,0.0,0.0,25.0,SYNTH_STU_01781,SYNTH_CRS_031,13,8,30.77,0.5,1,1
11.0,7.0,1.0,0.0,1.0,2.0,81.82,18.18,9.09,33.33,0.0,3.33,SYNTH_STU_01794,SYNTH_CRS_044,19,11,31.58,0.0,1,1
7.0,4.0,0.0,0.0,1.0,2.0,71.43,28.57,0.0,66.67,0.0,-50.0,SYNTH_STU_01801,SYNTH_CRS_001,12,7,58.33,0.0,1,1
11.0,8.0,1.0,0.0,0.0,2.0,81.82,18.18,9.09,66.67,1.0,-33.33,SYNTH_STU_01804,SYNTH_CRS_004,18,11,33.33,0.0,1,1
8.0,6.0,0.0,0.0,1.0,1.0,87.5,12.5,0.0,33.33,1.0,-25.0,SYNTH_STU_01808,SYNTH_CRS_008,14,8,7.14,7.5,0,1
12.0,8.0,1.0,0.0,0.0,3.0,75.0,25.0,8.33,33.33,0.0,-16.67,SYNTH_STU_01810,SYNTH_CRS_010,20,12,35.0,0.0,1,1
10.0,7.0,0.0,0.0,1.0,2.0,80.0,20.0,0.0,66.67,1.0,-40.0,SYNTH_STU_01817,SYNTH_CRS_017,17,10,29.41,0.0,1,1
7.0,3.0,2.0,1.0,1.0,0.0,100.0,0.0,28.57,0.0,0.0,33.33,SYNTH_STU_01819,SYNTH_CRS_019,12,7,8.33,5.0,1,1
12.0,4.0,5.0,2.0,0.0,1.0,91.67,8.33,41.67,0.0,0.0,50.0,SYNTH_STU_01825,SYNTH_CRS_025,20,12,10.0,0.5,1,1
10.0,6.0,0.0,1.0,0.0,3.0,70.0,30.0,0.0,33.33,1.0,0.0,SYNTH_STU_01827,SYNTH_CRS_027,16,10,18.75,2.5,1,1
9.0,5.0,1.0,1.0,1.0,1.0,88.89,11.11,11.11,33.33,0.0,5.0,SYNTH_STU_01830,SYNTH_CRS_030,15,9,46.67,0.0,1,1
10.0,5.0,0.0,0.0,2.0,3.0,70.0,30.0,0.0,66.67,2.0,-20.0,SYNTH_STU_01836,SYNTH_CRS_036,16,10,50.0,0.0,1,1
11.0,7.0,0.0,0.0,2.0,2.0,81.82,18.18,0.0,33.33,0.0,-33.33,SYNTH_STU_01839,SYNTH_CRS_039,19,11,52.63,0.0,1,1
11.0,5.0,1.0,1.0,4.0,0.0,100.0,0.0,9.09,0.0,0.0,-16.67,SYNTH_STU_01843,SYNTH_CRS_043,19,11,5.26,7.0,0,1
10.0,7.0,0.0,1.0,0.0,2.0,80.0,20.0,0.0,33.33,1.0,-20.0,SYNTH_STU_01847,SYNTH_CRS_047,16,10,25.0,1.0,1,1
8.0,5.0,0.0,0.0,0.0,3.0,62.5,37.5,0.0,0.0,0.0,75.0,SYNTH_STU_01850,SYNTH_CRS_050,13,8,46.15,0.0,1,1
7.0,3.0,0.0,1.0,1.0,2.0,71.43,28.57,0.0,66.67,2.0,-16.67,SYNTH_STU_01854,SYNTH_CRS_004,12,7,50.0,0.0,1,1
11.0,3.0,5.0,1.0,0.0,2.0,81.82,18.18,45.45,0.0,0.0,23.33,SYNTH_STU_01856,SYNTH_CRS_006,18,11,16.67,0.0,1,1
8.0,3.0,1.0,0.0,3.0,1.0,87.5,12.5,12.5,33.33,0.0,-25.0,SYNTH_STU_01859,SYNTH_CRS_009,13,8,7.69,7.5,0,1
11.0,7.0,1.0,0.0,0.0,3.0,72.73,27.27,9.09,33.33,0.0,-13.33,SYNTH_STU_01860,SYNTH_CRS_010,18,11,27.78,0.0,1,1
10.0,2.0,5.0,1.0,0.0,2.0,80.0,20.0,50.0,0.0,0.0,20.0,SYNTH_STU_01863,SYNTH_CRS_013,16,10,12.5,1.0,1,1
10.0,6.0,2.0,0.0,0.0,2.0,80.0,20.0,20.0,66.67,1.0,-40.0,SYNTH_STU_01876,SYNTH_CRS_026,17,10,23.53,0.0,1,1
12.0,9.0,0.0,0.0,2.0,1.0,91.67,8.33,0.0,0.0,0.0,-16.67,SYNTH_STU_01881,SYNTH_CRS_031,20,12,5.0,8.0,0,1
9.0,8.0,0.0,0.0,0.0,1.0,88.89,11.11,0.0,33.33,0.0,-20.0,SYNTH_STU_01885,SYNTH_CRS_035,15,9,46.67,0.0,1,1
7.0,3.0,1.0,0.0,0.0,3.0,57.14,42.86,14.29,66.67,0.0,-75.0,SYNTH_STU_01888,SYNTH_CRS_038,12,7,33.33,1.0,1,1
9.0,6.0,0.0,0.0,0.0,3.0,66.67,33.33,0.0,33.33,0.0,30.0,SYNTH_STU_01891,SYNTH_CRS_041,15,9,33.33,0.0,1,1
8.0,6.0,0.0,0.0,0.0,2.0,75.0,25.0,0.0,33.33,1.0,-50.0,SYNTH_STU_01898,SYNTH_CRS_048,14,8,57.14,0.0,1,1
9.0,5.0,2.0,0.0,1.0,1.0,88.89,11.11,22.22,0.0,0.0,-20.0,SYNTH_STU_01900,SYNTH_CRS_050,15,9,33.33,0.0,1,1
8.0,5.0,1.0,0.0,1.0,1.0,87.5,12.5,12.5,0.0,0.0,-25.0,SYNTH_STU_01915,SYNTH_CRS_015,14,8,7.14,5.5,1,1
8.0,5.0,0.0,1.0,1.0,1.0,87.5,12.5,0.0,33.33,1.0,-50.0,SYNTH_STU_01919,SYNTH_CRS_019,14,8,50.0,0.0,1,1
12.0,8.0,2.0,0.0,1.0,1.0,91.67,8.33,16.67,33.33,0.0,-16.67,SYNTH_STU_01920,SYNTH_CRS_020,20,12,45.0,0.0,1,1
11.0,5.0,0.0,0.0,6.0,0.0,100.0,0.0,0.0,0.0,0.0,0.0,SYNTH_STU_01924,SYNTH_CRS_024,19,11,0.0,9.5,0,1
11.0,4.0,1.0,4.0,0.0,2.0,81.82,18.18,9.09,0.0,0.0,46.67,SYNTH_STU_01925,SYNTH_CRS_025,19,11,10.53,1.0,1,1
9.0,6.0,1.0,0.0,0.0,2.0,77.78,22.22,11.11,33.33,0.0,-40.0,SYNTH_STU_01926,SYNTH_CRS_026,15,9,13.33,4.5,1,1
11.0,7.0,1.0,0.0,0.0,3.0,72.73,27.27,9.09,66.67,0.0,-50.0,SYNTH_STU_01928,SYNTH_CRS_028,19,11,36.84,0.0,1,1
11.0,5.0,1.0,0.0,0.0,5.0,54.55,45.45,9.09,100.0,3.0,-10.0,SYNTH_STU_01929,SYNTH_CRS_029,19,11,42.11,0.0,1,1
12.0,6.0,3.0,2.0,0.0,1.0,91.67,8.33,25.0,0.0,0.0,16.67,SYNTH_STU_01934,SYNTH_CRS_034,20,12,5.0,3.5,1,1
9.0,6.0,1.0,0.0,1.0,1.0,88.89,11.11,11.11,33.33,0.0,-20.0,SYNTH_STU_01935,SYNTH_CRS_035,15,9,20.0,3.5,1,1
8.0,5.0,2.0,0.0,0.0,1.0,87.5,12.5,25.0,0.0,0.0,25.0,SYNTH_STU_01943,SYNTH_CRS_043,14,8,7.14,7.0,0,1
11.0,8.0,0.0,2.0,0.0,1.0,90.91,9.09,0.0,0.0,0.0,-13.33,SYNTH_STU_01944,SYNTH_CRS_044,19,11,31.58,0.0,1,1
12.0,7.0,2.0,0.0,0.0,3.0,75.0,25.0,16.67,66.67,2.0,-50.0,SYNTH_STU_01947,SYNTH_CRS_047,20,12,55.0,0.0,1,1
12.0,5.0,4.0,1.0,0.0,2.0,83.33,16.67,33.33,33.33,0.0,-16.67,SYNTH_STU_01949,SYNTH_CRS_049,20,12,10.0,2.0,1,1
11.0,7.0,3.0,0.0,0.0,1.0,90.91,9.09,27.27,33.33,1.0,-16.67,SYNTH_STU_01950,SYNTH_CRS_050,18,11,44.44,0.0,1,1
10.0,6.0,0.0,1.0,0.0,3.0,70.0,30.0,0.0,66.67,2.0,-80.0,SYNTH_STU_01955,SYNTH_CRS_005,17,10,52.94,0.0,1,1
12.0,6.0,2.0,0.0,0.0,4.0,66.67,33.33,16.67,66.67,1.0,-66.67,SYNTH_STU_01960,SYNTH_CRS_010,20,12,45.0,0.0,1,1
11.0,6.0,1.0,0.0,0.0,4.0,63.64,36.36,9.09,66.67,2.0,-30.0,SYNTH_STU_01962,SYNTH_CRS_012,18,11,61.11,0.0,1,1
12.0,10.0,1.0,0.0,0.0,1.0,91.67,8.33,8.33,0.0,0.0,-16.67,SYNTH_STU_01965,SYNTH_CRS_015,20,12,5.0,7.0,0,1
12.0,10.0,0.0,1.0,0.0,1.0,91.67,8.33,0.0,0.0,0.0,33.33,SYNTH_STU_01966,SYNTH_CRS_016,20,12,20.0,1.5,1,1
8.0,5.0,0.0,0.0,1.0,2.0,75.0,25.0,0.0,66.67,1.0,-50.0,SYNTH_STU_01969,SYNTH_CRS_019,13,8,46.15,0.0,1,1
10.0,7.0,1.0,0.0,2.0,0.0,100.0,0.0,10.0,0.0,0.0,0.0,SYNTH_STU_01971,SYNTH_CRS_021,17,10,5.88,7.5,0,1
9.0,6.0,1.0,0.0,0.0,2.0,77.78,22.22,11.11,66.67,0.0,-40.0,SYNTH_STU_01974,SYNTH_CRS_024,15,9,26.67,1.0,1,1
10.0,7.0,0.0,0.0,1.0,2.0,80.0,20.0,0.0,33.33,0.0,0.0,SYNTH_STU_01980,SYNTH_CRS_030,16,10,18.75,4.0,1,1
10.0,4.0,2.0,1.0,0.0,3.0,70.0,30.0,20.0,0.0,0.0,40.0,SYNTH_STU_01982,SYNTH_CRS_032,17,10,23.53,0.0,1,1
7.0,5.0,0.0,1.0,0.0,1.0,85.71,14.29,0.0,33.33,1.0,-50.0,SYNTH_STU_01997,SYNTH_CRS_047,12,7,16.67,5.0,1,1
7.0,4.0,0.0,1.0,0.0,2.0,71.43,28.57,0.0,66.67,2.0,-16.67,SYNTH_STU_02000,SYNTH_CRS_050,12,7,33.33,1.0,1,1
11.0,5.0,2.0,1.0,0.0,3.0,72.73,27.27,18.18,66.67,2.0,6.67,SYNTH_STU_02007,SYNTH_CRS_007,19,11,57.89,0.0,1,1
11.0,6.0,2.0,0.0,0.0,3.0,72.73,27.27,18.18,66.67,2.0,-50.0,SYNTH_STU_02008,SYNTH_CRS_008,19,11,57.89,0.0,1,1
10.0,7.0,0.0,1.0,0.0,2.0,80.0,20.0,0.0,33.33,0.0,20.0,SYNTH_STU_02010,SYNTH_CRS_010,16,10,37.5,0.0,1,1
10.0,7.0,0.0,2.0,1.0,0.0,100.0,0.0,0.0,0.0,0.0,0.0,SYNTH_STU_02016,SYNTH_CRS_016,17,10,0.0,9.0,0,1
8.0,3.0,1.0,0.0,0.0,4.0,50.0,50.0,12.5,100.0,4.0,-100.0,SYNTH_STU_02017,SYNTH_CRS_017,14,8,42.86,0.0,1,1
9.0,5.0,1.0,0.0,1.0,2.0,77.78,22.22,11.11,33.33,0.0,-40.0,SYNTH_STU_02020,SYNTH_CRS_020,15,9,26.67,0.5,1,1
10.0,4.0,1.0,0.0,2.0,3.0,70.0,30.0,10.0,33.33,1.0,20.0,SYNTH_STU_02021,SYNTH_CRS_021,16,10,37.5,0.0,1,1
7.0,5.0,1.0,1.0,0.0,0.0,100.0,0.0,14.29,0.0,0.0,33.33,SYNTH_STU_02022,SYNTH_CRS_022,12,7,8.33,6.5,1,1
11.0,8.0,0.0,0.0,0.0,3.0,72.73,27.27,0.0,66.67,2.0,-13.33,SYNTH_STU_02023,SYNTH_CRS_023,19,11,47.37,0.0,1,1
7.0,3.0,0.0,1.0,1.0,2.0,71.43,28.57,0.0,0.0,0.0,-16.67,SYNTH_STU_02025,SYNTH_CRS_025,12,7,33.33,1.0,1,1
12.0,6.0,2.0,1.0,0.0,3.0,75.0,25.0,16.67,33.33,0.0,33.33,SYNTH_STU_02026,SYNTH_CRS_026,20,12,15.0,1.0,1,1
12.0,3.0,5.0,2.0,1.0,1.0,91.67,8.33,41.67,0.0,0.0,-16.67,SYNTH_STU_02033,SYNTH_CRS_033,20,12,5.0,2.5,1,1
9.0,6.0,0.0,0.0,1.0,2.0,77.78,22.22,0.0,33.33,1.0,-40.0,SYNTH_STU_02035,SYNTH_CRS_035,15,9,26.67,2.0,1,1
9.0,5.0,0.0,0.0,2.0,2.0,77.78,22.22,0.0,66.67,1.0,-40.0,SYNTH_STU_02038,SYNTH_CRS_038,15,9,33.33,0.0,1,1
8.0,5.0,0.0,0.0,2.0,1.0,87.5,12.5,0.0,33.33,1.0,-25.0,SYNTH_STU_02041,SYNTH_CRS_041,14,8,42.86,0.0,1,1
7.0,3.0,1.0,1.0,0.0,2.0,71.43,28.57,14.29,33.33,1.0,-16.67,SYNTH_STU_02042,SYNTH_CRS_042,12,7,33.33,1.0,1,1
10.0,8.0,0.0,0.0,0.0,2.0,80.0,20.0,0.0,33.33,0.0,-40.0,SYNTH_STU_02044,SYNTH_CRS_044,17,10,35.29,0.0,1,1
8.0,4.0,1.0,1.0,0.0,2.0,75.0,25.0,12.5,33.33,0.0,25.0,SYNTH_STU_02046,SYNTH_CRS_046,14,8,21.43,3.0,1,1
10.0,5.0,1.0,0.0,3.0,1.0,90.0,10.0,10.0,33.33,1.0,-20.0,SYNTH_STU_02052,SYNTH_CRS_002,17,10,47.06,0.0,1,1
12.0,5.0,6.0,0.0,0.0,1.0,91.67,8.33,50.0,0.0,0.0,16.67,SYNTH_STU_02058,SYNTH_CRS_008,20,12,10.0,0.5,1,1
9.0,7.0,0.0,1.0,0.0,1.0,88.89,11.11,0.0,0.0,0.0,-40.0,SYNTH_STU_02060,SYNTH_CRS_010,15,9,40.0,0.0,1,1
7.0,3.0,1.0,0.0,1.0,2.0,71.43,28.57,14.29,66.67,0.0,-50.0,SYNTH_STU_02063,SYNTH_CRS_013,12,7,33.33,1.5,1,1
8.0,4.0,0.0,2.0,0.0,2.0,75.0,25.0,0.0,0.0,0.0,50.0,SYNTH_STU_02066,SYNTH_CRS_016,13,8,30.77,0.0,1,1
10.0,6.0,1.0,0.0,3.0,0.0,100.0,0.0,10.0,0.0,0.0,0.0,SYNTH_STU_02078,SYNTH_CRS_028,17,10,0.0,9.0,0,1
10.0,7.0,2.0,1.0,0.0,0.0,100.0,0.0,20.0,0.0,0.0,-20.0,SYNTH_STU_02080,SYNTH_CRS_030,17,10,0.0,8.0,0,1
11.0,6.0,1.0,0.0,1.0,3.0,72.73,27.27,9.09,33.33,0.0,-13.33,SYNTH_STU_02081,SYNTH_CRS_031,18,11,33.33,0.0,1,1
11.0,5.0,0.0,1.0,3.0,2.0,81.82,18.18,0.0,33.33,0.0,-13.33,SYNTH_STU_02083,SYNTH_CRS_033,19,11,31.58,0.0,1,1
11.0,6.0,1.0,0.0,0.0,4.0,63.64,36.36,9.09,66.67,0.0,-66.67,SYNTH_STU_02089,SYNTH_CRS_039,18,11,44.44,0.0,1,1
7.0,2.0,4.0,0.0,1.0,0.0,100.0,0.0,57.14,0.0,0.0,0.0,SYNTH_STU_02099,SYNTH_CRS_049,12,7,0.0,6.0,1,1
8.0,5.0,1.0,0.0,0.0,2.0,75.0,25.0,12.5,0.0,0.0,50.0,SYNTH_STU_02100,SYNTH_CRS_050,14,8,42.86,0.0,1,1
8.0,5.0,1.0,1.0,0.0,1.0,87.5,12.5,12.5,33.33,0.0,-50.0,SYNTH_STU_02104,SYNTH_CRS_004,13,8,7.69,6.0,1,1
11.0,7.0,1.0,1.0,0.0,2.0,81.82,18.18,9.09,66.67,2.0,-13.33,SYNTH_STU_02107,SYNTH_CRS_007,19,11,52.63,0.0,1,1
8.0,4.0,2.0,0.0,0.0,2.0,75.0,25.0,25.0,33.33,1.0,-50.0,SYNTH_STU_02108,SYNTH_CRS_008,13,8,53.85,0.0,1,1
12.0,8.0,0.0,1.0,0.0,3.0,75.0,25.0,0.0,66.67,2.0,-33.33,SYNTH_STU_02110,SYNTH_CRS_010,20,12,35.0,0.0,1,1
11.0,9.0,0.0,0.0,0.0,2.0,81.82,18.18,0.0,33.33,1.0,3.33,SYNTH_STU_02113,SYNTH_CRS_013,19,11,36.84,0.0,1,1
12.0,8.0,0.0,0.0,0.0,4.0,66.67,33.33,0.0,66.67,1.0,-33.33,SYNTH_STU_02119,SYNTH_CRS_019,20,12,45.0,0.0,1,1
12.0,8.0,2.0,0.0,2.0,0.0,100.0,0.0,16.67,0.0,0.0,0.0,SYNTH_STU_02122,SYNTH_CRS_022,20,12,0.0,8.5,0,1
10.0,6.0,2.0,0.0,0.0,2.0,80.0,20.0,20.0,33.33,0.0,0.0,SYNTH_STU_02123,SYNTH_CRS_023,17,10,29.41,0.0,1,1
11.0,7.0,1.0,1.0,0.0,2.0,81.82,18.18,9.09,66.67,2.0,-50.0,SYNTH_STU_02126,SYNTH_CRS_026,19,11,52.63,0.0,1,1
9.0,5.0,0.0,0.0,1.0,3.0,66.67,33.33,0.0,66.67,1.0,-60.0,SYNTH_STU_02129,SYNTH_CRS_029,15,9,40.0,0.0,1,1
7.0,3.0,3.0,1.0,0.0,0.0,100.0,0.0,42.86,0.0,0.0,-25.0,SYNTH_STU_02132,SYNTH_CRS_032,12,7,0.0,6.0,1,1
11.0,4.0,3.0,0.0,1.0,3.0,72.73,27.27,27.27,0.0,0.0,-13.33,SYNTH_STU_02138,SYNTH_CRS_038,19,11,42.11,0.0,1,1
12.0,5.0,4.0,3.0,0.0,0.0,100.0,0.0,33.33,0.0,0.0,16.67,SYNTH_STU_02143,SYNTH_CRS_043,20,12,5.0,2.5,1,1
8.0,4.0,1.0,0.0,1.0,2.0,75.0,25.0,12.5,33.33,0.0,0.0,SYNTH_STU_02146,SYNTH_CRS_046,13,8,53.85,0.0,1,1
10.0,3.0,3.0,1.0,3.0,0.0,100.0,0.0,30.0,0.0,0.0,-20.0,SYNTH_STU_02148,SYNTH_CRS_048,16,10,0.0,8.0,0,1
11.0,6.0,0.0,1.0,0.0,4.0,63.64,36.36,0.0,66.67,0.0,-46.67,SYNTH_STU_02149,SYNTH_CRS_049,19,11,42.11,0.0,1,1
8.0,4.0,1.0,0.0,1.0,2.0,75.0,25.0,12.5,33.33,1.0,0.0,SYNTH_STU_02154,SYNTH_CRS_004,14,8,50.0,0.0,1,1
11.0,7.0,1.0,0.0,2.0,1.0,90.91,9.09,9.09,0.0,0.0,20.0,SYNTH_STU_02159,SYNTH_CRS_009,19,11,5.26,6.0,1,1
11.0,6.0,2.0,0.0,0.0,3.0,72.73,27.27,18.18,33.33,0.0,23.33,SYNTH_STU_02163,SYNTH_CRS_013,19,11,42.11,0.0,1,1
12.0,9.0,0.0,0.0,0.0,3.0,75.0,25.0,0.0,66.67,0.0,-50.0,SYNTH_STU_02165,SYNTH_CRS_015,20,12,30.0,0.0,1,1
8.0,5.0,0.0,1.0,1.0,1.0,87.5,12.5,0.0,33.33,0.0,0.0,SYNTH_STU_02170,SYNTH_CRS_020,13,8,30.77,1.5,1,1
8.0,5.0,0.0,0.0,0.0,3.0,62.5,37.5,0.0,33.33,0.0,25.0,SYNTH_STU_02172,SYNTH_CRS_022,14,8,42.86,0.0,1,1
8.0,3.0,1.0,0.0,0.0,4.0,50.0,50.0,12.5,66.67,2.0,-50.0,SYNTH_STU_02182,SYNTH_CRS_032,14,8,71.43,0.0,1,1
8.0,4.0,1.0,0.0,0.0,3.0,62.5,37.5,12.5,66.67,2.0,-75.0,SYNTH_STU_02183,SYNTH_CRS_033,14,8,28.57,1.5,1,1
11.0,5.0,0.0,0.0,0.0,6.0,45.45,54.55,0.0,66.67,1.0,-63.33,SYNTH_STU_02184,SYNTH_CRS_034,18,11,38.89,0.0,1,1
9.0,6.0,0.0,0.0,0.0,3.0,66.67,33.33,0.0,66.67,1.0,-15.0,SYNTH_STU_02186,SYNTH_CRS_036,15,9,46.67,0.0,1,1
8.0,6.0,0.0,1.0,1.0,0.0,100.0,0.0,0.0,0.0,0.0,25.0,SYNTH_STU_02188,SYNTH_CRS_038,14,8,0.0,9.5,0,1
9.0,8.0,0.0,0.0,0.0,1.0,88.89,11.11,0.0,33.33,1.0,-20.0,SYNTH_STU_02200,SYNTH_CRS_050,15,9,26.67,2.0,1,1
8.0,2.0,2.0,0.0,2.0,2.0,75.0,25.0,25.0,66.67,2.0,-50.0,SYNTH_STU_02205,SYNTH_CRS_005,13,8,46.15,0.0,1,1
10.0,6.0,1.0,1.0,0.0,2.0,80.0,20.0,10.0,66.67,2.0,-60.0,SYNTH_STU_02213,SYNTH_CRS_013,16,10,37.5,0.0,1,1
11.0,3.0,6.0,1.0,0.0,1.0,90.91,9.09,54.55,0.0,0.0,3.33,SYNTH_STU_02228,SYNTH_CRS_028,18,11,5.56,3.0,1,1
10.0,2.0,3.0,1.0,1.0,3.0,70.0,30.0,30.0,66.67,2.0,-40.0,SYNTH_STU_02237,SYNTH_CRS_037,16,10,37.5,0.0,1,1
11.0,6.0,0.0,0.0,0.0,5.0,54.55,45.45,0.0,66.67,2.0,-46.67,SYNTH_STU_02238,SYNTH_CRS_038,19,11,57.89,0.0,1,1
10.0,5.0,3.0,0.0,1.0,1.0,90.0,10.0,30.0,0.0,0.0,20.0,SYNTH_STU_02240,SYNTH_CRS_040,16,10,6.25,6.0,1,1
10.0,5.0,2.0,2.0,1.0,0.0,100.0,0.0,20.0,0.0,0.0,-40.0,SYNTH_STU_02246,SYNTH_CRS_046,16,10,0.0,7.5,0,1
12.0,11.0,0.0,0.0,0.0,1.0,91.67,8.33,0.0,0.0,0.0,16.67,SYNTH_STU_02247,SYNTH_CRS_047,20,12,35.0,0.0,1,1
10.0,6.0,0.0,1.0,0.0,3.0,70.0,30.0,0.0,0.0,0.0,40.0,SYNTH_STU_02248,SYNTH_CRS_048,17,10,35.29,0.0,1,1
10.0,7.0,1.0,0.0,1.0,1.0,90.0,10.0,10.0,33.33,0.0,-20.0,SYNTH_STU_02250,SYNTH_CRS_050,17,10,23.53,1.5,1,1
12.0,7.0,2.0,0.0,1.0,2.0,83.33,16.67,16.67,33.33,1.0,0.0,SYNTH_STU_02259,SYNTH_CRS_009,20,12,15.0,2.0,1,1
12.0,9.0,0.0,2.0,0.0,1.0,91.67,8.33,0.0,33.33,1.0,-16.67,SYNTH_STU_02260,SYNTH_CRS_010,20,12,15.0,2.0,1,1
7.0,5.0,0.0,0.0,1.0,1.0,85.71,14.29,0.0,33.33,0.0,-25.0,SYNTH_STU_02261,SYNTH_CRS_011,12,7,16.67,5.5,1,1
7.0,4.0,0.0,0.0,1.0,2.0,71.43,28.57,0.0,33.33,0.0,8.33,SYNTH_STU_02269,SYNTH_CRS_019,12,7,33.33,2.0,1,1
11.0,10.0,0.0,0.0,0.0,1.0,90.91,9.09,0.0,33.33,1.0,-16.67,SYNTH_STU_02271,SYNTH_CRS_021,19,11,15.79,2.5,1,1
10.0,2.0,4.0,2.0,0.0,2.0,80.0,20.0,40.0,0.0,0.0,0.0,SYNTH_STU_02272,SYNTH_CRS_022,16,10,12.5,1.5,1,1
7.0,2.0,3.0,0.0,0.0,2.0,71.43,28.57,42.86,33.33,1.0,8.33,SYNTH_STU_02274,SYNTH_CRS_024,12,7,50.0,0.0,1,1
9.0,6.0,1.0,1.0,0.0,1.0,88.89,11.11,11.11,33.33,1.0,5.0,SYNTH_STU_02275,SYNTH_CRS_025,15,9,13.33,5.0,1,1
11.0,5.0,3.0,2.0,1.0,0.0,100.0,0.0,27.27,0.0,0.0,40.0,SYNTH_STU_02278,SYNTH_CRS_028,18,11,5.56,5.0,1,1
11.0,8.0,0.0,0.0,2.0,1.0,90.91,9.09,0.0,0.0,0.0,20.0,SYNTH_STU_02279,SYNTH_CRS_029,18,11,16.67,4.0,1,1
12.0,9.0,0.0,0.0,1.0,2.0,83.33,16.67,0.0,33.33,1.0,-33.33,SYNTH_STU_02280,SYNTH_CRS_030,20,12,25.0,0.0,1,1
11.0,4.0,2.0,1.0,2.0,2.0,81.82,18.18,18.18,33.33,0.0,-13.33,SYNTH_STU_02288,SYNTH_CRS_038,19,11,21.05,0.0,1,1
9.0,6.0,0.0,0.0,0.0,3.0,66.67,33.33,0.0,66.67,0.0,-60.0,SYNTH_STU_02290,SYNTH_CRS_040,15,9,33.33,0.0,1,1
11.0,7.0,1.0,2.0,0.0,1.0,90.91,9.09,9.09,0.0,0.0,-13.33,SYNTH_STU_02291,SYNTH_CRS_041,19,11,26.32,0.0,1,1
12.0,9.0,0.0,1.0,0.0,2.0,83.33,16.67,0.0,66.67,0.0,-50.0,SYNTH_STU_02295,SYNTH_CRS_045,20,12,30.0,0.0,1,1
12.0,6.0,4.0,1.0,0.0,1.0,91.67,8.33,33.33,0.0,0.0,0.0,SYNTH_STU_02297,SYNTH_CRS_047,20,12,5.0,3.0,1,1
10.0,3.0,1.0,0.0,0.0,6.0,40.0,60.0,10.0,100.0,4.0,-40.0,SYNTH_STU_02298,SYNTH_CRS_048,17,10,52.94,0.0,1,1
7.0,5.0,0.0,1.0,1.0,0.0,100.0,0.0,0.0,0.0,0.0,-25.0,SYNTH_STU_02303,SYNTH_CRS_003,12,7,8.33,7.0,0,1
7.0,5.0,1.0,0.0,0.0,1.0,85.71,14.29,14.29,0.0,0.0,33.33,SYNTH_STU_02308,SYNTH_CRS_008,12,7,16.67,5.0,1,1
12.0,6.0,1.0,1.0,0.0,4.0,66.67,33.33,8.33,66.67,2.0,-83.33,SYNTH_STU_02309,SYNTH_CRS_009,20,12,60.0,0.0,1,1
8.0,1.0,4.0,1.0,0.0,2.0,75.0,25.0,50.0,33.33,0.0,-25.0,SYNTH_STU_02310,SYNTH_CRS_010,13,8,23.08,1.0,1,1
9.0,5.0,0.0,1.0,0.0,3.0,66.67,33.33,0.0,66.67,2.0,10.0,SYNTH_STU_02311,SYNTH_CRS_011,15,9,60.0,0.0,1,1
10.0,6.0,0.0,0.0,0.0,4.0,60.0,40.0,0.0,33.33,1.0,-40.0,SYNTH_STU_02313,SYNTH_CRS_013,16,10,37.5,0.0,1,1
10.0,4.0,0.0,0.0,4.0,2.0,80.0,20.0,0.0,0.0,0.0,0.0,SYNTH_STU_02314,SYNTH_CRS_014,17,10,11.76,6.0,1,1
7.0,3.0,4.0,0.0,0.0,0.0,100.0,0.0,57.14,0.0,0.0,0.0,SYNTH_STU_02316,SYNTH_CRS_016,12,7,0.0,8.0,0,1
12.0,10.0,0.0,0.0,0.0,2.0,83.33,16.67,0.0,66.67,0.0,-33.33,SYNTH_STU_02333,SYNTH_CRS_033,20,12,35.0,0.0,1,1
12.0,4.0,5.0,2.0,1.0,0.0,100.0,0.0,41.67,0.0,0.0,-33.33,SYNTH_STU_02335,SYNTH_CRS_035,20,12,0.0,4.0,1,1
10.0,3.0,4.0,3.0,0.0,0.0,100.0,0.0,40.0,0.0,0.0,-20.0,SYNTH_STU_02337,SYNTH_CRS_037,16,10,0.0,4.5,1,1
8.0,2.0,1.0,0.0,0.0,5.0,37.5,62.5,12.5,100.0,5.0,-75.0,SYNTH_STU_02344,SYNTH_CRS_044,14,8,64.29,0.0,1,1
11.0,4.0,4.0,1.0,0.0,2.0,81.82,18.18,36.36,0.0,0.0,-13.33,SYNTH_STU_02350,SYNTH_CRS_050,19,11,10.53,1.5,1,1
10.0,3.0,6.0,0.0,0.0,1.0,90.0,10.0,60.0,33.33,1.0,-20.0,SYNTH_STU_02352,SYNTH_CRS_002,17,10,5.88,3.0,1,1
11.0,7.0,1.0,0.0,0.0,3.0,72.73,27.27,9.09,33.33,0.0,-50.0,SYNTH_STU_02353,SYNTH_CRS_003,18,11,38.89,0.0,1,1
12.0,7.0,1.0,1.0,0.0,3.0,75.0,25.0,8.33,0.0,0.0,0.0,SYNTH_STU_02354,SYNTH_CRS_004,20,12,40.0,0.0,1,1
11.0,5.0,0.0,0.0,2.0,4.0,63.64,36.36,0.0,66.67,2.0,-30.0,SYNTH_STU_02360,SYNTH_CRS_010,19,11,47.37,0.0,1,1
10.0,7.0,1.0,2.0,0.0,0.0,100.0,0.0,10.0,0.0,0.0,0.0,SYNTH_STU_02365,SYNTH_CRS_015,17,10,0.0,8.5,0,1
10.0,5.0,2.0,0.0,2.0,1.0,90.0,10.0,20.0,0.0,0.0,20.0,SYNTH_STU_02369,SYNTH_CRS_019,16,10,12.5,4.0,1,1
11.0,7.0,2.0,0.0,1.0,1.0,90.91,9.09,18.18,0.0,0.0,20.0,SYNTH_STU_02372,SYNTH_CRS_022,19,11,31.58,0.0,1,1
10.0,4.0,3.0,0.0,0.0,3.0,70.0,30.0,30.0,33.33,0.0,-20.0,SYNTH_STU_02373,SYNTH_CRS_023,16,10,25.0,0.0,1,1
12.0,7.0,0.0,1.0,0.0,4.0,66.67,33.33,0.0,66.67,1.0,-16.67,SYNTH_STU_02376,SYNTH_CRS_026,20,12,35.0,0.0,1,1
10.0,6.0,0.0,2.0,0.0,2.0,80.0,20.0,0.0,33.33,0.0,-40.0,SYNTH_STU_02379,SYNTH_CRS_029,16,10,18.75,3.0,1,1
11.0,7.0,2.0,0.0,0.0,2.0,81.82,18.18,18.18,0.0,0.0,3.33,SYNTH_STU_02386,SYNTH_CRS_036,18,11,22.22,1.0,1,1
8.0,5.0,0.0,0.0,2.0,1.0,87.5,12.5,0.0,0.0,0.0,25.0,SYNTH_STU_02394,SYNTH_CRS_044,14,8,35.71,0.0,1,1
10.0,6.0,1.0,0.0,2.0,1.0,90.0,10.0,10.0,0.0,0.0,-20.0,SYNTH_STU_02399,SYNTH_CRS_049,16,10,6.25,7.0,0,1
11.0,8.0,0.0,0.0,0.0,3.0,72.73,27.27,0.0,0.0,0.0,-50.0,SYNTH_STU_02401,SYNTH_CRS_001,18,11,33.33,0.0,1,1
10.0,6.0,1.0,0.0,0.0,3.0,70.0,30.0,10.0,33.33,1.0,-20.0,SYNTH_STU_02416,SYNTH_CRS_016,16,10,31.25,0.0,1,1
10.0,8.0,0.0,1.0,0.0,1.0,90.0,10.0,0.0,33.33,1.0,0.0,SYNTH_STU_02422,SYNTH_CRS_022,16,10,18.75,3.0,1,1
10.0,5.0,2.0,0.0,1.0,2.0,80.0,20.0,20.0,66.67,2.0,-40.0,SYNTH_STU_02426,SYNTH_CRS_026,17,10,41.18,0.0,1,1
11.0,8.0,0.0,1.0,0.0,2.0,81.82,18.18,0.0,0.0,0.0,-50.0,SYNTH_STU_02429,SYNTH_CRS_029,18,11,38.89,0.0,1,1
10.0,5.0,1.0,1.0,1.0,2.0,80.0,20.0,10.0,33.33,1.0,20.0,SYNTH_STU_02432,SYNTH_CRS_032,16,10,43.75,0.0,1,1
9.0,6.0,0.0,0.0,2.0,1.0,88.89,11.11,0.0,33.33,0.0,-20.0,SYNTH_STU_02435,SYNTH_CRS_035,15,9,6.67,8.0,0,1
8.0,4.0,0.0,0.0,2.0,2.0,75.0,25.0,0.0,66.67,1.0,-50.0,SYNTH_STU_02437,SYNTH_CRS_037,13,8,38.46,0.0,1,1
10.0,7.0,1.0,1.0,0.0,1.0,90.0,10.0,10.0,33.33,0.0,-40.0,SYNTH_STU_02443,SYNTH_CRS_043,17,10,11.76,4.0,1,1
10.0,7.0,0.0,0.0,0.0,3.0,70.0,30.0,0.0,66.67,0.0,-20.0,SYNTH_STU_02444,SYNTH_CRS_044,16,10,25.0,2.0,1,1
9.0,4.0,1.0,0.0,0.0,4.0,55.56,44.44,11.11,100.0,3.0,-35.0,SYNTH_STU_02446,SYNTH_CRS_046,15,9,40.0,0.0,1,1
8.0,3.0,2.0,0.0,1.0,2.0,75.0,25.0,25.0,33.33,1.0,0.0,SYNTH_STU_02456,SYNTH_CRS_006,14,8,57.14,0.0,1,1
11.0,8.0,0.0,1.0,1.0,1.0,90.91,9.09,0.0,0.0,0.0,3.33,SYNTH_STU_02458,SYNTH_CRS_008,18,11,22.22,1.0,1,1
7.0,5.0,0.0,0.0,0.0,2.0,71.43,28.57,0.0,66.67,0.0,-50.0,SYNTH_STU_02459,SYNTH_CRS_009,12,7,41.67,0.0,1,1
11.0,6.0,0.0,0.0,1.0,4.0,63.64,36.36,0.0,33.33,0.0,-30.0,SYNTH_STU_02462,SYNTH_CRS_012,18,11,44.44,0.0,1,1
12.0,7.0,3.0,0.0,0.0,2.0,83.33,16.67,25.0,0.0,0.0,-33.33,SYNTH_STU_02465,SYNTH_CRS_015,20,12,30.0,0.0,1,1
12.0,4.0,3.0,1.0,2.0,2.0,83.33,16.67,25.0,0.0,0.0,50.0,SYNTH_STU_02472,SYNTH_CRS_022,20,12,10.0,4.0,1,1
11.0,7.0,0.0,0.0,3.0,1.0,90.91,9.09,0.0,0.0,0.0,-16.67,SYNTH_STU_02482,SYNTH_CRS_032,19,11,5.26,7.5,0,1
8.0,6.0,0.0,0.0,0.0,2.0,75.0,25.0,0.0,33.33,1.0,0.0,SYNTH_STU_02485,SYNTH_CRS_035,13,8,38.46,0.0,1,1
12.0,8.0,0.0,2.0,0.0,2.0,83.33,16.67,0.0,66.67,2.0,-33.33,SYNTH_STU_02489,SYNTH_CRS_039,20,12,40.0,0.0,1,1
8.0,3.0,3.0,1.0,1.0,0.0,100.0,0.0,37.5,0.0,0.0,-25.0,SYNTH_STU_02492,SYNTH_CRS_042,13,8,0.0,6.5,1,1
12.0,9.0,0.0,1.0,0.0,2.0,83.33,16.67,0.0,66.67,1.0,-50.0,SYNTH_STU_02495,SYNTH_CRS_045,20,12,35.0,0.0,1,1
7.0,3.0,1.0,0.0,3.0,0.0,100.0,0.0,14.29,0.0,0.0,0.0,SYNTH_STU_02511,SYNTH_CRS_011,12,7,0.0,8.0,0,1
10.0,7.0,1.0,0.0,0.0,2.0,80.0,20.0,10.0,0.0,0.0,40.0,SYNTH_STU_02513,SYNTH_CRS_013,16,10,31.25,0.0,1,1
8.0,5.0,0.0,0.0,0.0,3.0,62.5,37.5,0.0,66.67,1.0,-25.0,SYNTH_STU_02515,SYNTH_CRS_015,13,8,53.85,0.0,1,1
8.0,4.0,0.0,0.0,1.0,3.0,62.5,37.5,0.0,66.67,0.0,-25.0,SYNTH_STU_02517,SYNTH_CRS_017,14,8,50.0,0.0,1,1
9.0,6.0,0.0,0.0,0.0,3.0,66.67,33.33,0.0,100.0,3.0,-60.0,SYNTH_STU_02520,SYNTH_CRS_020,15,9,60.0,0.0,1,1
11.0,7.0,0.0,0.0,2.0,2.0,81.82,18.18,0.0,66.67,2.0,-33.33,SYNTH_STU_02521,SYNTH_CRS_021,19,11,47.37,0.0,1,1
9.0,6.0,2.0,0.0,0.0,1.0,88.89,11.11,22.22,33.33,0.0,-20.0,SYNTH_STU_02527,SYNTH_CRS_027,15,9,26.67,0.5,1,1
9.0,6.0,0.0,2.0,1.0,0.0,100.0,0.0,0.0,0.0,0.0,50.0,SYNTH_STU_02530,SYNTH_CRS_030,15,9,0.0,8.5,0,1
10.0,6.0,1.0,1.0,0.0,2.0,80.0,20.0,10.0,33.33,0.0,-60.0,SYNTH_STU_02537,SYNTH_CRS_037,17,10,52.94,0.0,1,1
9.0,5.0,1.0,0.0,0.0,3.0,66.67,33.33,11.11,66.67,2.0,-15.0,SYNTH_STU_02543,SYNTH_CRS_043,15,9,60.0,0.0,1,1
12.0,10.0,0.0,0.0,0.0,2.0,83.33,16.67,0.0,33.33,0.0,-33.33,SYNTH_STU_02546,SYNTH_CRS_046,20,12,30.0,0.0,1,1
8.0,2.0,5.0,0.0,1.0,0.0,100.0,0.0,62.5,0.0,0.0,0.0,SYNTH_STU_02547,SYNTH_CRS_047,13,8,0.0,7.0,0,1
10.0,7.0,0.0,1.0,1.0,1.0,90.0,10.0,0.0,33.33,0.0,0.0,SYNTH_STU_02549,SYNTH_CRS_049,17,10,29.41,0.0,1,1
12.0,4.0,6.0,2.0,0.0,0.0,100.0,0.0,50.0,0.0,0.0,0.0,SYNTH_STU_02550,SYNTH_CRS_050,20,12,0.0,4.0,1,1
10.0,4.0,2.0,1.0,0.0,3.0,70.0,30.0,20.0,66.67,2.0,-40.0,SYNTH_STU_02558,SYNTH_CRS_008,17,10,58.82,0.0,1,1
11.0,5.0,0.0,1.0,1.0,4.0,63.64,36.36,0.0,66.67,2.0,-46.67,SYNTH_STU_02561,SYNTH_CRS_011,18,11,38.89,0.0,1,1
11.0,9.0,0.0,1.0,0.0,1.0,90.91,9.09,0.0,0.0,0.0,3.33,SYNTH_STU_02562,SYNTH_CRS_012,19,11,42.11,0.0,1,1
7.0,2.0,4.0,0.0,0.0,1.0,85.71,14.29,57.14,0.0,0.0,-25.0,SYNTH_STU_02566,SYNTH_CRS_016,12,7,16.67,4.0,1,1
9.0,6.0,0.0,1.0,1.0,1.0,88.89,11.11,0.0,0.0,0.0,-40.0,SYNTH_STU_02568,SYNTH_CRS_018,15,9,13.33,5.0,1,1
11.0,6.0,0.0,0.0,1.0,4.0,63.64,36.36,0.0,66.67,2.0,6.67,SYNTH_STU_02571,SYNTH_CRS_021,18,11,55.56,0.0,1,1
9.0,7.0,0.0,0.0,1.0,1.0,88.89,11.11,0.0,33.33,0.0,-20.0,SYNTH_STU_02577,SYNTH_CRS_027,15,9,26.67,2.0,1,1
11.0,9.0,0.0,1.0,1.0,0.0,100.0,0.0,0.0,0.0,0.0,-16.67,SYNTH_STU_02578,SYNTH_CRS_028,19,11,0.0,9.5,0,1
9.0,4.0,1.0,0.0,4.0,0.0,100.0,0.0,11.11,0.0,0.0,0.0,SYNTH_STU_02580,SYNTH_CRS_030,15,9,0.0,9.5,0,1
11.0,6.0,1.0,0.0,0.0,4.0,63.64,36.36,9.09,33.33,1.0,-30.0,SYNTH_STU_02581,SYNTH_CRS_031,19,11,57.89,0.0,1,1
11.0,7.0,2.0,0.0,0.0,2.0,81.82,18.18,18.18,33.33,0.0,3.33,SYNTH_STU_02586,SYNTH_CRS_036,19,11,31.58,0.0,1,1
9.0,5.0,1.0,0.0,1.0,2.0,77.78,22.22,11.11,33.33,1.0,5.0,SYNTH_STU_02590,SYNTH_CRS_040,15,9,40.0,0.0,1,1
8.0,5.0,0.0,0.0,1.0,2.0,75.0,25.0,0.0,33.33,0.0,-50.0,SYNTH_STU_02599,SYNTH_CRS_049,14,8,35.71,0.0,1,1
11.0,7.0,2.0,1.0,0.0,1.0,90.91,9.09,18.18,0.0,0.0,3.33,SYNTH_STU_02600,SYNTH_CRS_050,19,11,10.53,4.0,1,1
9.0,5.0,0.0,0.0,0.0,4.0,55.56,44.44,0.0,66.67,2.0,-35.0,SYNTH_STU_02604,SYNTH_CRS_004,15,9,60.0,0.0,1,1
7.0,2.0,4.0,1.0,0.0,0.0,100.0,0.0,57.14,0.0,0.0,-25.0,SYNTH_STU_02608,SYNTH_CRS_008,12,7,0.0,6.5,1,1
7.0,5.0,0.0,1.0,0.0,1.0,85.71,14.29,0.0,33.33,1.0,8.33,SYNTH_STU_02610,SYNTH_CRS_010,12,7,16.67,4.5,1,1
12.0,5.0,5.0,1.0,0.0,1.0,91.67,8.33,41.67,33.33,1.0,0.0,SYNTH_STU_02613,SYNTH_CRS_013,20,12,10.0,1.0,1,1
11.0,7.0,0.0,1.0,1.0,2.0,81.82,18.18,0.0,33.33,0.0,-13.33,SYNTH_STU_02614,SYNTH_CRS_014,18,11,22.22,1.0,1,1
11.0,8.0,1.0,0.0,0.0,2.0,81.82,18.18,9.09,66.67,0.0,-33.33,SYNTH_STU_02619,SYNTH_CRS_019,19,11,31.58,0.0,1,1
8.0,4.0,0.0,2.0,0.0,2.0,75.0,25.0,0.0,66.67,2.0,-50.0,SYNTH_STU_02620,SYNTH_CRS_020,13,8,53.85,0.0,1,1
12.0,8.0,2.0,1.0,0.0,1.0,91.67,8.33,16.67,33.33,0.0,0.0,SYNTH_STU_02622,SYNTH_CRS_022,20,12,10.0,2.0,1,1
10.0,5.0,1.0,1.0,0.0,3.0,70.0,30.0,10.0,100.0,3.0,-40.0,SYNTH_STU_02625,SYNTH_CRS_025,16,10,56.25,0.0,1,1
11.0,6.0,0.0,0.0,4.0,1.0,90.91,9.09,0.0,0.0,0.0,20.0,SYNTH_STU_02634,SYNTH_CRS_034,18,11,16.67,4.0,1,1
8.0,2.0,2.0,1.0,1.0,2.0,75.0,25.0,25.0,33.33,0.0,25.0,SYNTH_STU_02636,SYNTH_CRS_036,14,8,21.43,1.0,1,1
12.0,6.0,1.0,1.0,4.0,0.0,100.0,0.0,8.33,0.0,0.0,-16.67,SYNTH_STU_02650,SYNTH_CRS_050,20,12,5.0,6.5,1,1
10.0,5.0,0.0,2.0,0.0,3.0,70.0,30.0,0.0,33.33,1.0,-60.0,SYNTH_STU_02658,SYNTH_CRS_008,16,10,43.75,0.0,1,1
10.0,3.0,2.0,3.0,0.0,2.0,80.0,20.0,20.0,0.0,0.0,60.0,SYNTH_STU_02662,SYNTH_CRS_012,16,10,12.5,1.5,1,1
8.0,1.0,2.0,3.0,1.0,1.0,87.5,12.5,25.0,0.0,0.0,0.0,SYNTH_STU_02663,SYNTH_CRS_013,14,8,7.14,4.0,1,1
10.0,6.0,1.0,0.0,0.0,3.0,70.0,30.0,10.0,66.67,0.0,-60.0,SYNTH_STU_02664,SYNTH_CRS_014,17,10,29.41,0.0,1,1
9.0,2.0,4.0,2.0,0.0,1.0,88.89,11.11,44.44,33.33,0.0,-60.0,SYNTH_STU_02671,SYNTH_CRS_021,15,9,13.33,1.5,1,1
11.0,5.0,3.0,2.0,0.0,1.0,90.91,9.09,27.27,0.0,0.0,23.33,SYNTH_STU_02681,SYNTH_CRS_031,19,11,10.53,0.5,1,1
8.0,3.0,0.0,1.0,1.0,3.0,62.5,37.5,0.0,100.0,3.0,-50.0,SYNTH_STU_02699,SYNTH_CRS_049,13,8,61.54,0.0,1,1
11.0,6.0,2.0,1.0,1.0,1.0,90.91,9.09,18.18,0.0,0.0,3.33,SYNTH_STU_02702,SYNTH_CRS_002,19,11,10.53,3.5,1,1
10.0,6.0,2.0,1.0,0.0,1.0,90.0,10.0,20.0,0.0,0.0,40.0,SYNTH_STU_02708,SYNTH_CRS_008,16,10,12.5,3.0,1,1
11.0,8.0,2.0,1.0,0.0,0.0,100.0,0.0,18.18,0.0,0.0,20.0,SYNTH_STU_02712,SYNTH_CRS_012,18,11,0.0,8.0,0,1
10.0,8.0,0.0,0.0,1.0,1.0,90.0,10.0,0.0,0.0,0.0,-20.0,SYNTH_STU_02714,SYNTH_CRS_014,17,10,5.88,7.5,0,1
10.0,7.0,0.0,0.0,0.0,3.0,70.0,30.0,0.0,66.67,1.0,-20.0,SYNTH_STU_02720,SYNTH_CRS_020,17,10,29.41,0.0,1,1
9.0,5.0,0.0,0.0,0.0,4.0,55.56,44.44,0.0,66.67,0.0,-35.0,SYNTH_STU_02736,SYNTH_CRS_036,15,9,40.0,0.0,1,1
9.0,2.0,5.0,2.0,0.0,0.0,100.0,0.0,55.56,0.0,0.0,50.0,SYNTH_STU_02739,SYNTH_CRS_039,15,9,0.0,5.5,1,1
8.0,1.0,5.0,1.0,0.0,1.0,87.5,12.5,62.5,0.0,0.0,0.0,SYNTH_STU_02741,SYNTH_CRS_041,14,8,14.29,1.0,1,1
10.0,4.0,3.0,1.0,0.0,2.0,80.0,20.0,30.0,0.0,0.0,20.0,SYNTH_STU_02743,SYNTH_CRS_043,17,10,17.65,1.0,1,1
9.0,6.0,0.0,0.0,0.0,3.0,66.67,33.33,0.0,33.33,1.0,-15.0,SYNTH_STU_02745,SYNTH_CRS_045,15,9,33.33,0.0,1,1
12.0,8.0,1.0,0.0,2.0,1.0,91.67,8.33,8.33,33.33,1.0,-16.67,SYNTH_STU_02761,SYNTH_CRS_011,20,12,45.0,0.0,1,1
11.0,7.0,1.0,1.0,1.0,1.0,90.91,9.09,9.09,33.33,1.0,-33.33,SYNTH_STU_02770,SYNTH_CRS_020,19,11,5.26,4.0,1,1
11.0,8.0,1.0,2.0,0.0,0.0,100.0,0.0,9.09,0.0,0.0,3.33,SYNTH_STU_02772,SYNTH_CRS_022,19,11,0.0,7.5,0,1
12.0,8.0,0.0,2.0,1.0,1.0,91.67,8.33,0.0,0.0,0.0,16.67,SYNTH_STU_02773,SYNTH_CRS_023,20,12,20.0,1.0,1,1
12.0,8.0,0.0,0.0,1.0,3.0,75.0,25.0,0.0,66.67,2.0,-16.67,SYNTH_STU_02776,SYNTH_CRS_026,20,12,50.0,0.0,1,1
9.0,3.0,3.0,0.0,0.0,3.0,66.67,33.33,33.33,0.0,0.0,30.0,SYNTH_STU_02781,SYNTH_CRS_031,15,9,20.0,2.0,1,1
11.0,6.0,0.0,0.0,1.0,4.0,63.64,36.36,0.0,33.33,0.0,6.67,SYNTH_STU_02783,SYNTH_CRS_033,18,11,44.44,0.0,1,1
8.0,5.0,2.0,0.0,0.0,1.0,87.5,12.5,25.0,33.33,0.0,-25.0,SYNTH_STU_02791,SYNTH_CRS_041,14,8,28.57,0.0,1,1
11.0,2.0,4.0,4.0,0.0,1.0,90.91,9.09,36.36,0.0,0.0,26.67,SYNTH_STU_02794,SYNTH_CRS_044,18,11,16.67,0.0,1,1
10.0,5.0,1.0,1.0,0.0,3.0,70.0,30.0,10.0,33.33,0.0,0.0,SYNTH_STU_02801,SYNTH_CRS_001,17,10,29.41,0.0,1,1
10.0,5.0,3.0,0.0,0.0,2.0,80.0,20.0,30.0,66.67,2.0,-40.0,SYNTH_STU_02804,SYNTH_CRS_004,17,10,47.06,0.0,1,1
11.0,6.0,2.0,1.0,0.0,2.0,81.82,18.18,18.18,66.67,0.0,-13.33,SYNTH_STU_02809,SYNTH_CRS_009,19,11,15.79,2.5,1,1
9.0,5.0,0.0,0.0,1.0,3.0,66.67,33.33,0.0,33.33,0.0,-15.0,SYNTH_STU_02815,SYNTH_CRS_015,15,9,53.33,0.0,1,1
7.0,4.0,0.0,0.0,0.0,3.0,57.14,42.86,0.0,100.0,3.0,-75.0,SYNTH_STU_02818,SYNTH_CRS_018,12,7,66.67,0.0,1,1
8.0,3.0,3.0,1.0,0.0,1.0,87.5,12.5,37.5,33.33,0.0,-50.0,SYNTH_STU_02825,SYNTH_CRS_025,14,8,14.29,2.5,1,1
10.0,7.0,1.0,1.0,0.0,1.0,90.0,10.0,10.0,33.33,1.0,-40.0,SYNTH_STU_02826,SYNTH_CRS_026,17,10,11.76,5.0,1,1
10.0,5.0,2.0,1.0,0.0,2.0,80.0,20.0,20.0,0.0,0.0,60.0,SYNTH_STU_02827,SYNTH_CRS_027,17,10,29.41,0.0,1,1
12.0,4.0,3.0,1.0,2.0,2.0,83.33,16.67,25.0,33.33,0.0,16.67,SYNTH_STU_02833,SYNTH_CRS_033,20,12,10.0,1.5,1,1
12.0,7.0,4.0,0.0,0.0,1.0,91.67,8.33,33.33,33.33,0.0,-16.67,SYNTH_STU_02834,SYNTH_CRS_034,20,12,5.0,3.5,1,1
9.0,6.0,0.0,0.0,0.0,3.0,66.67,33.33,0.0,33.33,0.0,-15.0,SYNTH_STU_02835,SYNTH_CRS_035,15,9,40.0,0.0,1,1
9.0,7.0,0.0,0.0,0.0,2.0,77.78,22.22,0.0,33.33,1.0,-40.0,SYNTH_STU_02838,SYNTH_CRS_038,15,9,20.0,3.5,1,1
12.0,7.0,2.0,0.0,0.0,3.0,75.0,25.0,16.67,66.67,2.0,-16.67,SYNTH_STU_02841,SYNTH_CRS_041,20,12,50.0,0.0,1,1
12.0,9.0,1.0,1.0,1.0,0.0,100.0,0.0,8.33,0.0,0.0,-16.67,SYNTH_STU_02844,SYNTH_CRS_044,20,12,25.0,0.0,1,1
10.0,7.0,2.0,0.0,0.0,1.0,90.0,10.0,20.0,33.33,1.0,-20.0,SYNTH_STU_02846,SYNTH_CRS_046,17,10,17.65,3.0,1,1
9.0,6.0,0.0,0.0,2.0,1.0,88.89,11.11,0.0,0.0,0.0,25.0,SYNTH_STU_02852,SYNTH_CRS_002,15,9,6.67,8.0,0,1
10.0,5.0,0.0,1.0,1.0,3.0,70.0,30.0,0.0,66.67,2.0,-80.0,SYNTH_STU_02854,SYNTH_CRS_004,17,10,47.06,0.0,1,1
12.0,7.0,0.0,0.0,0.0,5.0,58.33,41.67,0.0,0.0,0.0,50.0,SYNTH_STU_02855,SYNTH_CRS_005,20,12,55.0,0.0,1,1
8.0,5.0,1.0,1.0,0.0,1.0,87.5,12.5,12.5,33.33,1.0,-50.0,SYNTH_STU_02858,SYNTH_CRS_008,14,8,28.57,1.0,1,1
12.0,7.0,1.0,0.0,0.0,4.0,66.67,33.33,8.33,33.33,0.0,-33.33,SYNTH_STU_02864,SYNTH_CRS_014,20,12,40.0,0.0,1,1
8.0,5.0,1.0,1.0,0.0,1.0,87.5,12.5,12.5,0.0,0.0,0.0,SYNTH_STU_02866,SYNTH_CRS_016,13,8,30.77,0.5,1,1
10.0,3.0,3.0,3.0,1.0,0.0,100.0,0.0,30.0,0.0,0.0,-60.0,SYNTH_STU_02868,SYNTH_CRS_018,17,10,0.0,4.5,1,1
12.0,8.0,1.0,0.0,0.0,3.0,75.0,25.0,8.33,0.0,0.0,-16.67,SYNTH_STU_02871,SYNTH_CRS_021,20,12,50.0,0.0,1,1
12.0,6.0,0.0,1.0,0.0,5.0,58.33,41.67,0.0,66.67,2.0,-33.33,SYNTH_STU_02874,SYNTH_CRS_024,20,12,45.0,0.0,1,1
11.0,6.0,0.0,0.0,1.0,4.0,63.64,36.36,0.0,66.67,2.0,-30.0,SYNTH_STU_02875,SYNTH_CRS_025,18,11,55.56,0.0,1,1
10.0,3.0,1.0,1.0,5.0,0.0,100.0,0.0,10.0,0.0,0.0,-20.0,SYNTH_STU_02878,SYNTH_CRS_028,17,10,0.0,9.0,0,1
7.0,3.0,2.0,2.0,0.0,0.0,100.0,0.0,28.57,0.0,0.0,8.33,SYNTH_STU_02885,SYNTH_CRS_035,12,7,8.33,5.0,1,1
10.0,7.0,2.0,0.0,0.0,1.0,90.0,10.0,20.0,0.0,0.0,20.0,SYNTH_STU_02894,SYNTH_CRS_044,16,10,25.0,1.0,1,1
9.0,2.0,3.0,4.0,0.0,0.0,100.0,0.0,33.33,0.0,0.0,10.0,SYNTH_STU_02896,SYNTH_CRS_046,15,9,6.67,3.0,1,1
12.0,6.0,2.0,0.0,4.0,0.0,100.0,0.0,16.67,0.0,0.0,0.0,SYNTH_STU_02897,SYNTH_CRS_047,20,12,0.0,8.0,0,1
8.0,3.0,1.0,2.0,0.0,2.0,75.0,25.0,12.5,66.67,2.0,0.0,SYNTH_STU_02902,SYNTH_CRS_002,13,8,53.85,0.0,1,1
8.0,4.0,0.0,1.0,1.0,2.0,75.0,25.0,0.0,66.67,2.0,-75.0,SYNTH_STU_02914,SYNTH_CRS_014,13,8,53.85,0.0,1,1
11.0,7.0,0.0,1.0,3.0,0.0,100.0,0.0,0.0,0.0,0.0,-16.67,SYNTH_STU_02923,SYNTH_CRS_023,18,11,0.0,8.5,0,1
10.0,6.0,0.0,0.0,3.0,1.0,90.0,10.0,0.0,0.0,0.0,-20.0,SYNTH_STU_02924,SYNTH_CRS_024,17,10,11.76,6.0,1,1
7.0,4.0,2.0,1.0,0.0,0.0,100.0,0.0,28.57,0.0,0.0,33.33,SYNTH_STU_02926,SYNTH_CRS_026,12,7,8.33,5.5,1,1
12.0,7.0,0.0,0.0,0.0,5.0,58.33,41.67,0.0,33.33,0.0,-16.67,SYNTH_STU_02930,SYNTH_CRS_030,20,12,45.0,0.0,1,1
11.0,7.0,0.0,0.0,0.0,4.0,63.64,36.36,0.0,0.0,0.0,6.67,SYNTH_STU_02932,SYNTH_CRS_032,19,11,36.84,0.0,1,1
9.0,3.0,2.0,2.0,1.0,1.0,88.89,11.11,22.22,0.0,0.0,30.0,SYNTH_STU_02935,SYNTH_CRS_035,15,9,6.67,4.5,1,1
11.0,2.0,6.0,3.0,0.0,0.0,100.0,0.0,54.55,0.0,0.0,23.33,SYNTH_STU_02937,SYNTH_CRS_037,19,11,5.26,1.0,1,1
12.0,7.0,1.0,1.0,3.0,0.0,100.0,0.0,8.33,0.0,0.0,16.67,SYNTH_STU_02940,SYNTH_CRS_040,20,12,0.0,8.0,0,1
11.0,8.0,0.0,0.0,0.0,3.0,72.73,27.27,0.0,66.67,1.0,-50.0,SYNTH_STU_02959,SYNTH_CRS_009,18,11,44.44,0.0,1,1
9.0,7.0,0.0,0.0,0.0,2.0,77.78,22.22,0.0,33.33,0.0,5.0,SYNTH_STU_02966,SYNTH_CRS_016,15,9,33.33,0.0,1,1
11.0,7.0,3.0,0.0,0.0,1.0,90.91,9.09,27.27,0.0,0.0,20.0,SYNTH_STU_02969,SYNTH_CRS_019,18,11,5.56,6.5,1,1
8.0,6.0,0.0,1.0,0.0,1.0,87.5,12.5,0.0,0.0,0.0,50.0,SYNTH_STU_02977,SYNTH_CRS_027,13,8,7.69,7.5,0,1
10.0,6.0,1.0,0.0,0.0,3.0,70.0,30.0,10.0,33.33,0.0,20.0,SYNTH_STU_02978,SYNTH_CRS_028,17,10,41.18,0.0,1,1
8.0,4.0,1.0,0.0,1.0,2.0,75.0,25.0,12.5,0.0,0.0,0.0,SYNTH_STU_02980,SYNTH_CRS_030,13,8,38.46,0.0,1,1
8.0,5.0,0.0,0.0,0.0,3.0,62.5,37.5,0.0,33.33,1.0,25.0,SYNTH_STU_02982,SYNTH_CRS_032,14,8,57.14,0.0,1,1
11.0,4.0,0.0,0.0,1.0,6.0,45.45,54.55,0.0,66.67,1.0,10.0,SYNTH_STU_02984,SYNTH_CRS_034,18,11,55.56,0.0,1,1
10.0,5.0,3.0,0.0,1.0,1.0,90.0,10.0,30.0,0.0,0.0,-20.0,SYNTH_STU_02994,SYNTH_CRS_044,16,10,6.25,6.0,1,1
9.0,6.0,0.0,1.0,0.0,2.0,77.78,22.22,0.0,33.33,1.0,-15.0,SYNTH_STU_02995,SYNTH_CRS_045,15,9,26.67,1.0,1,1
10.0,3.0,4.0,0.0,0.0,3.0,70.0,30.0,40.0,33.33,1.0,-20.0,SYNTH_STU_03000,SYNTH_CRS_050,17,10,17.65,0.0,1,1
9.0,5.0,1.0,0.0,2.0,1.0,88.89,11.11,11.11,33.33,1.0,-20.0,SYNTH_STU_03009,SYNTH_CRS_009,15,9,6.67,7.5,0,1
8.0,3.0,0.0,1.0,0.0,4.0,50.0,50.0,0.0,66.67,2.0,-25.0,SYNTH_STU_03010,SYNTH_CRS_010,13,8,69.23,0.0,1,1
12.0,7.0,2.0,0.0,0.0,3.0,75.0,25.0,16.67,33.33,0.0,16.67,SYNTH_STU_03015,SYNTH_CRS_015,20,12,50.0,0.0,1,1
12.0,6.0,3.0,0.0,0.0,3.0,75.0,25.0,25.0,66.67,1.0,-50.0,SYNTH_STU_03018,SYNTH_CRS_018,20,12,45.0,0.0,1,1
10.0,5.0,0.0,1.0,4.0,0.0,100.0,0.0,0.0,0.0,0.0,20.0,SYNTH_STU_03024,SYNTH_CRS_024,16,10,0.0,9.0,0,1
11.0,1.0,6.0,3.0,0.0,1.0,90.91,9.09,54.55,0.0,0.0,43.33,SYNTH_STU_03032,SYNTH_CRS_032,18,11,5.56,2.5,1,1
9.0,6.0,0.0,0.0,1.0,2.0,77.78,22.22,0.0,0.0,0.0,5.0,SYNTH_STU_03036,SYNTH_CRS_036,15,9,33.33,0.0,1,1
11.0,8.0,1.0,0.0,1.0,1.0,90.91,9.09,9.09,0.0,0.0,-16.67,SYNTH_STU_03039,SYNTH_CRS_039,18,11,22.22,1.0,1,1
12.0,6.0,3.0,1.0,0.0,2.0,83.33,16.67,25.0,33.33,1.0,16.67,SYNTH_STU_03040,SYNTH_CRS_040,20,12,40.0,0.0,1,1
7.0,3.0,2.0,0.0,0.0,2.0,71.43,28.57,28.57,33.33,1.0,8.33,SYNTH_STU_03041,SYNTH_CRS_041,12,7,58.33,0.0,1,1
7.0,4.0,2.0,0.0,0.0,1.0,85.71,14.29,28.57,33.33,0.0,-25.0,SYNTH_STU_03044,SYNTH_CRS_044,12,7,8.33,6.5,1,1
10.0,3.0,5.0,2.0,0.0,0.0,100.0,0.0,50.0,0.0,0.0,40.0,SYNTH_STU_03045,SYNTH_CRS_045,16,10,6.25,3.5,1,1
10.0,7.0,0.0,0.0,0.0,3.0,70.0,30.0,0.0,100.0,3.0,-60.0,SYNTH_STU_03046,SYNTH_CRS_046,17,10,41.18,0.0,1,1
7.0,1.0,5.0,0.0,1.0,0.0,100.0,0.0,71.43,0.0,0.0,0.0,SYNTH_STU_03047,SYNTH_CRS_047,12,7,0.0,6.5,1,1
12.0,9.0,1.0,1.0,1.0,0.0,100.0,0.0,8.33,0.0,0.0,16.67,SYNTH_STU_03048,SYNTH_CRS_048,20,12,0.0,9.0,0,1
10.0,6.0,0.0,0.0,1.0,3.0,70.0,30.0,0.0,33.33,1.0,-20.0,SYNTH_STU_03056,SYNTH_CRS_006,17,10,41.18,0.0,1,1
7.0,3.0,3.0,0.0,0.0,1.0,85.71,14.29,42.86,33.33,0.0,-25.0,SYNTH_STU_03059,SYNTH_CRS_009,12,7,41.67,0.0,1,1
8.0,3.0,2.0,1.0,0.0,2.0,75.0,25.0,25.0,66.67,2.0,-25.0,SYNTH_STU_03064,SYNTH_CRS_014,13,8,53.85,0.0,1,1
12.0,9.0,1.0,0.0,0.0,2.0,83.33,16.67,8.33,33.33,0.0,0.0,SYNTH_STU_03066,SYNTH_CRS_016,20,12,25.0,0.0,1,1
12.0,7.0,1.0,0.0,1.0,3.0,75.0,25.0,8.33,33.33,1.0,-50.0,SYNTH_STU_03068,SYNTH_CRS_018,20,12,55.0,0.0,1,1
11.0,6.0,3.0,0.0,0.0,2.0,81.82,18.18,27.27,0.0,0.0,3.33,SYNTH_STU_03070,SYNTH_CRS_020,19,11,10.53,3.5,1,1
7.0,4.0,0.0,1.0,1.0,1.0,85.71,14.29,0.0,33.33,0.0,-50.0,SYNTH_STU_03072,SYNTH_CRS_022,12,7,25.0,3.5,1,1
10.0,6.0,1.0,0.0,0.0,3.0,70.0,30.0,10.0,66.67,1.0,-20.0,SYNTH_STU_03079,SYNTH_CRS_029,17,10,23.53,1.5,1,1
8.0,5.0,0.0,1.0,1.0,1.0,87.5,12.5,0.0,0.0,0.0,50.0,SYNTH_STU_03099,SYNTH_CRS_049,13,8,7.69,7.5,0,1
7.0,4.0,1.0,0.0,1.0,1.0,85.71,14.29,14.29,33.33,1.0,-25.0,SYNTH_STU_03100,SYNTH_CRS_050,12,7,8.33,6.0,1,1
8.0,2.0,4.0,2.0,0.0,0.0,100.0,0.0,50.0,0.0,0.0,0.0,SYNTH_STU_03101,SYNTH_CRS_001,13,8,0.0,6.0,1,1
10.0,6.0,1.0,0.0,0.0,3.0,70.0,30.0,10.0,33.33,0.0,-60.0,SYNTH_STU_03107,SYNTH_CRS_007,17,10,29.41,0.0,1,1
12.0,7.0,0.0,0.0,4.0,1.0,91.67,8.33,0.0,0.0,0.0,-16.67,SYNTH_STU_03114,SYNTH_CRS_014,20,12,5.0,8.0,0,1
10.0,2.0,4.0,0.0,0.0,4.0,60.0,40.0,40.0,33.33,0.0,0.0,SYNTH_STU_03118,SYNTH_CRS_018,16,10,25.0,0.0,1,1
10.0,5.0,1.0,0.0,1.0,3.0,70.0,30.0,10.0,33.33,0.0,20.0,SYNTH_STU_03119,SYNTH_CRS_019,17,10,58.82,0.0,1,1
9.0,4.0,0.0,3.0,0.0,2.0,77.78,22.22,0.0,33.33,0.0,35.0,SYNTH_STU_03120,SYNTH_CRS_020,15,9,26.67,0.0,1,1
9.0,5.0,1.0,0.0,1.0,2.0,77.78,22.22,11.11,33.33,0.0,5.0,SYNTH_STU_03125,SYNTH_CRS_025,15,9,53.33,0.0,1,1
11.0,7.0,2.0,0.0,2.0,0.0,100.0,0.0,18.18,0.0,0.0,0.0,SYNTH_STU_03134,SYNTH_CRS_034,18,11,0.0,9.0,0,1
8.0,3.0,2.0,2.0,0.0,1.0,87.5,12.5,25.0,33.33,0.0,-25.0,SYNTH_STU_03135,SYNTH_CRS_035,14,8,7.14,5.0,1,1
7.0,3.0,1.0,1.0,2.0,0.0,100.0,0.0,14.29,0.0,0.0,-25.0,SYNTH_STU_03137,SYNTH_CRS_037,12,7,0.0,9.0,0,1
10.0,3.0,5.0,2.0,0.0,0.0,100.0,0.0,50.0,0.0,0.0,0.0,SYNTH_STU_03139,SYNTH_CRS_039,17,10,0.0,5.0,1,1
10.0,7.0,0.0,0.0,0.0,3.0,70.0,30.0,0.0,33.33,0.0,-20.0,SYNTH_STU_03150,SYNTH_CRS_050,16,10,50.0,0.0,1,1
8.0,2.0,3.0,2.0,0.0,1.0,87.5,12.5,37.5,0.0,0.0,25.0,SYNTH_STU_03151,SYNTH_CRS_001,13,8,7.69,4.5,1,1
12.0,8.0,0.0,0.0,0.0,4.0,66.67,33.33,0.0,66.67,2.0,-33.33,SYNTH_STU_03154,SYNTH_CRS_004,20,12,60.0,0.0,1,1
11.0,3.0,6.0,0.0,0.0,2.0,81.82,18.18,54.55,33.33,0.0,3.33,SYNTH_STU_03156,SYNTH_CRS_006,19,11,21.05,0.0,1,1
8.0,5.0,2.0,1.0,0.0,0.0,100.0,0.0,25.0,0.0,0.0,25.0,SYNTH_STU_03160,SYNTH_CRS_010,13,8,0.0,8.5,0,1
11.0,5.0,5.0,0.0,0.0,1.0,90.91,9.09,45.45,0.0,0.0,20.0,SYNTH_STU_03164,SYNTH_CRS_014,19,11,5.26,3.0,1,1
12.0,3.0,6.0,1.0,0.0,2.0,83.33,16.67,50.0,0.0,0.0,16.67,SYNTH_STU_03165,SYNTH_CRS_015,20,12,15.0,0.0,1,1
10.0,6.0,1.0,1.0,1.0,1.0,90.0,10.0,10.0,0.0,0.0,0.0,SYNTH_STU_03168,SYNTH_CRS_018,17,10,5.88,7.0,0,1
11.0,8.0,0.0,1.0,0.0,2.0,81.82,18.18,0.0,66.67,2.0,-50.0,SYNTH_STU_03185,SYNTH_CRS_035,19,11,26.32,0.0,1,1
9.0,4.0,4.0,1.0,0.0,0.0,100.0,0.0,44.44,0.0,0.0,25.0,SYNTH_STU_03191,SYNTH_CRS_041,15,9,0.0,5.5,1,1
11.0,8.0,0.0,1.0,1.0,1.0,90.91,9.09,0.0,33.33,0.0,3.33,SYNTH_STU_03194,SYNTH_CRS_044,19,11,47.37,0.0,1,1
8.0,4.0,0.0,0.0,0.0,4.0,50.0,50.0,0.0,33.33,0.0,50.0,SYNTH_STU_03199,SYNTH_CRS_049,14,8,35.71,0.0,1,1
9.0,0.0,4.0,5.0,0.0,0.0,100.0,0.0,44.44,0.0,0.0,-10.0,SYNTH_STU_03201,SYNTH_CRS_001,15,9,0.0,4.5,1,1
12.0,8.0,1.0,1.0,0.0,2.0,83.33,16.67,8.33,66.67,0.0,-50.0,SYNTH_STU_03202,SYNTH_CRS_002,20,12,20.0,1.0,1,1
11.0,3.0,5.0,1.0,0.0,2.0,81.82,18.18,45.45,0.0,0.0,60.0,SYNTH_STU_03204,SYNTH_CRS_004,19,11,26.32,0.0,1,1
12.0,8.0,4.0,0.0,0.0,0.0,100.0,0.0,33.33,0.0,0.0,0.0,SYNTH_STU_03206,SYNTH_CRS_006,20,12,0.0,6.5,1,1
9.0,5.0,0.0,1.0,2.0,1.0,88.89,11.11,0.0,0.0,0.0,-40.0,SYNTH_STU_03212,SYNTH_CRS_012,15,9,6.67,7.0,0,1
10.0,8.0,0.0,0.0,0.0,2.0,80.0,20.0,0.0,33.33,0.0,0.0,SYNTH_STU_03213,SYNTH_CRS_013,16,10,31.25,0.0,1,1
10.0,6.0,0.0,1.0,3.0,0.0,100.0,0.0,0.0,0.0,0.0,20.0,SYNTH_STU_03215,SYNTH_CRS_015,16,10,0.0,9.0,0,1
11.0,6.0,3.0,0.0,1.0,1.0,90.91,9.09,27.27,33.33,1.0,-16.67,SYNTH_STU_03216,SYNTH_CRS_016,18,11,44.44,0.0,1,1
10.0,8.0,0.0,1.0,0.0,1.0,90.0,10.0,0.0,0.0,0.0,-40.0,SYNTH_STU_03217,SYNTH_CRS_017,16,10,37.5,0.0,1,1
10.0,6.0,0.0,0.0,0.0,4.0,60.0,40.0,0.0,33.33,0.0,0.0,SYNTH_STU_03219,SYNTH_CRS_019,17,10,35.29,0.0,1,1
11.0,6.0,1.0,0.0,2.0,2.0,81.82,18.18,9.09,33.33,0.0,3.33,SYNTH_STU_03222,SYNTH_CRS_022,18,11,50.0,0.0,1,1
10.0,5.0,1.0,0.0,0.0,4.0,60.0,40.0,10.0,33.33,1.0,40.0,SYNTH_STU_03224,SYNTH_CRS_024,17,10,41.18,0.0,1,1
12.0,7.0,1.0,1.0,0.0,3.0,75.0,25.0,8.33,66.67,1.0,-66.67,SYNTH_STU_03227,SYNTH_CRS_027,20,12,35.0,0.0,1,1
10.0,2.0,4.0,0.0,0.0,4.0,60.0,40.0,40.0,66.67,2.0,0.0,SYNTH_STU_03229,SYNTH_CRS_029,17,10,29.41,0.0,1,1
8.0,4.0,0.0,1.0,2.0,1.0,87.5,12.5,0.0,0.0,0.0,50.0,SYNTH_STU_03233,SYNTH_CRS_033,13,8,7.69,7.5,0,1
10.0,4.0,2.0,3.0,0.0,1.0,90.0,10.0,20.0,0.0,0.0,0.0,SYNTH_STU_03248,SYNTH_CRS_048,16,10,6.25,4.5,1,1
12.0,9.0,0.0,2.0,1.0,0.0,100.0,0.0,0.0,0.0,0.0,-33.33,SYNTH_STU_03250,SYNTH_CRS_050,20,12,20.0,0.0,1,1
8.0,3.0,1.0,1.0,3.0,0.0,100.0,0.0,12.5,0.0,0.0,-25.0,SYNTH_STU_03257,SYNTH_CRS_007,14,8,0.0,9.0,0,1
12.0,6.0,1.0,1.0,2.0,2.0,83.33,16.67,8.33,66.67,1.0,-16.67,SYNTH_STU_03262,SYNTH_CRS_012,20,12,45.0,0.0,1,1
11.0,6.0,3.0,0.0,0.0,2.0,81.82,18.18,27.27,33.33,0.0,-33.33,SYNTH_STU_03272,SYNTH_CRS_022,18,11,11.11,3.0,1,1
10.0,7.0,1.0,2.0,0.0,0.0,100.0,0.0,10.0,0.0,0.0,-40.0,SYNTH_STU_03275,SYNTH_CRS_025,16,10,31.25,0.0,1,1
8.0,5.0,0.0,0.0,1.0,2.0,75.0,25.0,0.0,33.33,0.0,0.0,SYNTH_STU_03278,SYNTH_CRS_028,14,8,28.57,1.5,1,1
11.0,4.0,4.0,2.0,1.0,0.0,100.0,0.0,36.36,0.0,0.0,3.33,SYNTH_STU_03279,SYNTH_CRS_029,19,11,0.0,5.0,1,1
11.0,6.0,1.0,0.0,0.0,4.0,63.64,36.36,9.09,66.67,2.0,-66.67,SYNTH_STU_03281,SYNTH_CRS_031,19,11,42.11,0.0,1,1
10.0,5.0,0.0,1.0,0.0,4.0,60.0,40.0,0.0,33.33,1.0,-60.0,SYNTH_STU_03282,SYNTH_CRS_032,17,10,47.06,0.0,1,1
11.0,6.0,1.0,0.0,2.0,2.0,81.82,18.18,9.09,66.67,2.0,-33.33,SYNTH_STU_03288,SYNTH_CRS_038,18,11,38.89,0.0,1,1
10.0,5.0,1.0,0.0,3.0,1.0,90.0,10.0,10.0,0.0,0.0,20.0,SYNTH_STU_03295,SYNTH_CRS_045,17,10,5.88,7.0,0,1
11.0,9.0,0.0,0.0,0.0,2.0,81.82,18.18,0.0,66.67,0.0,-33.33,SYNTH_STU_03296,SYNTH_CRS_046,18,11,33.33,0.0,1,1
12.0,6.0,0.0,0.0,2.0,4.0,66.67,33.33,0.0,100.0,3.0,-66.67,SYNTH_STU_03303,SYNTH_CRS_003,20,12,40.0,0.0,1,1
11.0,3.0,7.0,0.0,0.0,1.0,90.91,9.09,63.64,0.0,0.0,20.0,SYNTH_STU_03315,SYNTH_CRS_015,19,11,15.79,0.0,1,1
7.0,4.0,0.0,0.0,2.0,1.0,85.71,14.29,0.0,33.33,0.0,-25.0,SYNTH_STU_03321,SYNTH_CRS_021,12,7,8.33,7.5,0,1
12.0,6.0,2.0,1.0,0.0,3.0,75.0,25.0,16.67,33.33,0.0,-33.33,SYNTH_STU_03331,SYNTH_CRS_031,20,12,30.0,0.0,1,1
12.0,9.0,0.0,0.0,0.0,3.0,75.0,25.0,0.0,66.67,1.0,-50.0,SYNTH_STU_03333,SYNTH_CRS_033,20,12,50.0,0.0,1,1
7.0,4.0,0.0,1.0,0.0,2.0,71.43,28.57,0.0,66.67,1.0,-16.67,SYNTH_STU_03335,SYNTH_CRS_035,12,7,33.33,1.5,1,1
11.0,5.0,1.0,1.0,0.0,4.0,63.64,36.36,9.09,66.67,0.0,-46.67,SYNTH_STU_03337,SYNTH_CRS_037,19,11,42.11,0.0,1,1
8.0,3.0,0.0,0.0,5.0,0.0,100.0,0.0,0.0,0.0,0.0,0.0,SYNTH_STU_03343,SYNTH_CRS_043,14,8,0.0,10.0,0,1
9.0,5.0,1.0,1.0,0.0,2.0,77.78,22.22,11.11,33.33,0.0,-60.0,SYNTH_STU_03345,SYNTH_CRS_045,15,9,53.33,0.0,1,1
7.0,3.0,1.0,2.0,0.0,1.0,85.71,14.29,14.29,33.33,0.0,-16.67,SYNTH_STU_03355,SYNTH_CRS_005,12,7,16.67,4.0,1,1
10.0,7.0,1.0,1.0,0.0,1.0,90.0,10.0,10.0,33.33,1.0,0.0,SYNTH_STU_03358,SYNTH_CRS_008,16,10,25.0,0.0,1,1
10.0,6.0,1.0,0.0,2.0,1.0,90.0,10.0,10.0,33.33,1.0,-20.0,SYNTH_STU_03361,SYNTH_CRS_011,17,10,5.88,7.5,0,1
8.0,3.0,4.0,0.0,0.0,1.0,87.5,12.5,50.0,33.33,1.0,-25.0,SYNTH_STU_03368,SYNTH_CRS_018,13,8,15.38,2.5,1,1
10.0,1.0,6.0,1.0,2.0,0.0,100.0,0.0,60.0,0.0,0.0,-20.0,SYNTH_STU_03375,SYNTH_CRS_025,17,10,5.88,1.5,1,1
10.0,6.0,1.0,1.0,1.0,1.0,90.0,10.0,10.0,0.0,0.0,-40.0,SYNTH_STU_03381,SYNTH_CRS_031,17,10,29.41,0.0,1,1
12.0,6.0,3.0,0.0,1.0,2.0,83.33,16.67,25.0,66.67,2.0,-33.33,SYNTH_STU_03385,SYNTH_CRS_035,20,12,50.0,0.0,1,1
11.0,6.0,0.0,0.0,0.0,5.0,54.55,45.45,0.0,66.67,2.0,-10.0,SYNTH_STU_03402,SYNTH_CRS_002,19,11,36.84,0.0,1,1
9.0,2.0,4.0,2.0,0.0,1.0,88.89,11.11,44.44,0.0,0.0,30.0,SYNTH_STU_03408,SYNTH_CRS_008,15,9,20.0,0.0,1,1
7.0,5.0,0.0,0.0,0.0,2.0,71.43,28.57,0.0,33.33,0.0,-50.0,SYNTH_STU_03411,SYNTH_CRS_011,12,7,25.0,3.5,1,1
10.0,3.0,4.0,1.0,1.0,1.0,90.0,10.0,40.0,0.0,0.0,-40.0,SYNTH_STU_03415,SYNTH_CRS_015,17,10,11.76,2.5,1,1
10.0,3.0,5.0,1.0,0.0,1.0,90.0,10.0,50.0,0.0,0.0,40.0,SYNTH_STU_03417,SYNTH_CRS_017,17,10,5.88,2.5,1,1
10.0,6.0,1.0,0.0,1.0,2.0,80.0,20.0,10.0,33.33,1.0,0.0,SYNTH_STU_03432,SYNTH_CRS_032,16,10,43.75,0.0,1,1
9.0,5.0,0.0,0.0,1.0,3.0,66.67,33.33,0.0,66.67,0.0,-15.0,SYNTH_STU_03436,SYNTH_CRS_036,15,9,33.33,0.0,1,1
8.0,4.0,0.0,0.0,2.0,2.0,75.0,25.0,0.0,33.33,0.0,0.0,SYNTH_STU_03439,SYNTH_CRS_039,14,8,14.29,5.5,1,1
11.0,5.0,4.0,1.0,0.0,1.0,90.91,9.09,36.36,0.0,0.0,40.0,SYNTH_STU_03440,SYNTH_CRS_040,18,11,5.56,4.0,1,1
11.0,7.0,0.0,0.0,2.0,2.0,81.82,18.18,0.0,0.0,0.0,40.0,SYNTH_STU_03444,SYNTH_CRS_044,19,11,10.53,6.0,1,1
8.0,3.0,3.0,0.0,1.0,1.0,87.5,12.5,37.5,33.33,0.0,-25.0,SYNTH_STU_03449,SYNTH_CRS_049,14,8,7.14,6.0,1,1
7.0,4.0,0.0,0.0,1.0,2.0,71.43,28.57,0.0,33.33,1.0,8.33,SYNTH_STU_03454,SYNTH_CRS_004,12,7,58.33,0.0,1,1
11.0,6.0,0.0,2.0,1.0,2.0,81.82,18.18,0.0,66.67,2.0,-30.0,SYNTH_STU_03461,SYNTH_CRS_011,18,11,50.0,0.0,1,1
11.0,7.0,1.0,1.0,0.0,2.0,81.82,18.18,9.09,33.33,0.0,23.33,SYNTH_STU_03467,SYNTH_CRS_017,19,11,21.05,0.0,1,1
9.0,5.0,1.0,0.0,0.0,3.0,66.67,33.33,11.11,33.33,0.0,-15.0,SYNTH_STU_03475,SYNTH_CRS_025,15,9,46.67,0.0,1,1
8.0,4.0,1.0,0.0,0.0,3.0,62.5,37.5,12.5,66.67,0.0,-75.0,SYNTH_STU_03476,SYNTH_CRS_026,14,8,50.0,0.0,1,1
8.0,2.0,4.0,1.0,0.0,1.0,87.5,12.5,50.0,0.0,0.0,0.0,SYNTH_STU_03477,SYNTH_CRS_027,13,8,7.69,4.0,1,1
10.0,2.0,5.0,3.0,0.0,0.0,100.0,0.0,50.0,0.0,0.0,-20.0,SYNTH_STU_03478,SYNTH_CRS_028,17,10,0.0,4.5,1,1
8.0,4.0,1.0,1.0,1.0,1.0,87.5,12.5,12.5,0.0,0.0,50.0,SYNTH_STU_03482,SYNTH_CRS_032,13,8,7.69,5.0,1,1
11.0,3.0,4.0,1.0,1.0,2.0,81.82,18.18,36.36,33.33,0.0,-13.33,SYNTH_STU_03485,SYNTH_CRS_035,18,11,16.67,1.0,1,1
8.0,3.0,2.0,1.0,1.0,1.0,87.5,12.5,25.0,33.33,1.0,0.0,SYNTH_STU_03486,SYNTH_CRS_036,14,8,50.0,0.0,1,1
10.0,6.0,0.0,0.0,3.0,1.0,90.0,10.0,0.0,33.33,1.0,-20.0,SYNTH_STU_03491,SYNTH_CRS_041,17,10,5.88,8.0,0,1
10.0,7.0,0.0,2.0,0.0,1.0,90.0,10.0,0.0,33.33,0.0,-60.0,SYNTH_STU_03493,SYNTH_CRS_043,17,10,35.29,0.0,1,1
8.0,2.0,6.0,0.0,0.0,0.0,100.0,0.0,75.0,0.0,0.0,0.0,SYNTH_STU_03496,SYNTH_CRS_046,14,8,7.14,4.5,1,1
12.0,7.0,0.0,0.0,1.0,4.0,66.67,33.33,0.0,66.67,0.0,-66.67,SYNTH_STU_03498,SYNTH_CRS_048,20,12,30.0,0.0,1,1
